client,method,latency(ms)
lookup-client,lookup,7.158167000000049
lookup-client,lookup,0.8858749999944848
lookup-client,lookup,0.5218750000040018
lookup-client,lookup,0.32291700000541823
lookup-client,lookup,0.3492080000455644
lookup-client,lookup,0.5495000000337313
lookup-client,lookup,0.3591249999885804
lookup-client,lookup,0.32908299999689916
lookup-client,lookup,0.6592499999555912
lookup-client,lookup,1.027125000007345
lookup-client,lookup,0.4369160000123884
lookup-client,lookup,0.5242920000227969
lookup-client,lookup,0.42799999999942884
lookup-client,lookup,0.5212089999986347
lookup-client,lookup,0.47758300001987664
lookup-client,lookup,0.35929199998463446
lookup-client,lookup,0.4340419999948608
lookup-client,lookup,0.35612499999615466
lookup-client,lookup,0.8392089999915697
lookup-client,lookup,0.4437080000343485
lookup-client,lookup,0.32362499996452243
lookup-client,lookup,0.33558299998048824
lookup-client,lookup,0.3125000000068212
lookup-client,lookup,0.5840839999677883
lookup-client,lookup,0.45016600000735707
lookup-client,lookup,0.3075409999837575
lookup-client,lookup,0.32925000004979665
lookup-client,lookup,0.2852499999903557
lookup-client,lookup,0.6188750000433174
lookup-client,lookup,0.48008400000298934
lookup-client,lookup,0.3594159999806834
lookup-client,lookup,0.6285840000259668
lookup-client,lookup,0.40733299999828887
lookup-client,lookup,2.0309159999669646
lookup-client,lookup,1.421708000009403
lookup-client,lookup,0.8631250000235013
lookup-client,lookup,0.7059170000047743
lookup-client,lookup,0.8689580000122987
lookup-client,lookup,0.678041000014673
lookup-client,lookup,0.6244589999937489
lookup-client,lookup,1.7744589999892924
lookup-client,lookup,0.8407919999626756
lookup-client,lookup,0.6392079999955058
lookup-client,lookup,1.3543750000053478
lookup-client,lookup,0.485165999975834
lookup-client,lookup,2.115915999979734
lookup-client,lookup,2.8956660000289958
lookup-client,lookup,0.5146670000044651
lookup-client,lookup,0.6047499999795036
lookup-client,lookup,1.0741670000129488
lookup-client,lookup,1.08691700000918
lookup-client,lookup,0.9815409999873737
lookup-client,lookup,0.8087920000434679
lookup-client,lookup,0.7642919999852893
lookup-client,lookup,0.8794580000426322
lookup-client,lookup,2.180833000011262
lookup-client,lookup,1.2511249999533902
lookup-client,lookup,2.229708000015762
lookup-client,lookup,0.9385839999822565
lookup-client,lookup,0.9291670000379781
lookup-client,lookup,1.1206670000092345
lookup-client,lookup,2.79475000002094
lookup-client,lookup,5.1755420000176855
lookup-client,lookup,1.716749999957301
lookup-client,lookup,2.4475840000377502
lookup-client,lookup,1.735666999991281
lookup-client,lookup,0.8862920000183294
lookup-client,lookup,1.1038330000019414
lookup-client,lookup,0.5824579999966772
lookup-client,lookup,0.8981660000131342
lookup-client,lookup,1.4299580000169954
lookup-client,lookup,1.3706670000033228
lookup-client,lookup,0.7324999999696047
lookup-client,lookup,0.87833300000284
lookup-client,lookup,0.6740410000247721
lookup-client,lookup,1.212334000001647
lookup-client,lookup,0.8125840000161588
lookup-client,lookup,1.5490000000113469
lookup-client,lookup,0.5039170000031845
lookup-client,lookup,0.347250000004351
lookup-client,lookup,0.608624999983931
lookup-client,lookup,0.4552499999590509
lookup-client,lookup,5.039208000027884
lookup-client,lookup,0.7690420000017184
lookup-client,lookup,0.7209579999880589
lookup-client,lookup,1.0325420000185659
lookup-client,lookup,1.058250000028238
lookup-client,lookup,1.359665999984827
lookup-client,lookup,4.965540999990026
lookup-client,lookup,1.0167079999519046
lookup-client,lookup,0.45166700004983795
lookup-client,lookup,1.307042000007641
lookup-client,lookup,0.8857909999733238
lookup-client,lookup,1.8239999999991596
lookup-client,lookup,1.2873339999828204
lookup-client,lookup,1.6653340000516437
lookup-client,lookup,0.9095000000343134
lookup-client,lookup,1.0553330000107053
lookup-client,lookup,1.6157079999743473
lookup-client,lookup,1.549334000003455
lookup-client,lookup,0.782417000039004
lookup-client,lookup,1.551833999997143
lookup-client,lookup,0.9064999999850443
lookup-client,lookup,1.8415420000224003
lookup-client,lookup,1.1588750000441905
lookup-client,lookup,1.0342499999751453
lookup-client,lookup,1.7662079999922753
lookup-client,lookup,1.1697919999846818
lookup-client,lookup,0.9996250000199325
lookup-client,lookup,1.9250420000389568
lookup-client,lookup,1.6377499999862266
lookup-client,lookup,0.5311250000090695
lookup-client,lookup,1.1050829999703637
lookup-client,lookup,0.7268749999980173
lookup-client,lookup,0.8863749999932224
lookup-client,lookup,1.3360419999912665
lookup-client,lookup,0.9900000000016007
lookup-client,lookup,0.8902499999976499
lookup-client,lookup,0.8540829999788002
lookup-client,lookup,0.9549160000119628
lookup-client,lookup,1.5880830000014612
lookup-client,lookup,1.056249999976444
lookup-client,lookup,0.8922090000282878
lookup-client,lookup,0.5934580000257483
lookup-client,lookup,0.8615829999598645
lookup-client,lookup,1.0596250000389773
lookup-client,lookup,1.4291249999587308
lookup-client,lookup,0.7540420000395898
lookup-client,lookup,0.8947080000325514
lookup-client,lookup,0.6616659999849617
lookup-client,lookup,0.8314579999932903
lookup-client,lookup,1.7156669999849328
lookup-client,lookup,0.9277089999955024
lookup-client,lookup,1.2515419999772348
lookup-client,lookup,1.0301249999997708
lookup-client,lookup,0.9237499999699139
lookup-client,lookup,1.3828329999796551
lookup-client,lookup,1.1037919999807855
lookup-client,lookup,1.2278749999836691
lookup-client,lookup,1.6412080000236529
lookup-client,lookup,1.4519999999720312
lookup-client,lookup,1.1008339999989403
lookup-client,lookup,0.8042079999768248
lookup-client,lookup,1.5644589999510572
lookup-client,lookup,0.5594579999979032
lookup-client,lookup,1.1808749999886459
lookup-client,lookup,1.3974170000210506
lookup-client,lookup,0.962125000000924
lookup-client,lookup,0.9225000000014916
lookup-client,lookup,0.6027089999633972
lookup-client,lookup,1.5442909999592302
lookup-client,lookup,1.0663749999935135
lookup-client,lookup,0.8896670000240192
lookup-client,lookup,0.9606660000258671
lookup-client,lookup,0.9959999999864522
lookup-client,lookup,1.4909999999872525
lookup-client,lookup,0.7552920000080121
lookup-client,lookup,0.8236669999632795
lookup-client,lookup,1.1197919999972328
lookup-client,lookup,2.1074160000011943
lookup-client,lookup,0.9512909999784824
lookup-client,lookup,1.364040999987992
lookup-client,lookup,0.9625000000141881
lookup-client,lookup,2.960792000010315
lookup-client,lookup,1.551582999979928
lookup-client,lookup,1.118749999989177
lookup-client,lookup,1.2449999999830652
lookup-client,lookup,0.6934999999543834
lookup-client,lookup,1.4063329999771668
lookup-client,lookup,1.2469170000031227
lookup-client,lookup,1.4299169999958394
lookup-client,lookup,2.23700000003646
lookup-client,lookup,0.7693329999938214
lookup-client,lookup,1.0800000000017462
lookup-client,lookup,0.6779999999935171
lookup-client,lookup,1.198375000001306
lookup-client,lookup,0.968292000038673
lookup-client,lookup,0.9343750000425644
lookup-client,lookup,0.8789999999976317
lookup-client,lookup,0.7789169999909973
lookup-client,lookup,0.8152080000058959
lookup-client,lookup,2.6504580000050737
lookup-client,lookup,1.1242079999647103
lookup-client,lookup,1.675041999988025
lookup-client,lookup,1.6755419999867627
lookup-client,lookup,0.8807499999647916
lookup-client,lookup,0.6900840000412245
lookup-client,lookup,1.0611249999783468
lookup-client,lookup,3.032832999963375
lookup-client,lookup,0.7024579999779235
lookup-client,lookup,0.9027909999872463
lookup-client,lookup,0.8937090000245007
lookup-client,lookup,2.9827089999798773
lookup-client,lookup,1.0766249999960564
lookup-client,lookup,1.1838749999810716
lookup-client,lookup,0.9181249999983265
lookup-client,lookup,0.7376249999992979
lookup-client,lookup,0.9992500000066684
lookup-client,lookup,1.559708000002047
lookup-client,lookup,0.8917080000401256
lookup-client,lookup,0.9737500000142063
lookup-client,lookup,1.489583000022776
lookup-client,lookup,2.1597500000325454
lookup-client,lookup,1.2502080000444948
lookup-client,lookup,1.3815829999543894
lookup-client,lookup,1.2018339999713135
lookup-client,lookup,1.533083000026636
lookup-client,lookup,0.9331660000384545
lookup-client,lookup,1.2119159999883777
lookup-client,lookup,0.928582999961236
lookup-client,lookup,0.6382920000191916
lookup-client,lookup,1.3611250000167274
lookup-client,lookup,1.114541999982066
lookup-client,lookup,1.06504100000393
lookup-client,lookup,0.6654169999933401
lookup-client,lookup,0.8494159999941076
lookup-client,lookup,1.4269589999571508
lookup-client,lookup,0.7876660000079028
lookup-client,lookup,1.3687500000401087
lookup-client,lookup,1.044999999976426
lookup-client,lookup,0.7465410000122574
lookup-client,lookup,0.9221660000093834
lookup-client,lookup,1.1353749999898355
lookup-client,lookup,2.014583000004677
lookup-client,lookup,0.8518330000129026
lookup-client,lookup,1.2237919999620317
lookup-client,lookup,1.2540420000277663
lookup-client,lookup,3.3874580000201604
lookup-client,lookup,1.80849999998145
lookup-client,lookup,1.0903749999897627
lookup-client,lookup,0.9252090000018143
lookup-client,lookup,2.1466669999767873
lookup-client,lookup,1.5130410000097072
lookup-client,lookup,0.988749999976335
lookup-client,lookup,1.2687910000295233
lookup-client,lookup,1.2537500000462387
lookup-client,lookup,1.878291000025456
lookup-client,lookup,0.9387919999994665
lookup-client,lookup,1.318959000002451
lookup-client,lookup,1.9663330000412316
lookup-client,lookup,1.775833000010607
lookup-client,lookup,1.1823750000417022
lookup-client,lookup,1.365167000017209
lookup-client,lookup,2.129040999989229
lookup-client,lookup,1.6025420000005397
lookup-client,lookup,1.8356659999767544
lookup-client,lookup,3.0562919999965743
lookup-client,lookup,3.4621660000198062
lookup-client,lookup,2.4317079999605085
lookup-client,lookup,1.079292000042642
lookup-client,lookup,1.489208000009512
lookup-client,lookup,5.312333999995644
lookup-client,lookup,1.50383300001522
lookup-client,lookup,0.9112500000014734
lookup-client,lookup,2.3040419999915684
lookup-client,lookup,0.9348330000307215
lookup-client,lookup,0.6991249999828142
lookup-client,lookup,0.8786670000517915
lookup-client,lookup,2.3732500000051004
lookup-client,lookup,0.9829169999875376
lookup-client,lookup,0.6475000000136788
lookup-client,lookup,0.5325420000303893
lookup-client,lookup,0.8720420000258855
lookup-client,lookup,0.6597919999649093
lookup-client,lookup,1.1114999999790598
lookup-client,lookup,0.5555419999723199
lookup-client,lookup,0.5467499999554093
lookup-client,lookup,1.369917000033638
lookup-client,lookup,0.472374999958447
lookup-client,lookup,0.7963749999930769
lookup-client,lookup,0.845291000018733
lookup-client,lookup,1.3287080000168316
lookup-client,lookup,0.8745420000195736
lookup-client,lookup,1.1553749999961838
lookup-client,lookup,0.9282909999797084
lookup-client,lookup,0.8616249999704451
lookup-client,lookup,1.3206250000052933
lookup-client,lookup,1.0544579999987036
lookup-client,lookup,1.049875000035172
lookup-client,lookup,1.192124999988664
lookup-client,lookup,0.9058750000008331
lookup-client,lookup,0.8696250000070904
lookup-client,lookup,1.0352920000400445
lookup-client,lookup,0.8470829999964735
lookup-client,lookup,0.6291669999995975
lookup-client,lookup,1.3793749999990723
lookup-client,lookup,1.1868749999734973
lookup-client,lookup,1.1473749999595384
lookup-client,lookup,0.665000000026339
lookup-client,lookup,1.6800419999754013
lookup-client,lookup,1.0422499999549473
lookup-client,lookup,0.8817909999834228
lookup-client,lookup,1.517583999998351
lookup-client,lookup,2.6776249999898027
lookup-client,lookup,2.224791000003279
lookup-client,lookup,4.920958000013798
lookup-client,lookup,2.52637500000219
lookup-client,lookup,1.0051659999703588
lookup-client,lookup,1.9897909999713193
lookup-client,lookup,2.8754169999842816
lookup-client,lookup,1.02275000000418
lookup-client,lookup,1.2554580000028182
lookup-client,lookup,1.2859590000289245
lookup-client,lookup,0.560500000005959
lookup-client,lookup,1.258624999991298
lookup-client,lookup,1.0412089999931595
lookup-client,lookup,0.7240840000122262
lookup-client,lookup,0.8030420000295635
lookup-client,lookup,1.432500000021264
lookup-client,lookup,1.0045839999861528
lookup-client,lookup,0.9074580000287824
lookup-client,lookup,1.5369999999848005
lookup-client,lookup,1.1068749999481042
lookup-client,lookup,1.2034169999992628
lookup-client,lookup,0.9929590000297139
lookup-client,lookup,2.6827909999838084
lookup-client,lookup,2.7005830000348396
lookup-client,lookup,2.3464170000124795
lookup-client,lookup,0.7349169999883998
lookup-client,lookup,3.7995829999886155
lookup-client,lookup,110.17370800004755
lookup-client,lookup,2.230166000003919
lookup-client,lookup,1.639541000031386
lookup-client,lookup,1.2012910000294141
lookup-client,lookup,1.5529159999800868
lookup-client,lookup,1.170915999978206
lookup-client,lookup,1.6842090000181997
lookup-client,lookup,1.8182079999746747
lookup-client,lookup,1.3850839999918207
lookup-client,lookup,1.7302499999800602
lookup-client,lookup,0.6652079999867055
lookup-client,lookup,0.7124580000095193
lookup-client,lookup,1.1793329999818525
lookup-client,lookup,1.0383329999967827
lookup-client,lookup,1.1736659999996846
lookup-client,lookup,1.6004999999950087
lookup-client,lookup,1.0625000000459295
lookup-client,lookup,1.1392920000048434
lookup-client,lookup,2.3544999999671745
lookup-client,lookup,1.0525000000143336
lookup-client,lookup,1.1884159999908661
lookup-client,lookup,1.5028340000071694
lookup-client,lookup,0.7993750000423461
lookup-client,lookup,1.072083999986262
lookup-client,lookup,1.03270900001462
lookup-client,lookup,0.6892919999472724
lookup-client,lookup,1.0847080000075948
lookup-client,lookup,3.0612910000513693
lookup-client,lookup,0.7140409999806252
lookup-client,lookup,1.1178749999771753
lookup-client,lookup,1.229749999993146
lookup-client,lookup,1.5312500000277396
lookup-client,lookup,1.1422910000078446
lookup-client,lookup,0.767124999981661
lookup-client,lookup,1.3893340000095122
lookup-client,lookup,1.6884589999790478
lookup-client,lookup,1.6994579999618509
lookup-client,lookup,1.2684580000268397
lookup-client,lookup,2.0695000000046093
lookup-client,lookup,2.428500000007716
lookup-client,lookup,0.8266670000125487
lookup-client,lookup,0.7660420000092927
lookup-client,lookup,3.039416000035544
lookup-client,lookup,1.0788750000187974
lookup-client,lookup,1.0103330000106325
lookup-client,lookup,0.9777919999578444
lookup-client,lookup,0.8327079999617126
lookup-client,lookup,1.2470000000348591
lookup-client,lookup,1.9817499999703614
lookup-client,lookup,0.7861670000011145
lookup-client,lookup,0.9929589999728705
lookup-client,lookup,0.8685000000241416
lookup-client,lookup,1.0308330000157184
lookup-client,lookup,1.4708340000311182
lookup-client,lookup,1.0166249999770116
lookup-client,lookup,0.9426659999576259
lookup-client,lookup,0.7812919999992118
lookup-client,lookup,2.064292000000023
lookup-client,lookup,1.766583999994964
lookup-client,lookup,2.258292000021811
lookup-client,lookup,1.2155839999650198
lookup-client,lookup,0.9447080000200003
lookup-client,lookup,1.0677079999936723
lookup-client,lookup,1.2378330000046844
lookup-client,lookup,0.8711670000138838
lookup-client,lookup,1.354624999976295
lookup-client,lookup,1.2152920000403356
lookup-client,lookup,0.6733330000088245
lookup-client,lookup,0.8272499999861793
lookup-client,lookup,1.4466250000282344
lookup-client,lookup,0.5720420000443482
lookup-client,lookup,2.455250000025444
lookup-client,lookup,1.474292000011701
lookup-client,lookup,1.5685829999938505
lookup-client,lookup,2.514832999963801
lookup-client,lookup,0.7796659999712574
lookup-client,lookup,1.0149170000204322
lookup-client,lookup,0.8970000000090295
lookup-client,lookup,2.7575419999834594
lookup-client,lookup,0.7317920000105005
lookup-client,lookup,3.0162919999838778
lookup-client,lookup,1.3713750000192704
lookup-client,lookup,1.2878340000384014
lookup-client,lookup,1.3756250000369619
lookup-client,lookup,1.17075000002842
lookup-client,lookup,0.6445839999855707
lookup-client,lookup,0.9268329999940761
lookup-client,lookup,0.8667920000107188
lookup-client,lookup,1.1428329999603193
lookup-client,lookup,3.126542000018162
lookup-client,lookup,1.3013749999686297
lookup-client,lookup,0.6783750000067812
lookup-client,lookup,1.3828749999902357
lookup-client,lookup,1.6985000000317996
lookup-client,lookup,0.9570000000280743
lookup-client,lookup,1.1927090000085627
lookup-client,lookup,1.1312499999576175
lookup-client,lookup,1.5645000000290565
lookup-client,lookup,1.4224589999685122
lookup-client,lookup,0.8754579999958878
lookup-client,lookup,0.9467499999686879
lookup-client,lookup,2.2185000000263244
lookup-client,lookup,0.8022920000030354
lookup-client,lookup,1.7528340000012577
lookup-client,lookup,1.6131670000163467
lookup-client,lookup,2.5180839999734417
lookup-client,lookup,2.210833999981787
lookup-client,lookup,0.7020420000003469
lookup-client,lookup,1.415750000035132
lookup-client,lookup,1.2834169999678124
lookup-client,lookup,1.5452920000029735
lookup-client,lookup,2.0709589999796663
lookup-client,lookup,1.1486249999848042
lookup-client,lookup,1.0265420000337144
lookup-client,lookup,1.5750000000025466
lookup-client,lookup,2.1324580000054993
lookup-client,lookup,1.8574999999714237
lookup-client,lookup,0.9174170000392223
lookup-client,lookup,2.2738339999932577
lookup-client,lookup,1.613792000000558
lookup-client,lookup,1.3085410000144293
lookup-client,lookup,0.5662909999841759
lookup-client,lookup,1.4186659999495532
lookup-client,lookup,1.206459000002269
lookup-client,lookup,0.9643749999668216
lookup-client,lookup,1.321582999992188
lookup-client,lookup,1.8438330000094538
lookup-client,lookup,1.7993749999618558
lookup-client,lookup,1.3127500000109649
lookup-client,lookup,4.759708999984014
lookup-client,lookup,3.0112090000216085
lookup-client,lookup,2.609208000023955
lookup-client,lookup,4.638166999995974
lookup-client,lookup,3.872166999997262
lookup-client,lookup,1.971749999995609
lookup-client,lookup,0.8064170000352533
lookup-client,lookup,1.706208000030074
lookup-client,lookup,1.459749999980886
lookup-client,lookup,1.9694580000191308
lookup-client,lookup,0.7490419999953701
lookup-client,lookup,1.01183399999627
lookup-client,lookup,2.155958000003011
lookup-client,lookup,1.4170000000035543
lookup-client,lookup,3.4883750000176406
lookup-client,lookup,2.0855829999959496
lookup-client,lookup,1.5961249999918437
lookup-client,lookup,0.7495000000403707
lookup-client,lookup,1.1613749999810352
lookup-client,lookup,1.8135830000005626
lookup-client,lookup,1.4587090000190983
lookup-client,lookup,1.3224159999936091
lookup-client,lookup,1.0975000000144064
lookup-client,lookup,1.0513750000313848
lookup-client,lookup,1.5063330000089081
lookup-client,lookup,2.1633750000091823
lookup-client,lookup,1.2410420000037448
lookup-client,lookup,0.8722919999968326
lookup-client,lookup,0.9254170000190243
lookup-client,lookup,0.7430419999536753
lookup-client,lookup,0.6281249999915417
lookup-client,lookup,1.1444169999776932
lookup-client,lookup,1.204250000000684
lookup-client,lookup,0.9926660000019183
lookup-client,lookup,1.4546250000080363
lookup-client,lookup,2.240374999985306
lookup-client,lookup,3.421249999973952
lookup-client,lookup,1.5200419999814585
lookup-client,lookup,2.6983330000120986
lookup-client,lookup,1.3360830000124224
lookup-client,lookup,1.672791999965284
lookup-client,lookup,1.1239580000506066
lookup-client,lookup,0.9844169999837504
lookup-client,lookup,0.9442079999644193
lookup-client,lookup,1.1316669999814621
lookup-client,lookup,1.4008750000016335
lookup-client,lookup,1.5948750000234213
lookup-client,lookup,0.7515419999890582
lookup-client,lookup,0.9737500000142063
lookup-client,lookup,1.421291999974983
lookup-client,lookup,1.790249999999105
lookup-client,lookup,1.330332999998518
lookup-client,lookup,0.9055419999981495
lookup-client,lookup,1.090083000008235
lookup-client,lookup,0.8957090000194512
lookup-client,lookup,0.9190000000103282
lookup-client,lookup,0.8862500000077489
lookup-client,lookup,0.9959589999652962
lookup-client,lookup,1.6440410000200245
lookup-client,lookup,0.9303330000420829
lookup-client,lookup,0.8965830000420283
lookup-client,lookup,0.6988330000012866
lookup-client,lookup,0.750832999983686
lookup-client,lookup,1.9156249999809916
lookup-client,lookup,1.0418749999985266
lookup-client,lookup,0.7563329999697999
lookup-client,lookup,0.7272500000112814
lookup-client,lookup,0.796750000006341
lookup-client,lookup,0.5027500000096552
lookup-client,lookup,1.0406669999838414
lookup-client,lookup,0.9815420000336417
lookup-client,lookup,0.573000000031243
lookup-client,lookup,1.1910000000057153
lookup-client,lookup,0.771584000005987
lookup-client,lookup,1.5890419999777805
lookup-client,lookup,0.8491250000020045
lookup-client,lookup,0.8391249999704087
lookup-client,lookup,0.7202080000183742
lookup-client,lookup,0.867874999983087
lookup-client,lookup,1.7250420000323174
lookup-client,lookup,1.4582499999846732
lookup-client,lookup,1.2477910000256998
lookup-client,lookup,0.6381669999768746
lookup-client,lookup,1.2355000000070504
lookup-client,lookup,1.0190840000063872
lookup-client,lookup,1.4085000000250147
lookup-client,lookup,1.131332999989354
lookup-client,lookup,2.2980840000172975
lookup-client,lookup,1.6212079999604612
lookup-client,lookup,1.0072919999970509
lookup-client,lookup,1.2666250000279433
lookup-client,lookup,1.202166999973997
lookup-client,lookup,1.1452499999791144
lookup-client,lookup,1.0551670000040758
lookup-client,lookup,1.8450000000029831
lookup-client,lookup,1.0975829999892994
lookup-client,lookup,1.2663750000001528
lookup-client,lookup,0.9490420000020094
lookup-client,lookup,0.5995000000211803
lookup-client,lookup,1.6848750000235668
lookup-client,lookup,0.7609169999795995
lookup-client,lookup,1.0617919999731384
lookup-client,lookup,0.8746670000050472
lookup-client,lookup,0.9269160000258125
lookup-client,lookup,1.7462910000176635
lookup-client,lookup,0.972166999986257
lookup-client,lookup,1.0641659999919284
lookup-client,lookup,0.7538749999866923
lookup-client,lookup,0.8507499999836909
lookup-client,lookup,0.9610409999822878
lookup-client,lookup,1.6272500000127366
lookup-client,lookup,1.0807079999608504
lookup-client,lookup,0.5500409999967815
lookup-client,lookup,0.9044589999689379
lookup-client,lookup,0.9816249999516913
lookup-client,lookup,1.477916999988338
lookup-client,lookup,1.5908340000123644
lookup-client,lookup,0.7940830000165988
lookup-client,lookup,1.020332999985385
lookup-client,lookup,1.2148749999596475
lookup-client,lookup,0.9864160000461197
lookup-client,lookup,1.200250000010783
lookup-client,lookup,0.8778750000146829
lookup-client,lookup,1.210708000030536
lookup-client,lookup,2.550874999997177
lookup-client,lookup,1.3832079999929192
lookup-client,lookup,0.7350840000412973
lookup-client,lookup,0.8923749999780739
lookup-client,lookup,0.9590419999767619
lookup-client,lookup,0.7507919999625301
lookup-client,lookup,0.8435830000053102
lookup-client,lookup,1.1814160000085394
lookup-client,lookup,1.9162500000220462
lookup-client,lookup,1.142415999993318
lookup-client,lookup,1.3160000000311811
lookup-client,lookup,0.7786250000094697
lookup-client,lookup,0.740333000010196
lookup-client,lookup,0.9479999999939537
lookup-client,lookup,1.0447920000160593
lookup-client,lookup,1.047249999999167
lookup-client,lookup,0.6331249999789179
lookup-client,lookup,1.0409579999759444
lookup-client,lookup,1.2897920000227714
lookup-client,lookup,0.7726669999783553
lookup-client,lookup,0.9067500000128348
lookup-client,lookup,0.7123749999777829
lookup-client,lookup,0.9064579999744637
lookup-client,lookup,2.081041999986155
lookup-client,lookup,1.1873750000290784
lookup-client,lookup,1.5266670000073645
lookup-client,lookup,1.02295800002139
lookup-client,lookup,2.4535410000225966
lookup-client,lookup,1.8509999999878346
lookup-client,lookup,1.16737500002273
lookup-client,lookup,0.8249169999885453
lookup-client,lookup,0.8288750000247092
lookup-client,lookup,0.7535000000302716
lookup-client,lookup,0.9132089999752679
lookup-client,lookup,0.9042920000297272
lookup-client,lookup,2.2927080000272326
lookup-client,lookup,1.284209000004921
lookup-client,lookup,0.6103329999973539
lookup-client,lookup,0.9992500000066684
lookup-client,lookup,1.4920830000164642
lookup-client,lookup,1.0694999999714128
lookup-client,lookup,0.7124169999883634
lookup-client,lookup,1.02645799995571
lookup-client,lookup,1.8536250000238397
lookup-client,lookup,0.9476659999450021
lookup-client,lookup,1.294667000024674
lookup-client,lookup,2.508499999976266
lookup-client,lookup,1.0934590000033495
lookup-client,lookup,0.8149999999886859
lookup-client,lookup,0.9575409999911244
lookup-client,lookup,1.3615419999837286
lookup-client,lookup,2.018209000027582
lookup-client,lookup,1.3036250000482141
lookup-client,lookup,1.3867079999840826
lookup-client,lookup,1.22083400003703
lookup-client,lookup,2.4272080000287133
lookup-client,lookup,1.4925829999583584
lookup-client,lookup,0.8833329999902162
lookup-client,lookup,0.6989159999761796
lookup-client,lookup,1.3872910000145566
lookup-client,lookup,8.471708999991279
lookup-client,lookup,0.7935419999967053
lookup-client,lookup,0.7099999999695683
lookup-client,lookup,1.2232920000201375
lookup-client,lookup,0.8049170000390404
lookup-client,lookup,1.1342079999963062
lookup-client,lookup,1.6707500000165965
lookup-client,lookup,0.6627499999467545
lookup-client,lookup,1.150042000006124
lookup-client,lookup,0.6339170000160266
lookup-client,lookup,1.16716700000552
lookup-client,lookup,2.009125000029144
lookup-client,lookup,0.94108299998652
lookup-client,lookup,1.6391670000075464
lookup-client,lookup,1.2064169999916885
lookup-client,lookup,2.96537500003069
lookup-client,lookup,0.8531249999919055
lookup-client,lookup,0.7840000000101099
lookup-client,lookup,0.6760410000197226
lookup-client,lookup,0.9987919999616679
lookup-client,lookup,1.3885410000398224
lookup-client,lookup,1.0403330000485767
lookup-client,lookup,1.21283300001096
lookup-client,lookup,0.7391249999955107
lookup-client,lookup,1.2338330000147835
lookup-client,lookup,1.2695000000348955
lookup-client,lookup,1.049749999992855
lookup-client,lookup,1.296416999991834
lookup-client,lookup,2.7098330000399073
lookup-client,lookup,4.615208000018356
lookup-client,lookup,3.0785409999793956
lookup-client,lookup,4.859417000034227
lookup-client,lookup,1.3254579999966154
lookup-client,lookup,1.1777920000213271
lookup-client,lookup,1.7758750000211876
lookup-client,lookup,1.1362079999912567
lookup-client,lookup,0.941167000007681
lookup-client,lookup,1.0184999999864885
lookup-client,lookup,1.7562079999606794
lookup-client,lookup,2.2147500000073705
lookup-client,lookup,1.3905839999779346
lookup-client,lookup,0.869459000000461
lookup-client,lookup,0.9148749999781103
lookup-client,lookup,0.7997920000093472
lookup-client,lookup,1.0637910000355077
lookup-client,lookup,2.1297079999840207
lookup-client,lookup,0.9747920000222621
lookup-client,lookup,1.0257080000428687
lookup-client,lookup,1.081083000030958
lookup-client,lookup,1.062165999996978
lookup-client,lookup,1.5314999999986867
lookup-client,lookup,1.493791000029887
lookup-client,lookup,1.1488330000020142
lookup-client,lookup,1.38883300002135
lookup-client,lookup,1.7400829999587586
lookup-client,lookup,2.106791000016983
lookup-client,lookup,0.9678339999936725
lookup-client,lookup,1.5527500000303007
lookup-client,lookup,0.8318750000171349
lookup-client,lookup,1.0606669999901897
lookup-client,lookup,1.6840419999653022
lookup-client,lookup,0.8075410000287775
lookup-client,lookup,0.9680410000214579
lookup-client,lookup,2.5840419999667574
lookup-client,lookup,1.4646660000039446
lookup-client,lookup,1.1677080000254136
lookup-client,lookup,1.3497499999743923
lookup-client,lookup,1.2265419999835103
lookup-client,lookup,0.727457999971648
lookup-client,lookup,0.8598750000032851
lookup-client,lookup,1.5842079999970338
lookup-client,lookup,0.9147499999926367
lookup-client,lookup,0.5624160000365919
lookup-client,lookup,0.6824590000178432
lookup-client,lookup,1.2145420000138074
lookup-client,lookup,0.8478330000230017
lookup-client,lookup,1.9174170000155755
lookup-client,lookup,1.1547920000225531
lookup-client,lookup,1.0228749999896536
lookup-client,lookup,0.7078339999679883
lookup-client,lookup,0.9668749999605097
lookup-client,lookup,0.9530410000024858
lookup-client,lookup,1.0017910000215124
lookup-client,lookup,0.9139999999661086
lookup-client,lookup,0.7878330000039568
lookup-client,lookup,2.3352910000085103
lookup-client,lookup,0.633708000009392
lookup-client,lookup,1.2827909999941767
lookup-client,lookup,1.551708000022245
lookup-client,lookup,0.7552089999762757
lookup-client,lookup,0.81558300001916
lookup-client,lookup,0.9473750000097425
lookup-client,lookup,1.2192909999839685
lookup-client,lookup,1.2594589999821437
lookup-client,lookup,0.8981670000025588
lookup-client,lookup,1.2783749999698557
lookup-client,lookup,1.5997080000147434
lookup-client,lookup,1.0931669999649785
lookup-client,lookup,0.9309579999694506
lookup-client,lookup,0.9099170000013146
lookup-client,lookup,1.3043749999610554
lookup-client,lookup,1.126749999968979
lookup-client,lookup,0.99158300002955
lookup-client,lookup,0.9755000000382097
lookup-client,lookup,0.9831670000153281
lookup-client,lookup,0.7121250000068358
lookup-client,lookup,1.0199579999721209
lookup-client,lookup,0.9510419999969599
lookup-client,lookup,1.4383749999637985
lookup-client,lookup,1.010000000007949
lookup-client,lookup,1.2178329999983362
lookup-client,lookup,1.1605409999901894
lookup-client,lookup,0.9457080000174756
lookup-client,lookup,1.7517910000037773
lookup-client,lookup,1.390749999984564
lookup-client,lookup,1.557542000000467
lookup-client,lookup,1.507833000005121
lookup-client,lookup,1.5053750000220134
lookup-client,lookup,0.8311660000117627
lookup-client,lookup,1.0030000000256223
lookup-client,lookup,1.1501669999915975
lookup-client,lookup,1.4804589999926066
lookup-client,lookup,1.1079580000341593
lookup-client,lookup,1.0588330000018686
lookup-client,lookup,1.1499999999955435
lookup-client,lookup,0.8882500000026994
lookup-client,lookup,1.2073750000354266
lookup-client,lookup,0.8737919999930455
lookup-client,lookup,0.9670840000239878
lookup-client,lookup,1.1049579999848902
lookup-client,lookup,0.9820000000217988
lookup-client,lookup,1.5793750000057116
lookup-client,lookup,1.2867499999629217
lookup-client,lookup,0.8819999999900574
lookup-client,lookup,0.5965419999824917
lookup-client,lookup,0.9997909999697185
lookup-client,lookup,0.7269999999834909
lookup-client,lookup,0.9654169999748774
lookup-client,lookup,0.7227919999763799
lookup-client,lookup,1.0082499999839456
lookup-client,lookup,0.7450830000266251
lookup-client,lookup,0.8836669999823243
lookup-client,lookup,1.0611250000351902
lookup-client,lookup,0.7072920000155136
lookup-client,lookup,2.3445830000241585
lookup-client,lookup,1.0607080000113456
lookup-client,lookup,1.2985420000291015
lookup-client,lookup,1.2351670000043669
lookup-client,lookup,0.5705830000124479
lookup-client,lookup,1.1392080000405258
lookup-client,lookup,1.0005000000319342
lookup-client,lookup,1.7273750000299515
lookup-client,lookup,1.2689580000255773
lookup-client,lookup,1.1550419999935002
lookup-client,lookup,1.0907909999673393
lookup-client,lookup,1.2222080000015012
lookup-client,lookup,0.943207999966944
lookup-client,lookup,0.851333000014165
lookup-client,lookup,1.5968749999615284
lookup-client,lookup,2.9459169999768164
lookup-client,lookup,1.4778749999777574
lookup-client,lookup,1.1615829999982452
lookup-client,lookup,0.8212500000013279
lookup-client,lookup,0.7806250000044201
lookup-client,lookup,1.7119579999871348
lookup-client,lookup,0.7046250000257714
lookup-client,lookup,1.1812910000230659
lookup-client,lookup,0.7699999999886131
lookup-client,lookup,0.8479999999622123
lookup-client,lookup,1.717040999949404
lookup-client,lookup,1.7349170000215963
lookup-client,lookup,0.8302500000354485
lookup-client,lookup,1.363207999986571
lookup-client,lookup,1.4475829999582857
lookup-client,lookup,1.8938750000074833
lookup-client,lookup,0.90775000001031
lookup-client,lookup,0.7615839999743912
lookup-client,lookup,0.6485420000217346
lookup-client,lookup,0.9596250000072359
lookup-client,lookup,1.3329159999670992
lookup-client,lookup,1.0802500000295367
lookup-client,lookup,1.1447499999803767
lookup-client,lookup,1.1995419999948354
lookup-client,lookup,0.8293340000022908
lookup-client,lookup,1.4125000000149157
lookup-client,lookup,0.8330410000212396
lookup-client,lookup,0.7247500000175933
lookup-client,lookup,0.9494580000364294
lookup-client,lookup,0.7366250000018226
lookup-client,lookup,0.6620000000339132
lookup-client,lookup,0.8854170000063277
lookup-client,lookup,1.3867500000515065
lookup-client,lookup,1.19000000000824
lookup-client,lookup,0.7074999999758802
lookup-client,lookup,0.9225000000014916
lookup-client,lookup,1.066666999975041
lookup-client,lookup,1.3914169999793558
lookup-client,lookup,0.7059580000259302
lookup-client,lookup,1.0634999999865613
lookup-client,lookup,0.8690839999871969
lookup-client,lookup,1.858499999968899
lookup-client,lookup,0.7949170000074446
lookup-client,lookup,0.9621670000115046
lookup-client,lookup,1.3789590000214957
lookup-client,lookup,1.1274579999849266
lookup-client,lookup,1.282000000003336
lookup-client,lookup,1.7073749999667598
lookup-client,lookup,1.729750000038166
lookup-client,lookup,0.9742920000235245
lookup-client,lookup,1.1301250000315122
lookup-client,lookup,0.5657909999854382
lookup-client,lookup,1.047874999983378
lookup-client,lookup,0.693916999978228
lookup-client,lookup,0.5912080000030073
lookup-client,lookup,1.0803750000150103
lookup-client,lookup,0.8221669999670667
lookup-client,lookup,0.988957999993545
lookup-client,lookup,0.7680420000042432
lookup-client,lookup,0.828207999973074
lookup-client,lookup,1.4102499999921747
lookup-client,lookup,1.0603329999980815
lookup-client,lookup,0.6482080000296264
lookup-client,lookup,0.8139580000374735
lookup-client,lookup,0.8767499999748907
lookup-client,lookup,1.072749999991629
lookup-client,lookup,1.4490410000007614
lookup-client,lookup,1.2153749999583852
lookup-client,lookup,0.9113749999869469
lookup-client,lookup,3.079583999976876
lookup-client,lookup,2.1029589999557174
lookup-client,lookup,0.7039170000098238
lookup-client,lookup,0.7457499999645734
lookup-client,lookup,1.0513750000313848
lookup-client,lookup,0.8019160000003467
lookup-client,lookup,1.143833000014638
lookup-client,lookup,1.2824580000483365
lookup-client,lookup,0.8260420000283375
lookup-client,lookup,1.2951669999665683
lookup-client,lookup,1.04733299997406
lookup-client,lookup,1.2742079999839007
lookup-client,lookup,1.407499999970696
lookup-client,lookup,2.1883750000029067
lookup-client,lookup,0.9696249999819884
lookup-client,lookup,1.4229169999566693
lookup-client,lookup,2.1150000000034197
lookup-client,lookup,1.7869590000145763
lookup-client,lookup,1.5052910000008524
lookup-client,lookup,1.8626250000011169
lookup-client,lookup,1.071165999974255
lookup-client,lookup,0.9596660000283919
lookup-client,lookup,2.13424999998324
lookup-client,lookup,0.9128749999831598
lookup-client,lookup,0.8762079999655725
lookup-client,lookup,1.0894169999460246
lookup-client,lookup,1.796415999990586
lookup-client,lookup,0.9355830000004062
lookup-client,lookup,1.9075839999800337
lookup-client,lookup,1.3717079999651105
lookup-client,lookup,0.7817910000085249
lookup-client,lookup,1.1371660000349948
lookup-client,lookup,0.7425000000012005
lookup-client,lookup,0.8413330000394126
lookup-client,lookup,1.1506249999797546
lookup-client,lookup,1.2536660000250777
lookup-client,lookup,0.9600420000310805
lookup-client,lookup,1.1465830000361166
lookup-client,lookup,1.0841249999771208
lookup-client,lookup,1.1133749999885367
lookup-client,lookup,1.4376249999941138
lookup-client,lookup,0.9176670000101694
lookup-client,lookup,1.520665999976245
lookup-client,lookup,1.2516670000195518
lookup-client,lookup,1.4225420000002487
lookup-client,lookup,1.6031249999741704
lookup-client,lookup,0.9795829999461603
lookup-client,lookup,0.6521669999983715
lookup-client,lookup,1.2889999999856627
lookup-client,lookup,0.9444579999922098
lookup-client,lookup,1.0444159999565272
lookup-client,lookup,0.7188330000076348
lookup-client,lookup,1.1554170000067643
lookup-client,lookup,1.3617910000220945
lookup-client,lookup,0.7451249999803622
lookup-client,lookup,0.7699999999886131
lookup-client,lookup,1.4158329999531816
lookup-client,lookup,1.2744590000011158
lookup-client,lookup,0.9992079999960879
lookup-client,lookup,1.1952080000128262
lookup-client,lookup,0.7299999999759166
lookup-client,lookup,0.8232499999962783
lookup-client,lookup,1.0695830000031492
lookup-client,lookup,0.7746250000195687
lookup-client,lookup,1.4813340000046082
lookup-client,lookup,3.2504999999787287
lookup-client,lookup,1.1410419999720034
lookup-client,lookup,1.4300839999918935
lookup-client,lookup,0.6082920000380909
lookup-client,lookup,0.7184170000300583
lookup-client,lookup,1.0655410000026677
lookup-client,lookup,1.720499999976255
lookup-client,lookup,1.4458750000017062
lookup-client,lookup,0.9423749999655229
lookup-client,lookup,0.9210830000370152
lookup-client,lookup,1.543166999965706
lookup-client,lookup,1.8004579999910675
lookup-client,lookup,0.9254170000190243
lookup-client,lookup,1.2707500000033178
lookup-client,lookup,0.948958999970273
lookup-client,lookup,1.0846249999758584
lookup-client,lookup,2.141708000010567
lookup-client,lookup,0.9520829999587477
lookup-client,lookup,1.3362500000084765
lookup-client,lookup,1.4797499999872343
lookup-client,lookup,1.1814590000085445
lookup-client,lookup,1.9878749999975298
lookup-client,lookup,0.9164169999849037
lookup-client,lookup,1.538750000008804
lookup-client,lookup,1.0131670000532722
lookup-client,lookup,0.9267920000297636
lookup-client,lookup,1.0087499999826832
lookup-client,lookup,0.8318750000171349
lookup-client,lookup,1.3567919999672995
lookup-client,lookup,0.6041249999952925
lookup-client,lookup,1.2011250000227847
lookup-client,lookup,1.0173329999929592
lookup-client,lookup,0.6555840000146418
lookup-client,lookup,0.876000000005206
lookup-client,lookup,0.9601250000059736
lookup-client,lookup,1.6299170000024787
lookup-client,lookup,0.7553329999723246
lookup-client,lookup,1.9824999999968895
lookup-client,lookup,5.3469590000077005
lookup-client,lookup,1.4172920000419253
lookup-client,lookup,1.888124999993579
lookup-client,lookup,0.8651669999721889
lookup-client,lookup,0.7482920000256854
lookup-client,lookup,1.0092079999708403
lookup-client,lookup,1.1880829999881826
lookup-client,lookup,1.220624999973552
lookup-client,lookup,0.7448750000094151
lookup-client,lookup,1.8137920000071972
lookup-client,lookup,3.5250829999995403
lookup-client,lookup,0.8114999999975225
lookup-client,lookup,0.8624580000287096
lookup-client,lookup,1.6303749999906358
lookup-client,lookup,1.302875000021686
lookup-client,lookup,1.0943749999796637
lookup-client,lookup,0.8724169999823062
lookup-client,lookup,0.9085830000117312
lookup-client,lookup,1.5680420000308004
lookup-client,lookup,0.9730410000088341
lookup-client,lookup,1.034957999991093
lookup-client,lookup,0.7284999999797037
lookup-client,lookup,0.9357089999753043
lookup-client,lookup,1.0715419999769438
lookup-client,lookup,1.7095829999789203
lookup-client,lookup,0.8554579999895395
lookup-client,lookup,0.8059580000008282
lookup-client,lookup,2.6881669999738733
lookup-client,lookup,2.293415999986337
lookup-client,lookup,1.9205829999577873
lookup-client,lookup,1.0597499999676074
lookup-client,lookup,2.2465000000124746
lookup-client,lookup,1.1108749999948486
lookup-client,lookup,1.631708000047638
lookup-client,lookup,0.8271250000007058
lookup-client,lookup,1.2261250000165091
lookup-client,lookup,0.9969999999839274
lookup-client,lookup,1.0673329999804082
lookup-client,lookup,0.6310420000090744
lookup-client,lookup,0.9468750000110049
lookup-client,lookup,1.6613340000048993
lookup-client,lookup,0.8630830000129208
lookup-client,lookup,1.1967920000302001
lookup-client,lookup,1.267750000010892
lookup-client,lookup,1.135625000017626
lookup-client,lookup,1.8912499999714782
lookup-client,lookup,2.7123330000335955
lookup-client,lookup,1.4778330000240203
lookup-client,lookup,0.865834000023824
lookup-client,lookup,0.7334999999670799
lookup-client,lookup,1.351208000016868
lookup-client,lookup,1.2306250000051477
lookup-client,lookup,3.1834590000130447
lookup-client,lookup,1.2204170000131853
lookup-client,lookup,4.983750000008058
lookup-client,lookup,0.8306670000024496
lookup-client,lookup,0.9103749999894717
lookup-client,lookup,1.370000000008531
lookup-client,lookup,1.6940410000074735
lookup-client,lookup,0.6825419999927362
lookup-client,lookup,0.9779160000107368
lookup-client,lookup,1.332375000004049
lookup-client,lookup,0.844916000005469
lookup-client,lookup,0.7533329999773741
lookup-client,lookup,0.7902080000121714
lookup-client,lookup,0.8247499999924912
lookup-client,lookup,0.7295830000089154
lookup-client,lookup,1.7157080000060887
lookup-client,lookup,1.317541999981131
lookup-client,lookup,0.968457999988459
lookup-client,lookup,0.9524590000182798
lookup-client,lookup,0.9094579999668895
lookup-client,lookup,1.162874999977248
lookup-client,lookup,0.9484589999715354
lookup-client,lookup,1.3268750000179352
lookup-client,lookup,0.8080000000063592
lookup-client,lookup,2.8017079999926864
lookup-client,lookup,0.9230410000213851
lookup-client,lookup,1.2658329999908347
lookup-client,lookup,1.2876250000317668
lookup-client,lookup,2.137957999991613
lookup-client,lookup,1.3694589999886375
lookup-client,lookup,1.8657499999790161
lookup-client,lookup,1.411499999960597
lookup-client,lookup,1.8906669999978476
lookup-client,lookup,0.7610410000324919
lookup-client,lookup,0.5695419999938167
lookup-client,lookup,0.8935000000178661
lookup-client,lookup,1.9821249999836255
lookup-client,lookup,2.04866699999684
lookup-client,lookup,1.2621249999824613
lookup-client,lookup,1.6505840000036187
lookup-client,lookup,1.7657500000041182
lookup-client,lookup,0.6897499999922729
lookup-client,lookup,1.193999999998141
lookup-client,lookup,2.047624999988784
lookup-client,lookup,1.8687909999925978
lookup-client,lookup,0.6549579999841626
lookup-client,lookup,0.9165829999915331
lookup-client,lookup,0.6906250000042746
lookup-client,lookup,0.6082909999918229
lookup-client,lookup,1.2347910000016782
lookup-client,lookup,0.7361669999568221
lookup-client,lookup,0.7114999999657812
lookup-client,lookup,0.7065830000101414
lookup-client,lookup,0.9290420000525046
lookup-client,lookup,1.1995839999485725
lookup-client,lookup,2.079292000018995
lookup-client,lookup,1.0384170000179438
lookup-client,lookup,0.9864579999998568
lookup-client,lookup,1.3662499999895772
lookup-client,lookup,1.9560839999712698
lookup-client,lookup,2.02287500002285
lookup-client,lookup,1.075375000027634
lookup-client,lookup,1.1847920000036538
lookup-client,lookup,1.099667000005411
lookup-client,lookup,1.4237080000043534
lookup-client,lookup,1.4603330000113601
lookup-client,lookup,2.74729200003776
lookup-client,lookup,1.541332999977385
lookup-client,lookup,1.0477499999979045
lookup-client,lookup,0.7343330000253445
lookup-client,lookup,0.8267080000337046
lookup-client,lookup,1.0579170000255544
lookup-client,lookup,1.0252079999872876
lookup-client,lookup,1.1778749999962201
lookup-client,lookup,1.4233329999910893
lookup-client,lookup,1.7403330000433925
lookup-client,lookup,1.091832999975395
lookup-client,lookup,1.8516249999720458
lookup-client,lookup,0.7885829999736416
lookup-client,lookup,1.3901670000109334
lookup-client,lookup,0.7830000000126347
lookup-client,lookup,0.8819579999794769
lookup-client,lookup,7.136500000001433
lookup-client,lookup,2.556791999950292
lookup-client,lookup,1.727209000023322
lookup-client,lookup,1.2509590000036042
lookup-client,lookup,0.8940410000377597
lookup-client,lookup,2.108000000021093
lookup-client,lookup,1.2736670000208505
lookup-client,lookup,1.170833000003313
lookup-client,lookup,1.4965830000051028
lookup-client,lookup,2.6253330000258757
lookup-client,lookup,2.104208999980983
lookup-client,lookup,1.6509580000274582
lookup-client,lookup,1.0943749999796637
lookup-client,lookup,0.9609999999611318
lookup-client,lookup,0.9288329999890266
lookup-client,lookup,1.5683749999766405
lookup-client,lookup,0.7909170000175436
lookup-client,lookup,1.1866250000025502
lookup-client,lookup,1.8887910000557895
lookup-client,lookup,1.3330840000094213
lookup-client,lookup,2.166999999985819
lookup-client,lookup,0.8519169999772203
lookup-client,lookup,1.3515840000195567
lookup-client,lookup,2.359290999947916
lookup-client,lookup,1.311625000028016
lookup-client,lookup,1.5188329999773487
lookup-client,lookup,1.1195839999800228
lookup-client,lookup,0.8177919999639016
lookup-client,lookup,1.2017079999964153
lookup-client,lookup,1.7556669999976293
lookup-client,lookup,0.7185829999798443
lookup-client,lookup,0.6634160000089651
lookup-client,lookup,0.7902080000121714
lookup-client,lookup,1.2324999999577813
lookup-client,lookup,1.212332999955379
lookup-client,lookup,2.4499579999996968
lookup-client,lookup,1.9826669999929436
lookup-client,lookup,0.8668750000424552
lookup-client,lookup,1.9745000000170876
lookup-client,lookup,0.8347500000240871
lookup-client,lookup,1.068166999971254
lookup-client,lookup,1.041541999995843
lookup-client,lookup,0.6759589999774107
lookup-client,lookup,2.3108750000346845
lookup-client,lookup,0.6591659999912736
lookup-client,lookup,1.8051249999757601
lookup-client,lookup,1.0434160000158954
lookup-client,lookup,3.0703340000286516
lookup-client,lookup,0.9817910000151642
lookup-client,lookup,0.9582079999859161
lookup-client,lookup,1.3434999999617503
lookup-client,lookup,2.2354170000085105
lookup-client,lookup,1.3350419999937913
lookup-client,lookup,0.7290839999996024
lookup-client,lookup,1.4863339999919845
lookup-client,lookup,0.8664580000186106
lookup-client,lookup,0.9740000000419968
lookup-client,lookup,0.4177920000074664
lookup-client,lookup,0.44916700005614985
lookup-client,lookup,0.5838339999968412
lookup-client,lookup,2.624916000002031
lookup-client,lookup,1.0445000000345317
lookup-client,lookup,0.7888750000120126
lookup-client,lookup,0.813124999979209
lookup-client,lookup,0.8616669999810256
lookup-client,lookup,1.052084000036757
lookup-client,lookup,1.2976659999708318
lookup-client,lookup,1.4462500000149703
lookup-client,lookup,0.665167000022393
lookup-client,lookup,0.6829580000271562
lookup-client,lookup,1.1028750000150467
lookup-client,lookup,0.719249999974636
lookup-client,lookup,0.8722090000219396
lookup-client,lookup,1.456958999995095
lookup-client,lookup,1.5396249999639622
lookup-client,lookup,0.6066249999889806
lookup-client,lookup,0.6453330000226742
lookup-client,lookup,0.4978749999509091
lookup-client,lookup,0.7264580000310161
lookup-client,lookup,0.6399579999651905
lookup-client,lookup,1.242833000048904
lookup-client,lookup,0.6742080000208261
lookup-client,lookup,0.9292919999666083
lookup-client,lookup,1.0873330000436
lookup-client,lookup,0.7130839999831551
lookup-client,lookup,0.4529579999825728
lookup-client,lookup,1.2535000000184482
lookup-client,lookup,0.8713329999636699
lookup-client,lookup,1.1692919999859441
lookup-client,lookup,0.8134579999818925
lookup-client,lookup,0.6162909999716248
lookup-client,lookup,1.074625000001106
lookup-client,lookup,1.0379160000297816
lookup-client,lookup,0.6016250000016043
lookup-client,lookup,0.47941600001877305
lookup-client,lookup,0.347250000004351
lookup-client,lookup,1.0788750000187974
lookup-client,lookup,1.018667000039386
lookup-client,lookup,1.2073330000248461
lookup-client,lookup,0.45395899996947264
lookup-client,lookup,0.5393330000060814
lookup-client,lookup,0.7007909999856565
lookup-client,lookup,0.7616249999955471
lookup-client,lookup,1.3139170000044942
lookup-client,lookup,0.8625409999467593
lookup-client,lookup,0.4397079999876041
lookup-client,lookup,0.6695419999687147
lookup-client,lookup,0.572666999971716
lookup-client,lookup,0.6437079999841444
lookup-client,lookup,1.3511249999851316
lookup-client,lookup,1.1882499999842366
lookup-client,lookup,0.5610000000046966
lookup-client,lookup,0.4139160000136144
lookup-client,lookup,0.46837499996854604
lookup-client,lookup,0.485167000022102
lookup-client,lookup,0.6066660000101365
lookup-client,lookup,0.48341700005494204
lookup-client,lookup,0.8668339999644559
lookup-client,lookup,0.4700420000176564
lookup-client,lookup,0.612457999977778
lookup-client,lookup,0.8555419999538572
lookup-client,lookup,0.746249999963311
lookup-client,lookup,0.549874999990152
lookup-client,lookup,0.6601669999781734
lookup-client,lookup,2.2437090000266835
lookup-client,lookup,2.1482500000047366
lookup-client,lookup,1.2238340000294556
lookup-client,lookup,1.190291000000343
lookup-client,lookup,1.0862080000038077
lookup-client,lookup,1.4503749999903448
lookup-client,lookup,0.715375000027052
lookup-client,lookup,0.7103749999828324
lookup-client,lookup,1.743874999988293
lookup-client,lookup,0.7632089999560776
lookup-client,lookup,0.9142499999938991
lookup-client,lookup,0.8423340000263124
lookup-client,lookup,0.7962079999970229
lookup-client,lookup,0.903665999999248
lookup-client,lookup,1.1993330000450442
lookup-client,lookup,0.8588750000058099
lookup-client,lookup,0.6206669999642145
lookup-client,lookup,0.8640409999998155
lookup-client,lookup,1.5211250000106702
lookup-client,lookup,1.2304159999985131
lookup-client,lookup,0.5223750000027394
lookup-client,lookup,0.5352910000055999
lookup-client,lookup,0.6050000000072941
lookup-client,lookup,0.6617079999955422
lookup-client,lookup,1.1499170000206504
lookup-client,lookup,1.5742499999760184
lookup-client,lookup,0.4745410000168704
lookup-client,lookup,0.7139580000057322
lookup-client,lookup,0.48641600000109975
lookup-client,lookup,0.6528330000037386
lookup-client,lookup,0.8808329999965281
lookup-client,lookup,0.6706670000085069
lookup-client,lookup,0.5402080000180831
lookup-client,lookup,0.5410420000089289
lookup-client,lookup,0.5222920000278464
lookup-client,lookup,0.8374170000138292
lookup-client,lookup,0.7074159999547192
lookup-client,lookup,1.2415410000130578
lookup-client,lookup,0.6536249999840038
lookup-client,lookup,0.8460000000241052
lookup-client,lookup,0.5395830000338719
lookup-client,lookup,0.45954200004416634
lookup-client,lookup,0.5473750000533073
lookup-client,lookup,0.8016250000082437
lookup-client,lookup,1.4256250000244108
lookup-client,lookup,0.8557919999816477
lookup-client,lookup,0.7245830000215392
lookup-client,lookup,1.2368339999966338
lookup-client,lookup,0.41724999999814827
lookup-client,lookup,1.0395420000008926
lookup-client,lookup,0.7132920000003651
lookup-client,lookup,1.2924590000125136
lookup-client,lookup,1.1699579999913112
lookup-client,lookup,0.604334000001927
lookup-client,lookup,1.5633329999786838
lookup-client,lookup,1.4003750000028958
lookup-client,lookup,1.7310000000065884
lookup-client,lookup,1.1835409999889634
lookup-client,lookup,0.8147499999608954
lookup-client,lookup,0.8374579999781417
lookup-client,lookup,0.7282079999981761
lookup-client,lookup,1.2429579999775342
lookup-client,lookup,0.5803330000162532
lookup-client,lookup,1.2805409999714357
lookup-client,lookup,1.1025409999660951
lookup-client,lookup,2.374333000034312
lookup-client,lookup,3.3327080000162823
lookup-client,lookup,1.7028749999781212
lookup-client,lookup,1.3787920000254417
lookup-client,lookup,1.2620420000075683
lookup-client,lookup,0.7511250000220571
lookup-client,lookup,0.738082999987455
lookup-client,lookup,0.9960840000076132
lookup-client,lookup,1.52624999998352
lookup-client,lookup,1.4361660000190568
lookup-client,lookup,0.9994170000027225
lookup-client,lookup,0.7243750000043292
lookup-client,lookup,1.1635420000288832
lookup-client,lookup,1.2077910000130032
lookup-client,lookup,1.443125000037071
lookup-client,lookup,1.129125000034037
lookup-client,lookup,0.7916670000440718
lookup-client,lookup,0.812916999961999
lookup-client,lookup,0.6414169999970909
lookup-client,lookup,0.5536250000091059
lookup-client,lookup,0.8203340000250137
lookup-client,lookup,1.0490420000337508
lookup-client,lookup,0.7956250000233922
lookup-client,lookup,1.3067919999798505
lookup-client,lookup,0.8119579999856796
lookup-client,lookup,2.2911249999992833
lookup-client,lookup,1.4669579999804228
lookup-client,lookup,1.1870410000369702
lookup-client,lookup,0.9649169999761398
lookup-client,lookup,0.6432920000065678
lookup-client,lookup,0.7810840000388453
lookup-client,lookup,0.974417000008998
lookup-client,lookup,1.3485409999702824
lookup-client,lookup,0.6313749999549145
lookup-client,lookup,0.5956250000167529
lookup-client,lookup,1.9880840000041644
lookup-client,lookup,0.8234160000029078
lookup-client,lookup,1.020458000027702
lookup-client,lookup,0.934667000024092
lookup-client,lookup,0.9976249999681386
lookup-client,lookup,0.896832999956132
lookup-client,lookup,0.7102920000079394
lookup-client,lookup,0.9310830000117676
lookup-client,lookup,0.8303339999997661
lookup-client,lookup,1.6061250000234395
lookup-client,lookup,0.9336250000160362
lookup-client,lookup,1.0450419999870064
lookup-client,lookup,1.0305830000447713
lookup-client,lookup,0.9639579999998205
lookup-client,lookup,0.6175419999863152
lookup-client,lookup,1.5318750000119508
lookup-client,lookup,1.0609589999717173
lookup-client,lookup,0.8303749999640786
lookup-client,lookup,1.3818330000390233
lookup-client,lookup,0.9579999999687061
lookup-client,lookup,1.2605420000113554
lookup-client,lookup,0.8217500000000655
lookup-client,lookup,1.192083000034927
lookup-client,lookup,1.166791999992256
lookup-client,lookup,1.0254169999939222
lookup-client,lookup,1.028540999982397
lookup-client,lookup,0.693999999953121
lookup-client,lookup,0.7931659999940166
lookup-client,lookup,1.4449159999685435
lookup-client,lookup,0.717124999994212
lookup-client,lookup,1.1090829999602647
lookup-client,lookup,1.1528330000487585
lookup-client,lookup,0.9879579999960697
lookup-client,lookup,1.1112089999869568
lookup-client,lookup,0.7100839999907294
lookup-client,lookup,2.1362500000350337
lookup-client,lookup,2.930332999994789
lookup-client,lookup,1.465624999980264
lookup-client,lookup,1.7268749999743704
lookup-client,lookup,1.4716249999651154
lookup-client,lookup,1.2796249999951215
lookup-client,lookup,0.8153330000482129
lookup-client,lookup,0.5775839999841992
lookup-client,lookup,0.9847910000075899
lookup-client,lookup,1.0734169999864207
lookup-client,lookup,2.276083000026574
lookup-client,lookup,0.9999579999657726
lookup-client,lookup,0.591708000001745
lookup-client,lookup,0.9760410000012598
lookup-client,lookup,1.229749999993146
lookup-client,lookup,1.1547500000119726
lookup-client,lookup,1.126584000019193
lookup-client,lookup,0.6815830000164169
lookup-client,lookup,1.1531249999734428
lookup-client,lookup,0.6544170000211125
lookup-client,lookup,2.3001249999765605
lookup-client,lookup,0.6972499999733373
lookup-client,lookup,0.5825420000178383
lookup-client,lookup,0.7719579999729831
lookup-client,lookup,0.8311660000117627
lookup-client,lookup,1.405166999973062
lookup-client,lookup,1.0945410000431366
lookup-client,lookup,0.9279999999876054
lookup-client,lookup,0.7850420000181657
lookup-client,lookup,0.978416999998899
lookup-client,lookup,1.4598330000126225
lookup-client,lookup,1.2805000000071232
lookup-client,lookup,0.7198750000156906
lookup-client,lookup,0.7574169999884361
lookup-client,lookup,1.0151660000019547
lookup-client,lookup,0.9878329999537527
lookup-client,lookup,0.9778340000252683
lookup-client,lookup,0.9177500000419059
lookup-client,lookup,1.4560420000293561
lookup-client,lookup,0.5412499999692955
lookup-client,lookup,0.9426249999933134
lookup-client,lookup,1.1081669999839505
lookup-client,lookup,1.9130420000124104
lookup-client,lookup,1.2069999999653191
lookup-client,lookup,1.0306249999985084
lookup-client,lookup,1.1139580000190108
lookup-client,lookup,0.8127920000333688
lookup-client,lookup,0.7727500000100918
lookup-client,lookup,1.7306249999933243
lookup-client,lookup,1.48295799999687
lookup-client,lookup,0.8872079999946436
lookup-client,lookup,0.9340420000398808
lookup-client,lookup,0.8961250000538712
lookup-client,lookup,1.3437090000252283
lookup-client,lookup,0.8052499999848806
lookup-client,lookup,0.9404580000023088
lookup-client,lookup,1.1506249999797546
lookup-client,lookup,1.275875000033011
lookup-client,lookup,0.92820899999424
lookup-client,lookup,0.8270829999901252
lookup-client,lookup,0.9889159999829644
lookup-client,lookup,0.8393330000444621
lookup-client,lookup,1.9517079999786802
lookup-client,lookup,1.1444169999776932
lookup-client,lookup,0.9788750000438995
lookup-client,lookup,1.4564169999857768
lookup-client,lookup,1.666957999987062
lookup-client,lookup,1.9748749999735082
lookup-client,lookup,1.0322910000013508
lookup-client,lookup,0.7902920000333324
lookup-client,lookup,1.220917000011923
lookup-client,lookup,1.2080829999945308
lookup-client,lookup,2.2900419999700716
lookup-client,lookup,0.6162500000073123
lookup-client,lookup,3.541957999971146
lookup-client,lookup,0.7877090000079079
lookup-client,lookup,2.3609160000432894
lookup-client,lookup,1.0654170000066188
lookup-client,lookup,1.0190830000169626
lookup-client,lookup,1.1157910000179072
lookup-client,lookup,1.0363330000018323
lookup-client,lookup,1.379582999959439
lookup-client,lookup,0.6722910000007687
lookup-client,lookup,1.0235000000307082
lookup-client,lookup,0.871709000023202
lookup-client,lookup,0.9497499999611136
lookup-client,lookup,0.901124999984404
lookup-client,lookup,1.030374999970718
lookup-client,lookup,0.8942909999518633
lookup-client,lookup,1.564334000022427
lookup-client,lookup,1.3588330000402493
lookup-client,lookup,1.1594169999966653
lookup-client,lookup,1.5151669999795558
lookup-client,lookup,2.7867090000199823
lookup-client,lookup,1.0780409999711082
lookup-client,lookup,1.0037500000521504
lookup-client,lookup,1.1002080000253045
lookup-client,lookup,1.2439590000212775
lookup-client,lookup,0.6492499999808388
lookup-client,lookup,0.9068339999771524
lookup-client,lookup,0.9155000000191649
lookup-client,lookup,0.8060000000114087
lookup-client,lookup,1.4660409999578405
lookup-client,lookup,1.3543329999947673
lookup-client,lookup,0.9675000000015643
lookup-client,lookup,1.0345000000029358
lookup-client,lookup,1.417666999998346
lookup-client,lookup,0.7751659999826188
lookup-client,lookup,1.068750000001728
lookup-client,lookup,0.8356660000004013
lookup-client,lookup,0.9586250000097607
lookup-client,lookup,0.8050839999782511
lookup-client,lookup,0.9252500000229702
lookup-client,lookup,0.6769170000211489
lookup-client,lookup,0.8328339999934542
lookup-client,lookup,1.488542000004145
lookup-client,lookup,0.9701660000018819
lookup-client,lookup,0.9695420000070953
lookup-client,lookup,0.9160000000179025
lookup-client,lookup,0.8799579999845264
lookup-client,lookup,0.7376660000204538
lookup-client,lookup,0.6409999999732463
lookup-client,lookup,1.225333000036244
lookup-client,lookup,0.9012919999804581
lookup-client,lookup,0.7189580000499518
lookup-client,lookup,0.869834000013725
lookup-client,lookup,0.9386660000245683
lookup-client,lookup,1.2269580000179303
lookup-client,lookup,1.7470829999979287
lookup-client,lookup,1.526499999954467
lookup-client,lookup,2.3245419999966543
lookup-client,lookup,1.1037500000270484
lookup-client,lookup,0.6395830000087699
lookup-client,lookup,0.8842920000233789
lookup-client,lookup,1.0560420000160775
lookup-client,lookup,1.0967910000090342
lookup-client,lookup,1.085417000012967
lookup-client,lookup,0.9110830000054193
lookup-client,lookup,0.9434589999841592
lookup-client,lookup,1.4210420000040358
lookup-client,lookup,0.9249580000414426
lookup-client,lookup,4.374167000037232
lookup-client,lookup,1.699333999965802
lookup-client,lookup,0.738458000000719
lookup-client,lookup,0.945082999976421
lookup-client,lookup,0.7816670000124759
lookup-client,lookup,1.3938330000087262
lookup-client,lookup,2.589415999977973
lookup-client,lookup,1.1777500000107466
lookup-client,lookup,1.0727079999810485
lookup-client,lookup,0.77404099999967
lookup-client,lookup,1.0593339999900309
lookup-client,lookup,2.0194159999959993
lookup-client,lookup,1.2461250000228574
lookup-client,lookup,0.8830830000192691
lookup-client,lookup,1.0548750000225482
lookup-client,lookup,0.9727500000167311
lookup-client,lookup,1.4341250000029504
lookup-client,lookup,1.2967499999945176
lookup-client,lookup,0.51008399998409
lookup-client,lookup,1.1361249999595202
lookup-client,lookup,0.9512909999784824
lookup-client,lookup,0.6842499999493157
lookup-client,lookup,1.3136250000229666
lookup-client,lookup,2.6263750000339314
lookup-client,lookup,1.179667000030804
lookup-client,lookup,1.1864159999959156
lookup-client,lookup,0.9050419999994119
lookup-client,lookup,1.0904579999646558
lookup-client,lookup,0.8874999999761712
lookup-client,lookup,0.9696669999925689
lookup-client,lookup,0.8097090000092066
lookup-client,lookup,0.7954999999810752
lookup-client,lookup,1.062291999971876
lookup-client,lookup,0.7554590000040662
lookup-client,lookup,1.1600830000020323
lookup-client,lookup,0.9021249999818792
lookup-client,lookup,1.199833999976363
lookup-client,lookup,1.2117499999817483
lookup-client,lookup,0.8690829999977723
lookup-client,lookup,1.5046660000166412
lookup-client,lookup,1.2829170000259182
lookup-client,lookup,0.9696250000388318
lookup-client,lookup,1.6690420000031736
lookup-client,lookup,1.2037909999662588
lookup-client,lookup,1.2012089999871023
lookup-client,lookup,0.9234159999778058
lookup-client,lookup,0.7110410000450429
lookup-client,lookup,2.0938339999929667
lookup-client,lookup,1.4627499999733118
lookup-client,lookup,1.5650830000026872
lookup-client,lookup,1.3556250000306136
lookup-client,lookup,1.4612500000339423
lookup-client,lookup,1.4447919999724945
lookup-client,lookup,1.0982089999629352
lookup-client,lookup,0.8968340000024
lookup-client,lookup,1.3255410000283518
lookup-client,lookup,1.302458999987266
lookup-client,lookup,1.8635829999880116
lookup-client,lookup,3.389625000011165
lookup-client,lookup,1.1935410000205593
lookup-client,lookup,0.9402910000062548
lookup-client,lookup,0.7551659999762705
lookup-client,lookup,1.3807500000098116
lookup-client,lookup,0.7304169999997612
lookup-client,lookup,0.9340409999936128
lookup-client,lookup,0.9719580000364658
lookup-client,lookup,0.9128340000188473
lookup-client,lookup,1.7705829999954403
lookup-client,lookup,0.9190420000209087
lookup-client,lookup,0.9414579999997841
lookup-client,lookup,1.1665419999644655
lookup-client,lookup,1.4402909999944313
lookup-client,lookup,1.2194579999800226
lookup-client,lookup,0.9486250000350083
lookup-client,lookup,1.106665999998313
lookup-client,lookup,0.9920829999714442
lookup-client,lookup,1.382292000016605
lookup-client,lookup,0.9747919999654187
lookup-client,lookup,0.7884999999987485
lookup-client,lookup,0.9231249999857027
lookup-client,lookup,1.2244160000136617
lookup-client,lookup,2.749332999997023
lookup-client,lookup,0.9955829999626076
lookup-client,lookup,0.8987090000118769
lookup-client,lookup,0.8913750000374421
lookup-client,lookup,0.922000000002754
lookup-client,lookup,1.0777499999790052
lookup-client,lookup,1.5291670000010527
lookup-client,lookup,1.1708750000138934
lookup-client,lookup,0.7951250000246546
lookup-client,lookup,1.5442919999486548
lookup-client,lookup,0.8850419999930637
lookup-client,lookup,1.287582999964343
lookup-client,lookup,1.5273340000021562
lookup-client,lookup,1.841749999982767
lookup-client,lookup,0.8232499999962783
lookup-client,lookup,0.6994170000211852
lookup-client,lookup,1.3213340000106655
lookup-client,lookup,1.5934999999558386
lookup-client,lookup,1.214749999974174
lookup-client,lookup,1.6323329999750058
lookup-client,lookup,2.461374999995769
lookup-client,lookup,1.6475839999543496
lookup-client,lookup,1.125375000015083
lookup-client,lookup,1.0199999999827014
lookup-client,lookup,0.6896659999711119
lookup-client,lookup,1.428374999989046
lookup-client,lookup,1.0950419999744554
lookup-client,lookup,0.8640830000103961
lookup-client,lookup,0.8535000000051696
lookup-client,lookup,1.117165999971803
lookup-client,lookup,1.5160419999915575
lookup-client,lookup,1.2136249999912252
lookup-client,lookup,1.2327910000067277
lookup-client,lookup,0.8638749999931861
lookup-client,lookup,1.0148329999992711
lookup-client,lookup,1.5267910000034135
lookup-client,lookup,0.853167000002486
lookup-client,lookup,0.8710000000178297
lookup-client,lookup,0.8308330000090791
lookup-client,lookup,1.3723749999599022
lookup-client,lookup,2.0416250000039327
lookup-client,lookup,0.8372909999820877
lookup-client,lookup,1.0677079999936723
lookup-client,lookup,1.5907499999912034
lookup-client,lookup,1.2982089999695745
lookup-client,lookup,1.4872919999788792
lookup-client,lookup,0.7744579999666712
lookup-client,lookup,1.154708000001392
lookup-client,lookup,0.7010839999566087
lookup-client,lookup,1.125457999989976
lookup-client,lookup,0.7190000000036889
lookup-client,lookup,0.7590000000163855
lookup-client,lookup,1.0909590000096614
lookup-client,lookup,0.6250410000347983
lookup-client,lookup,0.6786670000451522
lookup-client,lookup,1.4252080000005662
lookup-client,lookup,1.852832999986731
lookup-client,lookup,1.2112079999724301
lookup-client,lookup,0.49408399996764274
lookup-client,lookup,1.275875000033011
lookup-client,lookup,1.5178750000472974
lookup-client,lookup,1.0154170000191698
lookup-client,lookup,0.8481250000045293
lookup-client,lookup,1.363292000007732
lookup-client,lookup,0.9020000000532491
lookup-client,lookup,1.2520829999971284
lookup-client,lookup,1.1114589999579039
lookup-client,lookup,0.8774589999802629
lookup-client,lookup,1.2155829999755952
lookup-client,lookup,1.6578330000243113
lookup-client,lookup,1.336500000036267
lookup-client,lookup,1.034792000041307
lookup-client,lookup,1.1719160000325246
lookup-client,lookup,0.8841659999916374
lookup-client,lookup,0.7415830000354617
lookup-client,lookup,0.9974580000289279
lookup-client,lookup,1.0891250000213404
lookup-client,lookup,2.160792000040601
lookup-client,lookup,2.289749999988544
lookup-client,lookup,1.3566670000386694
lookup-client,lookup,0.7331659999749718
lookup-client,lookup,0.7607079999729649
lookup-client,lookup,1.1949999999956162
lookup-client,lookup,1.0575000000017099
lookup-client,lookup,1.0777500000358486
lookup-client,lookup,1.6614159999903677
lookup-client,lookup,1.030458999991879
lookup-client,lookup,0.6844590000127937
lookup-client,lookup,1.0569160000386546
lookup-client,lookup,0.6070410000234006
lookup-client,lookup,0.6453749999764113
lookup-client,lookup,1.7644160000145348
lookup-client,lookup,0.9832079999796406
lookup-client,lookup,1.0585420000097656
lookup-client,lookup,1.1769170000093254
lookup-client,lookup,0.9329999999749816
lookup-client,lookup,0.6584999999859065
lookup-client,lookup,1.8827920000035192
lookup-client,lookup,1.3328329999922062
lookup-client,lookup,107.80233399998451
lookup-client,lookup,6.738457999972525
lookup-client,lookup,3.4994580000216047
lookup-client,lookup,2.9278750000116815
lookup-client,lookup,1.8192499999827305
lookup-client,lookup,1.9434580000279311
lookup-client,lookup,1.5773330000001806
lookup-client,lookup,1.9420410000066113
lookup-client,lookup,2.3145000000113214
lookup-client,lookup,2.298749999965821
lookup-client,lookup,1.1236670000016602
lookup-client,lookup,1.7141250000349828
lookup-client,lookup,0.999667000030513
lookup-client,lookup,1.235624999992524
lookup-client,lookup,1.5016250000030595
lookup-client,lookup,1.9028339999636046
lookup-client,lookup,1.1435419999656915
lookup-client,lookup,1.0934579999570815
lookup-client,lookup,1.5483749999702923
lookup-client,lookup,2.0973329999947055
lookup-client,lookup,1.7079589999866585
lookup-client,lookup,0.9703750000085165
lookup-client,lookup,2.1219999999857464
lookup-client,lookup,1.116499999966436
lookup-client,lookup,1.6190829999800371
lookup-client,lookup,1.7718329999638627
lookup-client,lookup,0.8414589999574673
lookup-client,lookup,2.422249999995074
lookup-client,lookup,1.1200830000461792
lookup-client,lookup,0.9531250000236469
lookup-client,lookup,0.7031670000401391
lookup-client,lookup,1.5105840000160242
lookup-client,lookup,2.0002910000016527
lookup-client,lookup,0.989124999989599
lookup-client,lookup,1.7007499999976972
lookup-client,lookup,0.8508749999691645
lookup-client,lookup,1.3936249999915162
lookup-client,lookup,1.6450830000280803
lookup-client,lookup,1.0632080000050337
lookup-client,lookup,1.1237500000333966
lookup-client,lookup,1.1571249999633437
lookup-client,lookup,1.7101249999882384
lookup-client,lookup,1.1721669999928963
lookup-client,lookup,1.6892909999910444
lookup-client,lookup,0.8256660000256488
lookup-client,lookup,1.7650830000093265
lookup-client,lookup,1.53304200000548
lookup-client,lookup,0.9722089999968375
lookup-client,lookup,0.8569169999645965
lookup-client,lookup,0.9667089999538803
lookup-client,lookup,0.9054580000338319
lookup-client,lookup,1.0029590000044664
lookup-client,lookup,1.0302919999958249
lookup-client,lookup,1.097583999978724
lookup-client,lookup,1.3928340000006756
lookup-client,lookup,1.1529160000236516
lookup-client,lookup,1.095708000036666
lookup-client,lookup,0.7595000000151231
lookup-client,lookup,1.0199159999615404
lookup-client,lookup,3.3836250000263135
lookup-client,lookup,1.214833999995335
lookup-client,lookup,1.144000000010692
lookup-client,lookup,0.8556249999855936
lookup-client,lookup,1.6507079999996677
lookup-client,lookup,1.06408400000646
lookup-client,lookup,1.0355409999647236
lookup-client,lookup,0.9017090000043027
lookup-client,lookup,1.1165829999981725
lookup-client,lookup,2.032665999990968
lookup-client,lookup,1.3145419999887054
lookup-client,lookup,1.0141249999833235
lookup-client,lookup,1.9455419999871992
lookup-client,lookup,1.1745420000011109
lookup-client,lookup,1.6020410000123775
lookup-client,lookup,1.4741670000262275
lookup-client,lookup,1.3241670000070371
lookup-client,lookup,0.6003749999763386
lookup-client,lookup,1.7873749999921529
lookup-client,lookup,0.8267910000085976
lookup-client,lookup,0.9635410000328193
lookup-client,lookup,0.90795800002752
lookup-client,lookup,2.6719589999970594
lookup-client,lookup,1.4934580000272035
lookup-client,lookup,1.5667079999843736
lookup-client,lookup,1.8457919999832484
lookup-client,lookup,1.2143750000177533
lookup-client,lookup,1.687791999984256
lookup-client,lookup,1.1747499999614774
lookup-client,lookup,0.7894170000213308
lookup-client,lookup,1.6781660000333432
lookup-client,lookup,0.9407080000300994
lookup-client,lookup,0.5197500000235777
lookup-client,lookup,0.9429579999959969
lookup-client,lookup,1.2343749999672582
lookup-client,lookup,1.0444580000239512
lookup-client,lookup,1.0550839999723394
lookup-client,lookup,0.6454169999869919
lookup-client,lookup,0.8022500000492983
lookup-client,lookup,0.5426250000368782
lookup-client,lookup,0.6914589999951204
lookup-client,lookup,0.6589999999846441
lookup-client,lookup,1.2264160000086122
lookup-client,lookup,0.63795799997024
lookup-client,lookup,1.1732909999864205
lookup-client,lookup,0.5545419999748447
lookup-client,lookup,0.7564169999909609
lookup-client,lookup,1.2150410000231204
lookup-client,lookup,0.781916999983423
lookup-client,lookup,0.9498329999928501
lookup-client,lookup,0.5303750000393848
lookup-client,lookup,0.9119589999500022
lookup-client,lookup,1.1760840000079043
lookup-client,lookup,0.7995830000027127
lookup-client,lookup,0.6980840000210264
lookup-client,lookup,1.0567920000426057
lookup-client,lookup,0.8281670000087615
lookup-client,lookup,0.7710410000072443
lookup-client,lookup,0.742750000028991
lookup-client,lookup,1.3422910000144839
lookup-client,lookup,0.9003750000147193
lookup-client,lookup,1.1488329999451707
lookup-client,lookup,0.5595000000084838
lookup-client,lookup,0.6827909999742587
lookup-client,lookup,0.94283299995368
lookup-client,lookup,1.4082090000329117
lookup-client,lookup,0.7318330000316564
lookup-client,lookup,0.6672499999922366
lookup-client,lookup,1.007582999989154
lookup-client,lookup,0.7224159999736912
lookup-client,lookup,1.0800420000123268
lookup-client,lookup,1.0435000000370565
lookup-client,lookup,0.7536249999589018
lookup-client,lookup,0.9957500000155051
lookup-client,lookup,0.9322079999947164
lookup-client,lookup,1.653750000002674
lookup-client,lookup,1.105709000000843
lookup-client,lookup,1.3348749999977372
lookup-client,lookup,0.8762500000329965
lookup-client,lookup,0.926457999980812
lookup-client,lookup,0.7520839999983764
lookup-client,lookup,0.809124999989308
lookup-client,lookup,1.6412079999668094
lookup-client,lookup,0.8188749999931133
lookup-client,lookup,0.6832499999518404
lookup-client,lookup,1.4466659999925469
lookup-client,lookup,0.8834159999651092
lookup-client,lookup,0.9943339999836098
lookup-client,lookup,0.90991600001189
lookup-client,lookup,1.8930009999849062
lookup-client,lookup,0.683458999958475
lookup-client,lookup,1.2003749999962565
lookup-client,lookup,0.8915829999978087
lookup-client,lookup,0.8119999999962602
lookup-client,lookup,0.9111250000159998
lookup-client,lookup,1.0431669999775295
lookup-client,lookup,0.978499999973792
lookup-client,lookup,0.6726249999928768
lookup-client,lookup,1.9057499999917127
lookup-client,lookup,3.1760839999606105
lookup-client,lookup,1.018457999975908
lookup-client,lookup,0.8850419999930637
lookup-client,lookup,1.5817089999927703
lookup-client,lookup,1.0797919999845362
lookup-client,lookup,1.1233339999989767
lookup-client,lookup,1.1152920000085942
lookup-client,lookup,1.1819999999715947
lookup-client,lookup,1.3339999999857355
lookup-client,lookup,1.2399579999851085
lookup-client,lookup,1.7558339999936834
lookup-client,lookup,0.9583750000388136
lookup-client,lookup,0.7492500000125801
lookup-client,lookup,0.8416249999640968
lookup-client,lookup,0.9279170000127124
lookup-client,lookup,1.4867090000052485
lookup-client,lookup,1.1497079999571724
lookup-client,lookup,1.1502080000127535
lookup-client,lookup,0.8438749999868378
lookup-client,lookup,0.7432919999814658
lookup-client,lookup,1.9214999999803695
lookup-client,lookup,1.3609160000100928
lookup-client,lookup,1.0906670000281338
lookup-client,lookup,0.5554589999974269
lookup-client,lookup,0.6329159999722833
lookup-client,lookup,1.1461670000016966
lookup-client,lookup,0.9655829999815069
lookup-client,lookup,0.919959000043491
lookup-client,lookup,0.9911249999845495
lookup-client,lookup,0.9202919999893311
lookup-client,lookup,1.385916999993242
lookup-client,lookup,0.7654170000250815
lookup-client,lookup,0.625333000016326
lookup-client,lookup,1.635875000033593
lookup-client,lookup,1.499332999969738
lookup-client,lookup,0.8328330000040296
lookup-client,lookup,0.8467079999832094
lookup-client,lookup,0.9385409999822514
lookup-client,lookup,0.8629580000274473
lookup-client,lookup,0.8624159999612857
lookup-client,lookup,1.6383340000061253
lookup-client,lookup,0.9603750000337641
lookup-client,lookup,0.8387920000245686
lookup-client,lookup,1.520207999988088
lookup-client,lookup,1.2389579999876332
lookup-client,lookup,1.6972920000171143
lookup-client,lookup,0.8465000000228429
lookup-client,lookup,0.9498750000034306
lookup-client,lookup,1.0829590000298595
lookup-client,lookup,1.145916999973906
lookup-client,lookup,1.0504169999876467
lookup-client,lookup,1.2106669999525366
lookup-client,lookup,1.0029999999687789
lookup-client,lookup,1.6342920000056438
lookup-client,lookup,0.9045420000006743
lookup-client,lookup,1.5099999999961256
lookup-client,lookup,0.7293330000379683
lookup-client,lookup,0.7112079999842535
lookup-client,lookup,0.7785840000451572
lookup-client,lookup,1.1285830000247188
lookup-client,lookup,0.8072089999586751
lookup-client,lookup,1.0173750000035398
lookup-client,lookup,0.8474589999991622
lookup-client,lookup,0.6857919999561091
lookup-client,lookup,0.8152920000270569
lookup-client,lookup,1.4835830000379246
lookup-client,lookup,1.0702079999873604
lookup-client,lookup,0.9632499999838728
lookup-client,lookup,0.9920410000177071
lookup-client,lookup,0.899041999957717
lookup-client,lookup,1.0418749999985266
lookup-client,lookup,0.6788329999949383
lookup-client,lookup,1.4721250000206965
lookup-client,lookup,0.7768749999854663
lookup-client,lookup,0.792166999985966
lookup-client,lookup,0.8746670000050472
lookup-client,lookup,1.1385409999888907
lookup-client,lookup,0.8183749999943757
lookup-client,lookup,0.5910419999963779
lookup-client,lookup,0.5796670000108861
lookup-client,lookup,0.5857919999812111
lookup-client,lookup,0.719166999999743
lookup-client,lookup,0.6303750000142827
lookup-client,lookup,0.4709589999833952
lookup-client,lookup,0.786042000015641
lookup-client,lookup,0.9170829999902708
lookup-client,lookup,0.7789590000015778
lookup-client,lookup,0.5402920000392442
lookup-client,lookup,0.8624999999824468
lookup-client,lookup,0.8589999999912834
lookup-client,lookup,0.9598329999676025
lookup-client,lookup,0.7450829999697817
lookup-client,lookup,0.7352499999910833
lookup-client,lookup,1.511542000002919
lookup-client,lookup,0.9908329999461785
lookup-client,lookup,0.9905000000003383
lookup-client,lookup,1.0741670000129488
lookup-client,lookup,1.2741250000090076
lookup-client,lookup,1.0998330000120404
lookup-client,lookup,1.1183340000116004
lookup-client,lookup,0.6866670000249542
lookup-client,lookup,1.0833329999968555
lookup-client,lookup,1.829624999970747
lookup-client,lookup,0.9407080000300994
lookup-client,lookup,0.9574999999699685
lookup-client,lookup,0.9717080000086753
lookup-client,lookup,0.8566669999936494
lookup-client,lookup,1.2139579999939087
lookup-client,lookup,1.5190839999945638
lookup-client,lookup,0.999249999949825
lookup-client,lookup,0.7722920000219347
lookup-client,lookup,1.040917000011632
lookup-client,lookup,1.2319580000053065
lookup-client,lookup,2.541125000050215
lookup-client,lookup,1.4412499999707507
lookup-client,lookup,0.9508329999903253
lookup-client,lookup,1.2232920000201375
lookup-client,lookup,1.2059580000141068
lookup-client,lookup,1.3566250000280888
lookup-client,lookup,1.0322919999907754
lookup-client,lookup,1.6160829999876114
lookup-client,lookup,1.1409999999614229
lookup-client,lookup,0.9289170000101876
lookup-client,lookup,1.129958000035458
lookup-client,lookup,0.9481249999794272
lookup-client,lookup,0.8001669999657679
lookup-client,lookup,0.9534999999800675
lookup-client,lookup,1.2421669999866936
lookup-client,lookup,1.8563330000347378
lookup-client,lookup,1.0152909999874282
lookup-client,lookup,0.9029170000189879
lookup-client,lookup,0.5955000000312793
lookup-client,lookup,0.8689579999554553
lookup-client,lookup,1.7615419999970072
lookup-client,lookup,1.386374999981399
lookup-client,lookup,0.8021669999607184
lookup-client,lookup,0.941167000007681
lookup-client,lookup,0.9647499999800857
lookup-client,lookup,1.1690829999793095
lookup-client,lookup,1.166334000004099
lookup-client,lookup,1.0508330000220667
lookup-client,lookup,1.0202920000210725
lookup-client,lookup,1.1425829999893722
lookup-client,lookup,1.3795410000057018
lookup-client,lookup,0.7605000000125983
lookup-client,lookup,0.9049579999782509
lookup-client,lookup,0.8756249999919419
lookup-client,lookup,0.9216249999894899
lookup-client,lookup,0.706499999978405
lookup-client,lookup,1.0801669999978003
lookup-client,lookup,1.1178330000234382
lookup-client,lookup,1.7594580000377391
lookup-client,lookup,0.947625000037533
lookup-client,lookup,1.1089579999747912
lookup-client,lookup,1.5346669999871665
lookup-client,lookup,0.7572920000029626
lookup-client,lookup,1.325749999978143
lookup-client,lookup,0.856958999975177
lookup-client,lookup,1.0839999999916472
lookup-client,lookup,0.9506249999731153
lookup-client,lookup,0.9274580000351307
lookup-client,lookup,1.08549999998786
lookup-client,lookup,0.7571249999500651
lookup-client,lookup,0.9918750000110776
lookup-client,lookup,0.8071249999943575
lookup-client,lookup,0.7104580000145688
lookup-client,lookup,0.9686249999845131
lookup-client,lookup,0.7548750000410109
lookup-client,lookup,1.1882919999948172
lookup-client,lookup,0.9358749999819338
lookup-client,lookup,1.3940000000047803
lookup-client,lookup,0.8893329999750677
lookup-client,lookup,0.8058749999690917
lookup-client,lookup,0.9554160000107004
lookup-client,lookup,1.534542000001693
lookup-client,lookup,1.0177499999599604
lookup-client,lookup,1.0775409999723706
lookup-client,lookup,0.988959000039813
lookup-client,lookup,0.8498330000179521
lookup-client,lookup,0.9997920000159866
lookup-client,lookup,0.8751249999932043
lookup-client,lookup,1.267583000014838
lookup-client,lookup,0.855333000004066
lookup-client,lookup,0.9287500000141335
lookup-client,lookup,0.9551250000185973
lookup-client,lookup,0.6972909999944932
lookup-client,lookup,1.0126249999871106
lookup-client,lookup,0.8752080000249407
lookup-client,lookup,0.5805829999872003
lookup-client,lookup,1.1188749999746506
lookup-client,lookup,2.1049580000180868
lookup-client,lookup,1.3713330000086899
lookup-client,lookup,1.311041999997542
lookup-client,lookup,2.3254579999729685
lookup-client,lookup,0.8852919999640108
lookup-client,lookup,1.430416999994577
lookup-client,lookup,1.0094579999986308
lookup-client,lookup,1.0392909999836775
lookup-client,lookup,1.3007499999844185
lookup-client,lookup,1.7164580000326168
lookup-client,lookup,1.4855000000011387
lookup-client,lookup,1.848958000039147
lookup-client,lookup,2.2905420000256527
lookup-client,lookup,1.0317499999814572
lookup-client,lookup,1.8744999999853462
lookup-client,lookup,1.467875000003005
lookup-client,lookup,1.593582999987575
lookup-client,lookup,1.0871660000475458
lookup-client,lookup,0.8832080000047426
lookup-client,lookup,1.5512080000235073
lookup-client,lookup,1.1537080000039168
lookup-client,lookup,1.4295830000037313
lookup-client,lookup,1.396791999979996
lookup-client,lookup,1.160749999996824
lookup-client,lookup,0.6298340000512326
lookup-client,lookup,0.9109999999736829
lookup-client,lookup,1.0461249999593747
lookup-client,lookup,1.1993749999987813
lookup-client,lookup,0.7159170000363702
lookup-client,lookup,0.8438329999762573
lookup-client,lookup,0.5173330000047827
lookup-client,lookup,0.9089590000144199
lookup-client,lookup,0.8698749999780375
lookup-client,lookup,1.031625000052827
lookup-client,lookup,1.5112090000002354
lookup-client,lookup,1.6506249999679312
lookup-client,lookup,1.0315000000105101
lookup-client,lookup,0.9939999999915017
lookup-client,lookup,1.1386659999743642
lookup-client,lookup,0.8038750000309847
lookup-client,lookup,0.9336660000371921
lookup-client,lookup,1.2630420000050435
lookup-client,lookup,0.8819589999689015
lookup-client,lookup,0.8353750000082982
lookup-client,lookup,0.9734999999864158
lookup-client,lookup,0.6751249999865649
lookup-client,lookup,1.2035000000309992
lookup-client,lookup,0.7272080000007008
lookup-client,lookup,1.3500829999770758
lookup-client,lookup,0.9049579999782509
lookup-client,lookup,0.9506669999836959
lookup-client,lookup,0.9484170000177983
lookup-client,lookup,1.9561249999924257
lookup-client,lookup,1.0686250000162545
lookup-client,lookup,1.9299159999945914
lookup-client,lookup,1.2586250000481414
lookup-client,lookup,0.9483750000072177
lookup-client,lookup,3.7768340000070566
lookup-client,lookup,0.9758329999840498
lookup-client,lookup,0.974417000008998
lookup-client,lookup,1.3925000000085674
lookup-client,lookup,1.1223340000015014
lookup-client,lookup,0.8198749999905885
lookup-client,lookup,0.6578329999911148
lookup-client,lookup,1.6166249999969295
lookup-client,lookup,1.6829580000035094
lookup-client,lookup,3.2369580000022324
lookup-client,lookup,1.7159160000232987
lookup-client,lookup,1.04754099999127
lookup-client,lookup,0.875791999987996
lookup-client,lookup,0.6617920000167032
lookup-client,lookup,0.8479159999978947
lookup-client,lookup,1.2216250000278706
lookup-client,lookup,1.9364580000456044
lookup-client,lookup,0.7309169999984988
lookup-client,lookup,1.0863339999787058
lookup-client,lookup,1.0513750000313848
lookup-client,lookup,1.1692919999859441
lookup-client,lookup,1.0128339999937452
lookup-client,lookup,1.6603749999717365
lookup-client,lookup,1.2615419999519872
lookup-client,lookup,2.2407079999879898
lookup-client,lookup,1.0200830000144379
lookup-client,lookup,0.8727500000418331
lookup-client,lookup,0.8776660000080483
lookup-client,lookup,1.4537499999960346
lookup-client,lookup,0.9417910000024676
lookup-client,lookup,0.8089159999826734
lookup-client,lookup,0.8500420000245867
lookup-client,lookup,0.939042000027257
lookup-client,lookup,2.7759170000081212
lookup-client,lookup,2.067749999980606
lookup-client,lookup,1.0988749999683023
lookup-client,lookup,1.043499999980213
lookup-client,lookup,0.9402499999850988
lookup-client,lookup,1.1701660000085212
lookup-client,lookup,1.1387920000061058
lookup-client,lookup,4.540458999997554
lookup-client,lookup,1.4964160000090487
lookup-client,lookup,0.8170419999942169
lookup-client,lookup,0.9522500000116452
lookup-client,lookup,2.57183299999042
lookup-client,lookup,2.459208999994189
lookup-client,lookup,1.5823339999769814
lookup-client,lookup,1.0249169999951846
lookup-client,lookup,1.4506250000181353
lookup-client,lookup,1.7612500000154796
lookup-client,lookup,1.5454589999990276
lookup-client,lookup,0.8001249999551874
lookup-client,lookup,0.7618340000021817
lookup-client,lookup,0.888958000018647
lookup-client,lookup,1.825666000002002
lookup-client,lookup,1.9427079999445596
lookup-client,lookup,1.2767089999670134
lookup-client,lookup,1.9125000000030923
lookup-client,lookup,2.2825830000101632
lookup-client,lookup,1.315417000000707
lookup-client,lookup,1.223499999980504
lookup-client,lookup,0.9735830000181522
lookup-client,lookup,1.0714590000020507
lookup-client,lookup,1.0276660000272386
lookup-client,lookup,0.9602089999702912
lookup-client,lookup,1.0294169999838232
lookup-client,lookup,4.13229200000842
lookup-client,lookup,1.8012500000281761
lookup-client,lookup,2.105958000015562
lookup-client,lookup,0.8057910000047741
lookup-client,lookup,1.2633329999971465
lookup-client,lookup,2.7604580000115675
lookup-client,lookup,4.143583000029594
lookup-client,lookup,1.1722080000140522
lookup-client,lookup,1.9632500000170694
lookup-client,lookup,1.2482500000032815
lookup-client,lookup,0.737958999991406
lookup-client,lookup,0.8174579999717935
lookup-client,lookup,1.601875000005748
lookup-client,lookup,0.7645829999773923
lookup-client,lookup,0.585457999989103
lookup-client,lookup,0.7957089999877098
lookup-client,lookup,0.6641250000143373
lookup-client,lookup,1.6074170000024424
lookup-client,lookup,0.9356249999541433
lookup-client,lookup,1.2705419999861078
lookup-client,lookup,1.482708000025923
lookup-client,lookup,1.5415000000302825
lookup-client,lookup,1.377583999953913
lookup-client,lookup,0.7831669999518454
lookup-client,lookup,1.3610000000312539
lookup-client,lookup,1.859458000012637
lookup-client,lookup,2.113749999978154
lookup-client,lookup,1.3424159999999574
lookup-client,lookup,1.3019589999885284
lookup-client,lookup,1.1189579999495436
lookup-client,lookup,2.1421249999775682
lookup-client,lookup,0.6521249999877909
lookup-client,lookup,1.420082999970873
lookup-client,lookup,1.7089590000409771
lookup-client,lookup,1.1492919999795959
lookup-client,lookup,0.7121250000068358
lookup-client,lookup,1.1549999999829197
lookup-client,lookup,1.5451250000069194
lookup-client,lookup,1.547500000015134
lookup-client,lookup,1.132999999981621
lookup-client,lookup,1.2935830000060378
lookup-client,lookup,1.0251670000229751
lookup-client,lookup,1.6875829999776215
lookup-client,lookup,1.7090420000158701
lookup-client,lookup,0.576958999999988
lookup-client,lookup,1.5869169999973565
lookup-client,lookup,1.6027080000071692
lookup-client,lookup,0.9268750000046566
lookup-client,lookup,0.9800839999911659
lookup-client,lookup,1.1736669999891092
lookup-client,lookup,1.3087080000104834
lookup-client,lookup,1.800042000013491
lookup-client,lookup,0.913874999980635
lookup-client,lookup,0.9481669999900078
lookup-client,lookup,1.003667000020414
lookup-client,lookup,3.856708000000708
lookup-client,lookup,1.1212079999722846
lookup-client,lookup,1.3206659999696058
lookup-client,lookup,1.842875000022559
lookup-client,lookup,1.0902920000148697
lookup-client,lookup,1.0212500000079672
lookup-client,lookup,1.1132920000136437
lookup-client,lookup,1.4611660000127813
lookup-client,lookup,1.641583000036917
lookup-client,lookup,0.882415999967634
lookup-client,lookup,0.8043749999728789
lookup-client,lookup,1.7657500000041182
lookup-client,lookup,1.6445840000187673
lookup-client,lookup,0.8791250000399486
lookup-client,lookup,1.4857079999615053
lookup-client,lookup,1.1644169999840415
lookup-client,lookup,1.8307090000462267
lookup-client,lookup,1.355041000010715
lookup-client,lookup,0.8380410000086158
lookup-client,lookup,1.1141249999582215
lookup-client,lookup,2.1878340000398566
lookup-client,lookup,0.9535410000012234
lookup-client,lookup,0.5944999999769607
lookup-client,lookup,1.1919160000388729
lookup-client,lookup,1.0972919999971964
lookup-client,lookup,0.9728750000022046
lookup-client,lookup,0.54362499997751
lookup-client,lookup,0.754832999973587
lookup-client,lookup,1.0424579999721573
lookup-client,lookup,1.8001660000095399
lookup-client,lookup,1.025165999976707
lookup-client,lookup,0.7084169999984624
lookup-client,lookup,0.7440829999723064
lookup-client,lookup,1.626999999984946
lookup-client,lookup,1.1915000000044529
lookup-client,lookup,0.9137500000520049
lookup-client,lookup,0.656916000025376
lookup-client,lookup,0.8810420000031627
lookup-client,lookup,1.262958999973307
lookup-client,lookup,1.8163749999757783
lookup-client,lookup,0.6702090000203498
lookup-client,lookup,0.7960420000472368
lookup-client,lookup,1.2365410000256816
lookup-client,lookup,1.4588749999688844
lookup-client,lookup,1.2901249999686115
lookup-client,lookup,1.2244999999779793
lookup-client,lookup,0.8231250000108048
lookup-client,lookup,0.89858399996956
lookup-client,lookup,2.2156669999731093
lookup-client,lookup,0.9107500000027358
lookup-client,lookup,0.943042000017158
lookup-client,lookup,1.334000000042579
lookup-client,lookup,0.9996250000199325
lookup-client,lookup,0.9259169999609185
lookup-client,lookup,1.6421659999537042
lookup-client,lookup,1.4163330000087626
lookup-client,lookup,0.884374999998272
lookup-client,lookup,1.114290999964851
lookup-client,lookup,1.3682080000307906
lookup-client,lookup,0.9511669999824335
lookup-client,lookup,2.746999999999389
lookup-client,lookup,1.0804169999687474
lookup-client,lookup,1.3224579999473463
lookup-client,lookup,0.8356660000004013
lookup-client,lookup,1.7832500000167784
lookup-client,lookup,0.9401660000207812
lookup-client,lookup,0.9023749999528263
lookup-client,lookup,0.8232079999856978
lookup-client,lookup,1.3982500000224718
lookup-client,lookup,0.8397080000008827
lookup-client,lookup,0.8298750000221844
lookup-client,lookup,0.8607080000047063
lookup-client,lookup,1.4776250000068103
lookup-client,lookup,1.0235409999950207
lookup-client,lookup,0.7967919999600781
lookup-client,lookup,1.240375000008953
lookup-client,lookup,1.6570420000334707
lookup-client,lookup,1.78741699994589
lookup-client,lookup,1.0783330000094793
lookup-client,lookup,0.6020000000148684
lookup-client,lookup,0.865832999977556
lookup-client,lookup,1.1475830000335918
lookup-client,lookup,2.256792000025598
lookup-client,lookup,0.9239590000333919
lookup-client,lookup,1.4310829999999441
lookup-client,lookup,0.9189169999785918
lookup-client,lookup,1.2791659999606964
lookup-client,lookup,0.891208000041388
lookup-client,lookup,1.2311250000038854
lookup-client,lookup,1.0567909999963376
lookup-client,lookup,0.7123329999672023
lookup-client,lookup,1.0089999999536303
lookup-client,lookup,0.8982919999880323
lookup-client,lookup,1.2934169999994083
lookup-client,lookup,1.0521250000010696
lookup-client,lookup,1.4857079999615053
lookup-client,lookup,1.5358330000481146
lookup-client,lookup,1.0027080000440947
lookup-client,lookup,1.3014169999792102
lookup-client,lookup,1.4693749999992178
lookup-client,lookup,1.1657919999947808
lookup-client,lookup,2.4719580000009955
lookup-client,lookup,4.965874999982134
lookup-client,lookup,1.442542000006597
lookup-client,lookup,1.2235419999910846
lookup-client,lookup,1.193542000009984
lookup-client,lookup,1.1807910000243282
lookup-client,lookup,0.5921669999793266
lookup-client,lookup,0.8127909999871008
lookup-client,lookup,1.1359579999634661
lookup-client,lookup,0.8182500000089021
lookup-client,lookup,0.8227920000081212
lookup-client,lookup,1.0634590000222488
lookup-client,lookup,0.6138749999990978
lookup-client,lookup,0.7963749999930769
lookup-client,lookup,0.9420409999734147
lookup-client,lookup,1.7387080000048627
lookup-client,lookup,0.7187500000327418
lookup-client,lookup,1.0728330000233655
lookup-client,lookup,0.6812090000494209
lookup-client,lookup,0.7188749999613719
lookup-client,lookup,0.8883749999881729
lookup-client,lookup,0.6301669999970727
lookup-client,lookup,0.9695830000282513
lookup-client,lookup,1.51358400000845
lookup-client,lookup,0.8386249999716711
lookup-client,lookup,2.1575829999846974
lookup-client,lookup,0.9054590000232565
lookup-client,lookup,0.9044580000363567
lookup-client,lookup,1.8749580000303467
lookup-client,lookup,0.9807920000071135
lookup-client,lookup,0.9732080000048882
lookup-client,lookup,0.7084590000090429
lookup-client,lookup,1.1782089999883283
lookup-client,lookup,1.4794589999951313
lookup-client,lookup,1.5962919999878977
lookup-client,lookup,1.135833000034836
lookup-client,lookup,1.6494170000100894
lookup-client,lookup,0.756959000000279
lookup-client,lookup,1.308958000038274
lookup-client,lookup,1.0439590000146381
lookup-client,lookup,0.8387919999677251
lookup-client,lookup,1.6234169999620462
lookup-client,lookup,1.758875000007265
lookup-client,lookup,1.8824999999651482
lookup-client,lookup,0.8147080000071583
lookup-client,lookup,1.0293749999732427
lookup-client,lookup,0.8623339999758173
lookup-client,lookup,0.7540830000039023
lookup-client,lookup,1.2765830000489586
lookup-client,lookup,1.6259999999874708
lookup-client,lookup,0.9243750000109685
lookup-client,lookup,0.7790829999976268
lookup-client,lookup,0.9986660000436132
lookup-client,lookup,0.7771669999669939
lookup-client,lookup,0.7157910000046286
lookup-client,lookup,0.9895419999566002
lookup-client,lookup,0.9256669999899714
lookup-client,lookup,1.2953340000194657
lookup-client,lookup,1.093707999984872
lookup-client,lookup,0.7906249999791726
lookup-client,lookup,0.6106249999788815
lookup-client,lookup,0.6808750000004693
lookup-client,lookup,0.8107090000066819
lookup-client,lookup,1.8607920000022204
lookup-client,lookup,0.6737080000220885
lookup-client,lookup,0.7627500000353393
lookup-client,lookup,1.1187919999997575
lookup-client,lookup,1.552083000035509
lookup-client,lookup,1.0747499999865795
lookup-client,lookup,0.9094169999457336
lookup-client,lookup,1.6301669999734258
lookup-client,lookup,1.7041659999676995
lookup-client,lookup,1.3647920000039448
lookup-client,lookup,0.9841659999665353
lookup-client,lookup,0.6127919999698861
lookup-client,lookup,0.6487920000495251
lookup-client,lookup,0.9988749999934043
lookup-client,lookup,1.672665999990386
lookup-client,lookup,0.9200829999826965
lookup-client,lookup,0.8856659999878502
lookup-client,lookup,0.4242500000373184
lookup-client,lookup,0.9700419999489895
lookup-client,lookup,1.2914590000150383
lookup-client,lookup,0.7666249999829233
lookup-client,lookup,0.8245409999858566
lookup-client,lookup,0.7662919999802398
lookup-client,lookup,1.2610829999744055
lookup-client,lookup,2.1974169999907645
lookup-client,lookup,0.6442499999934626
lookup-client,lookup,1.0486659999742187
lookup-client,lookup,1.0927080000442402
lookup-client,lookup,1.5950000000088949
lookup-client,lookup,1.3351670000361082
lookup-client,lookup,1.106750000019474
lookup-client,lookup,0.9614999999598695
lookup-client,lookup,0.7362910000097145
lookup-client,lookup,1.2422080000078495
lookup-client,lookup,0.8109169999670485
lookup-client,lookup,1.1302089999958298
lookup-client,lookup,1.1097500000118998
lookup-client,lookup,0.9107079999921552
lookup-client,lookup,1.1682500000347318
lookup-client,lookup,1.591041999972731
lookup-client,lookup,1.8024999999965985
lookup-client,lookup,1.5975410000237389
lookup-client,lookup,0.5975839999905475
lookup-client,lookup,2.091417000031015
lookup-client,lookup,0.8168329999875823
lookup-client,lookup,0.9167910000087431
lookup-client,lookup,0.8275840000351309
lookup-client,lookup,1.8070409999495496
lookup-client,lookup,0.6938330000139104
lookup-client,lookup,1.2159579999888592
lookup-client,lookup,0.7287079999969137
lookup-client,lookup,0.7804999999621032
lookup-client,lookup,0.9432919999881051
lookup-client,lookup,0.9394589999942582
lookup-client,lookup,2.155791000006957
lookup-client,lookup,1.141792000055375
lookup-client,lookup,0.6075420000115628
lookup-client,lookup,0.9134579999567904
lookup-client,lookup,0.7544590000065909
lookup-client,lookup,1.4508339999679265
lookup-client,lookup,0.9031249999793545
lookup-client,lookup,1.3033749999635802
lookup-client,lookup,1.0364999999978863
lookup-client,lookup,2.1367919999875085
lookup-client,lookup,0.6883340000172211
lookup-client,lookup,0.7731670000339363
lookup-client,lookup,1.3497090000100798
lookup-client,lookup,1.1012499999765168
lookup-client,lookup,0.9754999999813663
lookup-client,lookup,1.5531249999867214
lookup-client,lookup,0.7149580000032074
lookup-client,lookup,1.1858750000328655
lookup-client,lookup,1.4262499999517786
lookup-client,lookup,1.2547499999868705
lookup-client,lookup,0.9042919999728838
lookup-client,lookup,0.711167000019941
lookup-client,lookup,1.2764169999854857
lookup-client,lookup,1.8907090000084281
lookup-client,lookup,1.7174170000089362
lookup-client,lookup,1.3437920000001213
lookup-client,lookup,1.2036249999596293
lookup-client,lookup,0.722958999972434
lookup-client,lookup,0.9314579999681882
lookup-client,lookup,1.0945000000219807
lookup-client,lookup,2.251499999999851
lookup-client,lookup,1.2442080000028
lookup-client,lookup,0.7311250000157088
lookup-client,lookup,0.8076249999930951
lookup-client,lookup,0.7420410000236188
lookup-client,lookup,1.0837080000101196
lookup-client,lookup,1.0427500000105283
lookup-client,lookup,0.9967500000129803
lookup-client,lookup,1.4924579999728849
lookup-client,lookup,1.1097500000118998
lookup-client,lookup,2.6749580000000606
lookup-client,lookup,1.0083749999694192
lookup-client,lookup,1.156374999993659
lookup-client,lookup,1.3037079999662637
lookup-client,lookup,1.728791999994428
lookup-client,lookup,1.653999999973621
lookup-client,lookup,0.8748749999654137
lookup-client,lookup,0.8734169999797814
lookup-client,lookup,1.0900839999976597
lookup-client,lookup,0.7726670000351987
lookup-client,lookup,0.8159590000218486
lookup-client,lookup,0.9859580000011192
lookup-client,lookup,0.8222499999988031
lookup-client,lookup,1.0884170000053928
lookup-client,lookup,1.599999999996271
lookup-client,lookup,1.4517500000010841
lookup-client,lookup,1.2102079999749549
lookup-client,lookup,1.2914159999581898
lookup-client,lookup,1.0899170000016056
lookup-client,lookup,0.7161249999967367
lookup-client,lookup,0.6994590000317658
lookup-client,lookup,1.1052920000338418
lookup-client,lookup,1.988959000016166
lookup-client,lookup,0.7315409999932854
lookup-client,lookup,0.8148330000494752
lookup-client,lookup,1.1913329999515554
lookup-client,lookup,1.884333000020888
lookup-client,lookup,1.0741670000129488
lookup-client,lookup,1.621958999976414
lookup-client,lookup,1.039790999982415
lookup-client,lookup,0.5762920000051963
lookup-client,lookup,1.333875000000262
lookup-client,lookup,2.054624999971111
lookup-client,lookup,1.3426670000171725
lookup-client,lookup,1.1230000000068685
lookup-client,lookup,0.8788339999910022
lookup-client,lookup,0.9174580000035348
lookup-client,lookup,1.1780830000134301
lookup-client,lookup,0.7828340000060052
lookup-client,lookup,0.9100419999867881
lookup-client,lookup,1.2110000000120635
lookup-client,lookup,1.3348329999871567
lookup-client,lookup,2.99191599998494
lookup-client,lookup,2.2817920000193226
lookup-client,lookup,2.5671249999845713
lookup-client,lookup,1.8161250000048312
lookup-client,lookup,1.7262499999901593
lookup-client,lookup,2.094499999998334
lookup-client,lookup,1.3855409999905532
lookup-client,lookup,1.3128749999964384
lookup-client,lookup,1.5899169999897822
lookup-client,lookup,0.8136249999779466
lookup-client,lookup,0.6767909999894073
lookup-client,lookup,2.039165999974557
lookup-client,lookup,1.267166999980418
lookup-client,lookup,1.1245829999779744
lookup-client,lookup,1.0800830000334827
lookup-client,lookup,1.2518330000261813
lookup-client,lookup,0.9953329999916605
lookup-client,lookup,1.81550000002062
lookup-client,lookup,1.894667000044592
lookup-client,lookup,2.982040999995661
lookup-client,lookup,1.7239580000136812
lookup-client,lookup,2.113041000029625
lookup-client,lookup,1.9861250000303698
lookup-client,lookup,1.160292000008667
lookup-client,lookup,1.570665999963694
lookup-client,lookup,1.0599169999636615
lookup-client,lookup,0.7156670000085796
lookup-client,lookup,0.742084000023624
lookup-client,lookup,1.120416999981444
lookup-client,lookup,1.5757499999722313
lookup-client,lookup,1.7004169999950136
lookup-client,lookup,1.7931250000060572
lookup-client,lookup,2.517583999974704
lookup-client,lookup,1.4392919999863807
lookup-client,lookup,1.2983329999656235
lookup-client,lookup,1.838166999959867
lookup-client,lookup,1.8712919999757105
lookup-client,lookup,0.8451670000226841
lookup-client,lookup,1.0059169999863116
lookup-client,lookup,1.1884159999908661
lookup-client,lookup,1.2379589999795826
lookup-client,lookup,1.1250420000123995
lookup-client,lookup,0.9969579999733469
lookup-client,lookup,1.1135830000057467
lookup-client,lookup,0.9157910000112679
lookup-client,lookup,0.7673339999882955
lookup-client,lookup,0.7865839999681157
lookup-client,lookup,0.6660419999775513
lookup-client,lookup,1.4409580000460664
lookup-client,lookup,1.2013340000294193
lookup-client,lookup,0.5697920000216072
lookup-client,lookup,1.024334000021554
lookup-client,lookup,0.7930000000442305
lookup-client,lookup,0.7320839999920281
lookup-client,lookup,0.6057090000126664
lookup-client,lookup,1.2457920000201739
lookup-client,lookup,0.8682499999963511
lookup-client,lookup,1.0693749999859392
lookup-client,lookup,0.8968330000129754
lookup-client,lookup,0.5869999999958964
lookup-client,lookup,1.865667000004123
lookup-client,lookup,1.3854160000050797
lookup-client,lookup,1.5983330000040041
lookup-client,lookup,0.9437919999868427
lookup-client,lookup,2.9538329999923008
lookup-client,lookup,1.3818749999927604
lookup-client,lookup,1.112208999984432
lookup-client,lookup,0.6955840000273383
lookup-client,lookup,0.6343329999936032
lookup-client,lookup,1.950499999963995
lookup-client,lookup,1.1175419999744918
lookup-client,lookup,1.6475420000006125
lookup-client,lookup,0.7829159999914737
lookup-client,lookup,2.016332999971837
lookup-client,lookup,1.172458999974424
lookup-client,lookup,1.031417000035617
lookup-client,lookup,1.1253329999476591
lookup-client,lookup,1.2183340000433418
lookup-client,lookup,0.9618330000193964
lookup-client,lookup,0.8767909999960466
lookup-client,lookup,0.7252080000057504
lookup-client,lookup,0.7759590000091521
lookup-client,lookup,0.696540999967965
lookup-client,lookup,1.2833750000140753
lookup-client,lookup,1.1534170000118138
lookup-client,lookup,1.5068339999970704
lookup-client,lookup,1.3112080000041715
lookup-client,lookup,1.5427079999881244
lookup-client,lookup,1.0348749999593565
lookup-client,lookup,0.8027499999911925
lookup-client,lookup,0.8941670000126578
lookup-client,lookup,0.9009579999883499
lookup-client,lookup,1.0443330000384776
lookup-client,lookup,0.9793340000214812
lookup-client,lookup,1.374041000019588
lookup-client,lookup,0.8920419999753904
lookup-client,lookup,1.1718750000113687
lookup-client,lookup,1.1085830000183705
lookup-client,lookup,1.1940830000298774
lookup-client,lookup,1.2209590000225035
lookup-client,lookup,0.9584999999674437
lookup-client,lookup,1.2977920000025733
lookup-client,lookup,0.9634169999799269
lookup-client,lookup,1.0859170000117047
lookup-client,lookup,0.9857500000407526
lookup-client,lookup,1.0804170000255908
lookup-client,lookup,1.173499999993055
lookup-client,lookup,1.0941250000087166
lookup-client,lookup,2.3684580000349342
lookup-client,lookup,0.8036250000031941
lookup-client,lookup,0.8469999999647371
lookup-client,lookup,0.9465829999726338
lookup-client,lookup,2.080707999994047
lookup-client,lookup,0.9855420000235426
lookup-client,lookup,1.1308329999906164
lookup-client,lookup,0.5344589999936034
lookup-client,lookup,0.7490419999953701
lookup-client,lookup,1.0995830000410933
lookup-client,lookup,0.8118750000107866
lookup-client,lookup,1.310916999955225
lookup-client,lookup,0.8020000000215077
lookup-client,lookup,1.0447500000054788
lookup-client,lookup,1.1069999999904212
lookup-client,lookup,1.0395830000220485
lookup-client,lookup,1.0812499999701686
lookup-client,lookup,0.7409579999944071
lookup-client,lookup,1.1315840000065691
lookup-client,lookup,1.351125000041975
lookup-client,lookup,0.8748750000222572
lookup-client,lookup,1.1472080000203277
lookup-client,lookup,1.6507089999890923
lookup-client,lookup,1.2037500000019463
lookup-client,lookup,0.7759590000091521
lookup-client,lookup,1.4725830000088536
lookup-client,lookup,1.6586669999583137
lookup-client,lookup,1.1568749999923966
lookup-client,lookup,1.0359999999991487
lookup-client,lookup,0.8970410000301854
lookup-client,lookup,1.1800409999978
lookup-client,lookup,0.9101669999722617
lookup-client,lookup,0.6215000000224791
lookup-client,lookup,1.2889580000319256
lookup-client,lookup,1.2710420000416889
lookup-client,lookup,0.6829579999703128
lookup-client,lookup,1.2002499999539396
lookup-client,lookup,1.9928329999743255
lookup-client,lookup,1.327333999995517
lookup-client,lookup,1.030749999983982
lookup-client,lookup,1.4818330000139213
lookup-client,lookup,0.7694170000149825
lookup-client,lookup,1.2070000000221626
lookup-client,lookup,1.0400419999996302
lookup-client,lookup,1.2028749999899446
lookup-client,lookup,0.9171659999651638
lookup-client,lookup,0.5656669999893893
lookup-client,lookup,4.1845420000186095
lookup-client,lookup,0.9520840000050157
lookup-client,lookup,0.7036659999926087
lookup-client,lookup,0.9437089999551063
lookup-client,lookup,1.645917000018926
lookup-client,lookup,0.9680830000320384
lookup-client,lookup,1.1346670000307313
lookup-client,lookup,0.610499999993408
lookup-client,lookup,0.8038750000309847
lookup-client,lookup,1.2560840000332973
lookup-client,lookup,2.2555410000109077
lookup-client,lookup,0.9596250000072359
lookup-client,lookup,2.22129200000154
lookup-client,lookup,0.8577080000122805
lookup-client,lookup,0.8217500000000655
lookup-client,lookup,1.7195830000105161
lookup-client,lookup,1.0416250000275795
lookup-client,lookup,1.1448750000226937
lookup-client,lookup,1.282082999978229
lookup-client,lookup,1.049958000010065
lookup-client,lookup,1.3873749999788743
lookup-client,lookup,0.9325419999868245
lookup-client,lookup,1.3612909999665135
lookup-client,lookup,0.6977080000183378
lookup-client,lookup,0.8940419999703408
lookup-client,lookup,1.206958000011582
lookup-client,lookup,1.9054159999996045
lookup-client,lookup,1.2070000000221626
lookup-client,lookup,0.8772920000410522
lookup-client,lookup,1.7685410000467527
lookup-client,lookup,1.629165999986526
lookup-client,lookup,0.8465839999871605
lookup-client,lookup,0.6686670000135564
lookup-client,lookup,1.0204169999497026
lookup-client,lookup,0.7352920000016638
lookup-client,lookup,0.8627079999996567
lookup-client,lookup,1.6535839999960444
lookup-client,lookup,1.2460840000017015
lookup-client,lookup,0.7370000000150867
lookup-client,lookup,0.9777079999935268
lookup-client,lookup,0.6789159999698313
lookup-client,lookup,1.195957999982511
lookup-client,lookup,1.2915830000110873
lookup-client,lookup,0.9236669999950209
lookup-client,lookup,0.8234590000029129
lookup-client,lookup,0.5869170000210033
lookup-client,lookup,1.1334580000266214
lookup-client,lookup,2.3786660000268967
lookup-client,lookup,1.271541999983583
lookup-client,lookup,0.6526249999865286
lookup-client,lookup,1.9545420000213198
lookup-client,lookup,1.4525830000025053
lookup-client,lookup,0.689834000013434
lookup-client,lookup,1.156416000014815
lookup-client,lookup,1.0889999999790234
lookup-client,lookup,1.1868749999734973
lookup-client,lookup,1.011875000017426
lookup-client,lookup,0.7814169999846854
lookup-client,lookup,0.5371670000045015
lookup-client,lookup,1.266834000034578
lookup-client,lookup,1.539583000010225
lookup-client,lookup,0.930667000034191
lookup-client,lookup,1.0454170000002705
lookup-client,lookup,1.572624999994332
lookup-client,lookup,0.9746249999693646
lookup-client,lookup,1.3306669999906262
lookup-client,lookup,1.1598339999636664
lookup-client,lookup,1.5102090000027601
lookup-client,lookup,1.4989160000027368
lookup-client,lookup,0.9303329999852394
lookup-client,lookup,0.648708000028364
lookup-client,lookup,1.0489590000020144
lookup-client,lookup,1.459708000027149
lookup-client,lookup,0.798583999994662
lookup-client,lookup,1.0173749999466963
lookup-client,lookup,1.131916000019828
lookup-client,lookup,0.8435419999841542
lookup-client,lookup,0.9216249999894899
lookup-client,lookup,0.7806670000150007
lookup-client,lookup,0.5444999999895117
lookup-client,lookup,0.7200000000011642
lookup-client,lookup,0.8285000000114451
lookup-client,lookup,1.5960840000275311
lookup-client,lookup,1.8159170000444647
lookup-client,lookup,1.3369590000138487
lookup-client,lookup,0.8914590000017597
lookup-client,lookup,1.3974579999853631
lookup-client,lookup,1.2321250000013606
lookup-client,lookup,1.4044579999676898
lookup-client,lookup,1.1867919999986043
lookup-client,lookup,0.7434999999986758
lookup-client,lookup,0.9590419999767619
lookup-client,lookup,1.0735000000181572
lookup-client,lookup,1.4771659999723852
lookup-client,lookup,0.8988750000185064
lookup-client,lookup,1.1325830000146198
lookup-client,lookup,2.049832999944101
lookup-client,lookup,1.0298329999613998
lookup-client,lookup,2.3177500000315376
lookup-client,lookup,1.1413330000209498
lookup-client,lookup,0.8264169999847581
lookup-client,lookup,1.1908339999990858
lookup-client,lookup,2.0594169999981204
lookup-client,lookup,2.198541000041132
lookup-client,lookup,1.3998750000041582
lookup-client,lookup,0.9298749999970823
lookup-client,lookup,0.802583999984563
lookup-client,lookup,1.246417000004385
lookup-client,lookup,1.2112090000186981
lookup-client,lookup,1.1617079999837188
lookup-client,lookup,1.2582919999886144
lookup-client,lookup,1.6961249999667416
lookup-client,lookup,1.6085839999959717
lookup-client,lookup,1.235917000030895
lookup-client,lookup,0.7269169999517544
lookup-client,lookup,0.8673340000200369
lookup-client,lookup,0.8686669999633523
lookup-client,lookup,1.8200420000198392
lookup-client,lookup,0.7245420000003833
lookup-client,lookup,0.7894999999962238
lookup-client,lookup,0.9458750000135296
lookup-client,lookup,2.3580840000363423
lookup-client,lookup,1.2728749999837419
lookup-client,lookup,0.7468750000043656
lookup-client,lookup,1.0398750000035761
lookup-client,lookup,1.1244580000493443
lookup-client,lookup,0.9828750000338005
lookup-client,lookup,0.9924170000203958
lookup-client,lookup,0.9675830000333008
lookup-client,lookup,0.8788330000015776
lookup-client,lookup,1.0711249999530992
lookup-client,lookup,1.2271250000139844
lookup-client,lookup,1.346707999971386
lookup-client,lookup,1.177250000012009
lookup-client,lookup,1.2519580000116548
lookup-client,lookup,1.0611669999889273
lookup-client,lookup,0.9142499999938991
lookup-client,lookup,1.1775000000397995
lookup-client,lookup,0.6671669999605001
lookup-client,lookup,2.113000000008469
lookup-client,lookup,1.57479200004218
lookup-client,lookup,0.7927080000058595
lookup-client,lookup,1.495041999987734
lookup-client,lookup,1.1551250000252367
lookup-client,lookup,0.9948750000035034
lookup-client,lookup,0.8206670000276972
lookup-client,lookup,0.7852909999996882
lookup-client,lookup,1.9957079999812777
lookup-client,lookup,0.8567919999791229
lookup-client,lookup,1.183582999999544
lookup-client,lookup,1.353417000018453
lookup-client,lookup,0.7807500000467371
lookup-client,lookup,1.7469590000018798
lookup-client,lookup,0.765375000014501
lookup-client,lookup,1.1613340000167227
lookup-client,lookup,0.748584000007213
lookup-client,lookup,0.8973340000011376
lookup-client,lookup,0.6643340000209719
lookup-client,lookup,0.7574999999633292
lookup-client,lookup,1.330250000023625
lookup-client,lookup,1.7967079999721136
lookup-client,lookup,0.8556669999961741
lookup-client,lookup,1.043167000034373
lookup-client,lookup,1.7844589999640448
lookup-client,lookup,1.3294159999759358
lookup-client,lookup,0.7067499999493521
lookup-client,lookup,0.8910409999884905
lookup-client,lookup,1.505667000003541
lookup-client,lookup,0.8665830000040842
lookup-client,lookup,1.7527910000012525
lookup-client,lookup,0.9770839999987402
lookup-client,lookup,0.8840840000061689
lookup-client,lookup,0.9394170000405211
lookup-client,lookup,0.7447090000027856
lookup-client,lookup,3.257582999992792
lookup-client,lookup,0.9097500000052605
lookup-client,lookup,1.0766249999960564
lookup-client,lookup,0.7314159999509684
lookup-client,lookup,0.8077090000142562
lookup-client,lookup,1.354750000018612
lookup-client,lookup,1.3489159999835465
lookup-client,lookup,0.7642909999958647
lookup-client,lookup,0.7406660000128795
lookup-client,lookup,0.7287500000074942
lookup-client,lookup,0.9836670000140657
lookup-client,lookup,2.4414170000000013
lookup-client,lookup,0.740417000031357
lookup-client,lookup,0.8973750000222935
lookup-client,lookup,1.334124999971209
lookup-client,lookup,0.9019999999964057
lookup-client,lookup,1.326250000033724
lookup-client,lookup,1.0592500000257132
lookup-client,lookup,0.9256250000362343
lookup-client,lookup,0.9447909999948934
lookup-client,lookup,1.003541999978097
lookup-client,lookup,1.0824579999848538
lookup-client,lookup,0.7791250000082073
lookup-client,lookup,1.0372500000244145
lookup-client,lookup,1.0547089999590753
lookup-client,lookup,0.7637909999971271
lookup-client,lookup,1.3825420000443955
lookup-client,lookup,0.8777500000292093
lookup-client,lookup,0.7692079999515045
lookup-client,lookup,0.7407909999983531
lookup-client,lookup,1.2211249999722895
lookup-client,lookup,1.9166669999890473
lookup-client,lookup,0.7529169999997976
lookup-client,lookup,1.143750000039745
lookup-client,lookup,1.0904999999752363
lookup-client,lookup,0.6139999999845713
lookup-client,lookup,1.156541999989713
lookup-client,lookup,1.5417500000012296
lookup-client,lookup,1.4661249999790016
lookup-client,lookup,0.7835419999651094
lookup-client,lookup,0.6445420000318336
lookup-client,lookup,0.7776250000119944
lookup-client,lookup,1.1992909999776202
lookup-client,lookup,1.2785419999659098
lookup-client,lookup,0.7140829999912057
lookup-client,lookup,0.6664590000013959
lookup-client,lookup,0.7669579999856069
lookup-client,lookup,0.7938749999993888
lookup-client,lookup,1.3247910000018237
lookup-client,lookup,1.405459000011433
lookup-client,lookup,0.6720419999624028
lookup-client,lookup,1.0203749999959655
lookup-client,lookup,1.0752499999853171
lookup-client,lookup,1.4645420000078957
lookup-client,lookup,1.208750000046166
lookup-client,lookup,0.7787089999737873
lookup-client,lookup,1.1367920000111553
lookup-client,lookup,1.008333000015682
lookup-client,lookup,1.5627089999838972
lookup-client,lookup,2.4389590000168937
lookup-client,lookup,1.361709000036626
lookup-client,lookup,1.0405840000089484
lookup-client,lookup,0.5908340000360113
lookup-client,lookup,0.7829169999808983
lookup-client,lookup,1.068665999980567
lookup-client,lookup,2.368958000033672
lookup-client,lookup,1.3401670000234844
lookup-client,lookup,1.4689580000322167
lookup-client,lookup,0.91770900002075
lookup-client,lookup,0.7758330000342539
lookup-client,lookup,1.1070840000115822
lookup-client,lookup,1.0982499999840911
lookup-client,lookup,0.9825829999954294
lookup-client,lookup,1.3087909999853764
lookup-client,lookup,1.4734580000208553
lookup-client,lookup,0.9819590000006428
lookup-client,lookup,1.492750000011256
lookup-client,lookup,1.1448329999552698
lookup-client,lookup,1.630999999974847
lookup-client,lookup,1.609792000010657
lookup-client,lookup,0.8706250000045657
lookup-client,lookup,1.1345000000346772
lookup-client,lookup,1.7158750000021428
lookup-client,lookup,0.7119999999645188
lookup-client,lookup,0.7096250000131477
lookup-client,lookup,1.1372499999993124
lookup-client,lookup,0.8419170000024678
lookup-client,lookup,0.7145000000150503
lookup-client,lookup,1.0776249999935317
lookup-client,lookup,0.6980829999747584
lookup-client,lookup,0.7182080000234237
lookup-client,lookup,0.8337079999591879
lookup-client,lookup,2.0294580000381757
lookup-client,lookup,1.1300419999997757
lookup-client,lookup,1.0802919999832739
lookup-client,lookup,0.6670839999856071
lookup-client,lookup,1.041457999974682
lookup-client,lookup,1.3209589999974014
lookup-client,lookup,0.7955840000022363
lookup-client,lookup,0.734291000014764
lookup-client,lookup,0.8428330000356254
lookup-client,lookup,0.675625000042146
lookup-client,lookup,0.9326669999722981
lookup-client,lookup,1.4377500000364307
lookup-client,lookup,0.8264169999847581
lookup-client,lookup,0.7833750000258988
lookup-client,lookup,0.8633339999732925
lookup-client,lookup,0.7667910000463962
lookup-client,lookup,1.8769999999790343
lookup-client,lookup,1.0733749999758402
lookup-client,lookup,0.6970420000129707
lookup-client,lookup,1.0934160000033444
lookup-client,lookup,1.394959000037943
lookup-client,lookup,1.854874999992262
lookup-client,lookup,0.7483339999794225
lookup-client,lookup,1.7255829999953676
lookup-client,lookup,1.2246249999634529
lookup-client,lookup,0.9801250000123218
lookup-client,lookup,1.2174170000207596
lookup-client,lookup,0.7426669999972546
lookup-client,lookup,0.6615419999889127
lookup-client,lookup,1.3524170000209779
lookup-client,lookup,1.373750000027485
lookup-client,lookup,0.9681249999857755
lookup-client,lookup,1.0386249999783104
lookup-client,lookup,1.7095840000251883
lookup-client,lookup,1.3158749999888641
lookup-client,lookup,1.379582999959439
lookup-client,lookup,1.0454999999751635
lookup-client,lookup,1.8428330000119786
lookup-client,lookup,1.4617080000220994
lookup-client,lookup,1.3534169999616097
lookup-client,lookup,0.8413749999931497
lookup-client,lookup,0.9834999999611682
lookup-client,lookup,0.6926670000098056
lookup-client,lookup,0.9117909999645235
lookup-client,lookup,0.6320830000277056
lookup-client,lookup,6.4537500000483305
lookup-client,lookup,1.2145410000243828
lookup-client,lookup,1.6642919999867445
lookup-client,lookup,1.1438340000040625
lookup-client,lookup,0.9969579999733469
lookup-client,lookup,1.4495000000351865
lookup-client,lookup,0.8835420000536942
lookup-client,lookup,1.0566250000465516
lookup-client,lookup,1.677500000027976
lookup-client,lookup,0.9435419999590522
lookup-client,lookup,1.056000000005497
lookup-client,lookup,1.0928749999834508
lookup-client,lookup,1.0105420000172671
lookup-client,lookup,0.585416999967947
lookup-client,lookup,1.0491250000086438
lookup-client,lookup,1.2158750000139662
lookup-client,lookup,1.2447080000015376
lookup-client,lookup,1.329291999979887
lookup-client,lookup,1.1540829999603375
lookup-client,lookup,0.9804589999475866
lookup-client,lookup,0.5865410000183147
lookup-client,lookup,1.6114590000029239
lookup-client,lookup,1.4419999999972788
lookup-client,lookup,0.7512500000075306
lookup-client,lookup,0.8204579999642192
lookup-client,lookup,0.7313749999866559
lookup-client,lookup,2.343584000016108
lookup-client,lookup,1.011749999975109
lookup-client,lookup,1.2392500000260043
lookup-client,lookup,0.7449169999631522
lookup-client,lookup,1.2329999999565189
lookup-client,lookup,2.580708000039067
lookup-client,lookup,1.1613340000167227
lookup-client,lookup,0.6859590000090066
lookup-client,lookup,0.744417000021258
lookup-client,lookup,0.9691669999938313
lookup-client,lookup,2.549375000000964
lookup-client,lookup,0.7838340000034805
lookup-client,lookup,0.9430830000383139
lookup-client,lookup,0.7116249999512547
lookup-client,lookup,0.8811250000348991
lookup-client,lookup,1.1598329999742418
lookup-client,lookup,1.12899999999172
lookup-client,lookup,1.1519590000261815
lookup-client,lookup,1.4197499999681895
lookup-client,lookup,0.88904099999354
lookup-client,lookup,0.7716669999808801
lookup-client,lookup,0.7415419999574624
lookup-client,lookup,0.7971250000196051
lookup-client,lookup,1.1938750000126674
lookup-client,lookup,0.8071249999943575
lookup-client,lookup,0.572790999967765
lookup-client,lookup,0.7750419999865699
lookup-client,lookup,0.811166999994839
lookup-client,lookup,0.5380000000059226
lookup-client,lookup,1.69229099998347
lookup-client,lookup,0.7119160000002012
lookup-client,lookup,0.6731249999916145
lookup-client,lookup,0.8775000000014188
lookup-client,lookup,0.7773749999842039
lookup-client,lookup,1.4147500000376567
lookup-client,lookup,1.3822089999848686
lookup-client,lookup,1.1844590000009703
lookup-client,lookup,0.9499579999783236
lookup-client,lookup,1.306499999998323
lookup-client,lookup,1.3480410000283882
lookup-client,lookup,0.9358749999819338
lookup-client,lookup,1.0146249999820611
lookup-client,lookup,0.790124999980435
lookup-client,lookup,1.267958000028102
lookup-client,lookup,2.9428329999632297
lookup-client,lookup,0.8400419999929909
lookup-client,lookup,1.4365420000217455
lookup-client,lookup,0.7158340000046337
lookup-client,lookup,1.0369580000428869
lookup-client,lookup,1.1432500000410073
lookup-client,lookup,0.9719170000153099
lookup-client,lookup,1.0745410000367883
lookup-client,lookup,1.0151249999807987
lookup-client,lookup,3.132124999979169
lookup-client,lookup,5.120124999962172
lookup-client,lookup,1.379749999955493
lookup-client,lookup,0.7362499999885586
lookup-client,lookup,1.2728749999837419
lookup-client,lookup,0.9383329999650414
lookup-client,lookup,0.8980000000065047
lookup-client,lookup,0.6126250000306754
lookup-client,lookup,0.9941670000443992
lookup-client,lookup,0.49699999999575084
lookup-client,lookup,2.4760830000332135
lookup-client,lookup,0.9778749999895808
lookup-client,lookup,0.8122919999777878
lookup-client,lookup,1.0757080000303176
lookup-client,lookup,1.3564580000320348
lookup-client,lookup,1.354999999989559
lookup-client,lookup,0.7299589999547607
lookup-client,lookup,0.7377499999847714
lookup-client,lookup,1.1347920000162048
lookup-client,lookup,1.6179579999970883
lookup-client,lookup,1.312624999968648
lookup-client,lookup,1.3246250000520376
lookup-client,lookup,0.9519170000089616
lookup-client,lookup,0.8085839999694144
lookup-client,lookup,0.9172919999969054
lookup-client,lookup,0.8743329999560956
lookup-client,lookup,1.0860829999614907
lookup-client,lookup,0.7735000000366199
lookup-client,lookup,0.7751250000183063
lookup-client,lookup,1.972125000008873
lookup-client,lookup,1.1988750000000437
lookup-client,lookup,1.7748330000131318
lookup-client,lookup,0.8609999999862339
lookup-client,lookup,1.1861250000038126
lookup-client,lookup,0.7562499999949068
lookup-client,lookup,1.158165999981975
lookup-client,lookup,1.4927089999901
lookup-client,lookup,0.8173340000325879
lookup-client,lookup,1.6692089999992277
lookup-client,lookup,1.0255830000005517
lookup-client,lookup,1.6075839999984964
lookup-client,lookup,1.3397499999996398
lookup-client,lookup,1.1468330000070637
lookup-client,lookup,0.9149159999992662
lookup-client,lookup,0.8639999999786596
lookup-client,lookup,0.9349169999950391
lookup-client,lookup,1.8253329999993184
lookup-client,lookup,1.1822499999993852
lookup-client,lookup,0.7544169999960104
lookup-client,lookup,0.6345830000213937
lookup-client,lookup,2.1555420000254344
lookup-client,lookup,1.2006659999883595
lookup-client,lookup,1.683624999998301
lookup-client,lookup,0.6831250000232103
lookup-client,lookup,1.0202079999999114
lookup-client,lookup,1.0628329999917696
lookup-client,lookup,0.9856670000090162
lookup-client,lookup,1.6407080000249152
lookup-client,lookup,0.9974160000183474
lookup-client,lookup,0.763500000005024
lookup-client,lookup,1.0849999999891224
lookup-client,lookup,0.6744579999917732
lookup-client,lookup,0.9305000000381369
lookup-client,lookup,0.8627500000102373
lookup-client,lookup,1.9604579999850102
lookup-client,lookup,1.4212499999644024
lookup-client,lookup,0.5815000000097825
lookup-client,lookup,3.427582999961487
lookup-client,lookup,0.899457999992137
lookup-client,lookup,1.3862499999959255
lookup-client,lookup,0.5722910000258707
lookup-client,lookup,1.0490829999980633
lookup-client,lookup,1.7172499999560387
lookup-client,lookup,0.8886250000159635
lookup-client,lookup,0.9887500000331784
lookup-client,lookup,1.7528340000012577
lookup-client,lookup,1.062792000027457
lookup-client,lookup,0.8497079999756352
lookup-client,lookup,0.9954580000339774
lookup-client,lookup,1.4405830000328024
lookup-client,lookup,0.6599999999821193
lookup-client,lookup,1.4788340000109201
lookup-client,lookup,1.28391699996655
lookup-client,lookup,0.7540420000395898
lookup-client,lookup,0.9213750000185428
lookup-client,lookup,1.4566250000029868
lookup-client,lookup,0.890583999989758
lookup-client,lookup,1.3740420000090126
lookup-client,lookup,0.7847499999797947
lookup-client,lookup,1.2507919999507067
lookup-client,lookup,1.0571250000452892
lookup-client,lookup,0.6033340000044518
lookup-client,lookup,0.6454999999618849
lookup-client,lookup,0.8671670000239828
lookup-client,lookup,1.1949169999638798
lookup-client,lookup,1.0045000000218351
lookup-client,lookup,1.1266249999835054
lookup-client,lookup,0.9172499999863248
lookup-client,lookup,0.7377079999741909
lookup-client,lookup,1.0141249999833235
lookup-client,lookup,1.0009999999738284
lookup-client,lookup,0.8771250000449982
lookup-client,lookup,1.2984169999867845
lookup-client,lookup,0.7737079999969865
lookup-client,lookup,0.6619999999770698
lookup-client,lookup,0.9068329999877278
lookup-client,lookup,0.6413749999865104
lookup-client,lookup,1.6050830000153837
lookup-client,lookup,0.7989580000185015
lookup-client,lookup,1.4562080000359856
lookup-client,lookup,0.9809160000031625
lookup-client,lookup,0.7967920000169215
lookup-client,lookup,1.411833000020124
lookup-client,lookup,0.8027499999911925
lookup-client,lookup,2.6335000000017317
lookup-client,lookup,1.290084000004299
lookup-client,lookup,0.7655829999748676
lookup-client,lookup,0.8170830000153728
lookup-client,lookup,1.5193329999760863
lookup-client,lookup,0.771625000027143
lookup-client,lookup,1.0510839999824384
lookup-client,lookup,1.0468330000321657
lookup-client,lookup,0.5598330000111673
lookup-client,lookup,0.8990409999682925
lookup-client,lookup,1.131582999960301
lookup-client,lookup,1.3370419999887417
lookup-client,lookup,2.2152079999955276
lookup-client,lookup,1.4535419999788246
lookup-client,lookup,2.235917000007248
lookup-client,lookup,1.1363749999873107
lookup-client,lookup,0.6981250000421824
lookup-client,lookup,1.1390409999876283
lookup-client,lookup,0.6339590000266071
lookup-client,lookup,1.3930409999716176
lookup-client,lookup,0.8033749999754036
lookup-client,lookup,0.7190420000142694
lookup-client,lookup,1.0082919999945261
lookup-client,lookup,0.7701670000415106
lookup-client,lookup,1.5880419999803053
lookup-client,lookup,0.9553329999789639
lookup-client,lookup,0.723249999964537
lookup-client,lookup,0.9574999999699685
lookup-client,lookup,1.5154159999610783
lookup-client,lookup,0.7146250000005239
lookup-client,lookup,1.045665999981793
lookup-client,lookup,0.5533749999813153
lookup-client,lookup,2.0703330000060305
lookup-client,lookup,0.7616249999955471
lookup-client,lookup,0.6427909999615622
lookup-client,lookup,1.42020800001319
lookup-client,lookup,1.1564580000253954
lookup-client,lookup,0.6336249999776555
lookup-client,lookup,1.21962500003292
lookup-client,lookup,1.141500000017004
lookup-client,lookup,0.5814999999529391
lookup-client,lookup,1.9398339999838754
lookup-client,lookup,0.9293749999983447
lookup-client,lookup,0.6084999999984575
lookup-client,lookup,0.675582999974722
lookup-client,lookup,0.8306670000024496
lookup-client,lookup,1.0089169999787373
lookup-client,lookup,0.9816659999728472
lookup-client,lookup,1.0146249999820611
lookup-client,lookup,2.201333000016348
lookup-client,lookup,1.5478749999715546
lookup-client,lookup,0.6551250000370601
lookup-client,lookup,0.6597909999754847
lookup-client,lookup,1.0760829999867383
lookup-client,lookup,0.8000409999908698
lookup-client,lookup,0.7704999999873507
lookup-client,lookup,1.2594579999927191
lookup-client,lookup,4.20795799999496
lookup-client,lookup,1.2083750000329019
lookup-client,lookup,3.1553339999845775
lookup-client,lookup,72.56874999995944
lookup-client,lookup,1.5896250000082546
lookup-client,lookup,18.63824999998087
lookup-client,lookup,1.7599999999902138
lookup-client,lookup,1.2690840000004755
lookup-client,lookup,3.6329160000150296
lookup-client,lookup,1.2104580000027454
lookup-client,lookup,0.9832499999902211
lookup-client,lookup,1.810541999986981
lookup-client,lookup,1.6417089999549717
lookup-client,lookup,1.4372499999808497
lookup-client,lookup,0.8265000000164946
lookup-client,lookup,1.5648340000211647
lookup-client,lookup,1.8698749999543907
lookup-client,lookup,1.2534580000078677
lookup-client,lookup,1.0679170000003069
lookup-client,lookup,0.8293330000128663
lookup-client,lookup,0.9825410000416923
lookup-client,lookup,1.8457500000295113
lookup-client,lookup,1.3254579999966154
lookup-client,lookup,1.6159589999915625
lookup-client,lookup,2.0569170000044323
lookup-client,lookup,1.3851250000129767
lookup-client,lookup,1.8282500000168511
lookup-client,lookup,0.8312909999972362
lookup-client,lookup,0.7246250000321197
lookup-client,lookup,0.8710000000178297
lookup-client,lookup,1.859082999999373
lookup-client,lookup,1.0791660000109005
lookup-client,lookup,1.1886660000186566
lookup-client,lookup,0.5349169999817605
lookup-client,lookup,1.3596250000205146
lookup-client,lookup,13.481540999976005
lookup-client,lookup,1.4318330000264723
lookup-client,lookup,0.9189159999891672
lookup-client,lookup,1.0277499999915563
lookup-client,lookup,1.1977080000065143
lookup-client,lookup,0.8525419999614314
lookup-client,lookup,0.9402090000207863
lookup-client,lookup,1.0742919999984224
lookup-client,lookup,0.8703329999661946
lookup-client,lookup,0.8194170000024315
lookup-client,lookup,1.0720420000325248
lookup-client,lookup,1.1365409999939402
lookup-client,lookup,0.7648750000157634
lookup-client,lookup,0.8295840000300814
lookup-client,lookup,0.7825000000138971
lookup-client,lookup,1.194375000011405
lookup-client,lookup,0.6469589999937853
lookup-client,lookup,0.9352499999977226
lookup-client,lookup,0.8369579999794041
lookup-client,lookup,1.0552090000146563
lookup-client,lookup,0.6627079999930174
lookup-client,lookup,0.9265840000125536
lookup-client,lookup,0.7508749999942665
lookup-client,lookup,0.9084169999482583
lookup-client,lookup,1.249166000036439
lookup-client,lookup,0.9849170000393315
lookup-client,lookup,0.7519170000023223
lookup-client,lookup,1.0024580000163041
lookup-client,lookup,1.0193749999984902
lookup-client,lookup,1.2182919999759179
lookup-client,lookup,0.9945000000470827
lookup-client,lookup,1.344791000008172
lookup-client,lookup,0.8690839999871969
lookup-client,lookup,1.3147910000270713
lookup-client,lookup,1.6137499999899774
lookup-client,lookup,1.1920000000031905
lookup-client,lookup,0.8685419999778787
lookup-client,lookup,0.6298339999943892
lookup-client,lookup,0.9144169999899532
lookup-client,lookup,0.9532500000091204
lookup-client,lookup,0.9614579999492889
lookup-client,lookup,1.0340000000041982
lookup-client,lookup,0.8138750000057371
lookup-client,lookup,2.6247919999491387
lookup-client,lookup,0.8026250000057189
lookup-client,lookup,1.0952079999810849
lookup-client,lookup,0.7308340000236058
lookup-client,lookup,0.5314999999654901
lookup-client,lookup,1.20212500002026
lookup-client,lookup,1.8675000000030195
lookup-client,lookup,0.9140839999872696
lookup-client,lookup,1.1665419999644655
lookup-client,lookup,0.8430000000316795
lookup-client,lookup,1.2490830000047026
lookup-client,lookup,0.7576659999699586
lookup-client,lookup,1.141500000017004
lookup-client,lookup,1.1685420000162594
lookup-client,lookup,0.857166999992387
lookup-client,lookup,1.1421249999443717
lookup-client,lookup,0.6455839999830459
lookup-client,lookup,0.7632499999772335
lookup-client,lookup,1.062332999993032
lookup-client,lookup,0.8722090000219396
lookup-client,lookup,0.6987500000263935
lookup-client,lookup,0.8289579999996022
lookup-client,lookup,0.6011670000134473
lookup-client,lookup,0.7687500000201908
lookup-client,lookup,1.356957999973929
lookup-client,lookup,0.8901249999553329
lookup-client,lookup,0.5795840000359931
lookup-client,lookup,0.8055829999875641
lookup-client,lookup,0.6518339999956879
lookup-client,lookup,1.3360000000375294
lookup-client,lookup,0.8433749999881002
lookup-client,lookup,0.8565840000187563
lookup-client,lookup,0.8202909999681651
lookup-client,lookup,0.5770000000211439
lookup-client,lookup,1.887832999955208
lookup-client,lookup,1.5927919999967344
lookup-client,lookup,1.583083000014085
lookup-client,lookup,1.1430420000237973
lookup-client,lookup,1.6469589999701384
lookup-client,lookup,1.478500000018812
lookup-client,lookup,1.664917000027799
lookup-client,lookup,1.1400420000313716
lookup-client,lookup,1.5562079999540401
lookup-client,lookup,0.7772079999881498
lookup-client,lookup,1.0531660000197007
lookup-client,lookup,1.5142089999926611
lookup-client,lookup,2.055832999985796
lookup-client,lookup,1.1275830000272435
lookup-client,lookup,1.0117079999645284
lookup-client,lookup,1.1823749999848587
lookup-client,lookup,1.8115420000412996
lookup-client,lookup,0.9230420000108097
lookup-client,lookup,0.9998329999802991
lookup-client,lookup,1.246250000008331
lookup-client,lookup,1.0603329999980815
lookup-client,lookup,1.2965419999773076
lookup-client,lookup,0.8605410000086522
lookup-client,lookup,1.0925000000270302
lookup-client,lookup,0.8296670000049744
lookup-client,lookup,0.5787500000451473
lookup-client,lookup,1.497042000039528
lookup-client,lookup,1.2376249999874744
lookup-client,lookup,0.8681659999751901
lookup-client,lookup,1.1777500000107466
lookup-client,lookup,1.0884999999802858
lookup-client,lookup,0.644125000007989
lookup-client,lookup,1.9281250000062755
lookup-client,lookup,0.684000000035212
lookup-client,lookup,0.9757079999985763
lookup-client,lookup,0.9002909999935582
lookup-client,lookup,0.9189169999785918
lookup-client,lookup,1.0778750000213222
lookup-client,lookup,0.9656660000132433
lookup-client,lookup,0.8875830000079077
lookup-client,lookup,0.8226659999763797
lookup-client,lookup,1.0203749999959655
lookup-client,lookup,1.3057500000286382
lookup-client,lookup,0.6169590000126846
lookup-client,lookup,1.2766659999670082
lookup-client,lookup,0.673249999977088
lookup-client,lookup,0.8046250000006694
lookup-client,lookup,1.16737500002273
lookup-client,lookup,1.3104160000239062
lookup-client,lookup,1.210582999988219
lookup-client,lookup,0.832625000043663
lookup-client,lookup,0.9643749999668216
lookup-client,lookup,1.2436669999829064
lookup-client,lookup,0.8077089999574127
lookup-client,lookup,1.9012909999673866
lookup-client,lookup,1.2731250000115324
lookup-client,lookup,1.2595829999781927
lookup-client,lookup,1.6156670000100348
lookup-client,lookup,0.8164170000100057
lookup-client,lookup,0.6772080000132519
lookup-client,lookup,0.9305410000024494
lookup-client,lookup,1.0107919999882142
lookup-client,lookup,1.4319580000119458
lookup-client,lookup,0.8777500000292093
lookup-client,lookup,0.9961250000287691
lookup-client,lookup,0.900833999992301
lookup-client,lookup,0.7427079999615671
lookup-client,lookup,1.0000829999512462
lookup-client,lookup,1.2329169999816258
lookup-client,lookup,0.8712079999781963
lookup-client,lookup,0.9997090000410935
lookup-client,lookup,1.6317079999907946
lookup-client,lookup,1.781875000006039
lookup-client,lookup,0.7916659999978037
lookup-client,lookup,1.3532499999655556
lookup-client,lookup,0.6855839999957425
lookup-client,lookup,0.6247500000426953
lookup-client,lookup,2.055166999980429
lookup-client,lookup,0.8451669999658407
lookup-client,lookup,1.0117080000213718
lookup-client,lookup,0.7175409999717886
lookup-client,lookup,1.0779589999856398
lookup-client,lookup,1.0028330000295682
lookup-client,lookup,1.2074579999534762
lookup-client,lookup,0.9489579999808484
lookup-client,lookup,0.9398749999718348
lookup-client,lookup,0.7530419999852711
lookup-client,lookup,0.9215840000251774
lookup-client,lookup,1.0515000000168584
lookup-client,lookup,1.5945839999744749
lookup-client,lookup,0.6868339999641648
lookup-client,lookup,0.6640839999931814
lookup-client,lookup,1.0942079999836096
lookup-client,lookup,2.1050419999824044
lookup-client,lookup,1.2695419999886326
lookup-client,lookup,0.8649579999655543
lookup-client,lookup,0.8891250000147011
lookup-client,lookup,1.0744170000407394
lookup-client,lookup,1.8544580000252608
lookup-client,lookup,1.7180830000143033
lookup-client,lookup,1.1784590000161188
lookup-client,lookup,1.7106669999975566
lookup-client,lookup,1.2683329999845228
lookup-client,lookup,1.8728329999930793
lookup-client,lookup,6.4199159999702715
lookup-client,lookup,1.181874999986121
lookup-client,lookup,1.606083000012859
lookup-client,lookup,0.9239170000228114
lookup-client,lookup,1.967875000048025
lookup-client,lookup,1.9153750000100445
lookup-client,lookup,1.3593329999821435
lookup-client,lookup,2.193999999974494
lookup-client,lookup,1.110624999967058
lookup-client,lookup,1.5028340000071694
lookup-client,lookup,0.9104999999749452
lookup-client,lookup,1.188333000015973
lookup-client,lookup,2.6655830000095193
lookup-client,lookup,0.8224170000517006
lookup-client,lookup,1.4918329999886737
lookup-client,lookup,1.0156670000469603
lookup-client,lookup,1.6229579999844645
lookup-client,lookup,2.4436250000121618
lookup-client,lookup,0.9144999999648462
lookup-client,lookup,2.3188339999933305
lookup-client,lookup,1.0787080000227434
lookup-client,lookup,1.5635420000421618
lookup-client,lookup,2.782541999977184
lookup-client,lookup,1.4225840000108292
lookup-client,lookup,1.5412920000130725
lookup-client,lookup,3.962209000007988
lookup-client,lookup,3.5018339999624004
lookup-client,lookup,1.9953329999680136
lookup-client,lookup,1.3136669999767037
lookup-client,lookup,2.4555420000069716
lookup-client,lookup,2.7236249999873507
lookup-client,lookup,2.703415999974368
lookup-client,lookup,1.8403749999720276
lookup-client,lookup,2.3259170000073937
lookup-client,lookup,1.3855000000262407
lookup-client,lookup,1.6108329999724447
lookup-client,lookup,1.9409169999562437
lookup-client,lookup,1.510332999998809
lookup-client,lookup,1.4334589999975833
lookup-client,lookup,2.649166999958652
lookup-client,lookup,1.0259999999675529
lookup-client,lookup,1.9983330000172828
lookup-client,lookup,2.1498750000432665
lookup-client,lookup,1.5825419999941914
lookup-client,lookup,1.6817079999782436
lookup-client,lookup,2.5257080000073984
lookup-client,lookup,1.3708749999636893
lookup-client,lookup,0.9184170000366976
lookup-client,lookup,0.7592499999873326
lookup-client,lookup,1.4694579999741109
lookup-client,lookup,1.3893749999738247
lookup-client,lookup,1.0665419999895676
lookup-client,lookup,0.9935840000139251
lookup-client,lookup,1.4003750000028958
lookup-client,lookup,1.3473330000124406
lookup-client,lookup,0.8941250000020773
lookup-client,lookup,1.047792000008485
lookup-client,lookup,1.8176660000222
lookup-client,lookup,1.2071670000182166
lookup-client,lookup,1.1226249999936044
lookup-client,lookup,0.6793750000042564
lookup-client,lookup,1.0056670000153645
lookup-client,lookup,1.0091670000065278
lookup-client,lookup,1.3252499999794054
lookup-client,lookup,0.9003750000147193
lookup-client,lookup,0.9351670000228296
lookup-client,lookup,0.9694159999753538
lookup-client,lookup,0.8060000000114087
lookup-client,lookup,1.3336670000398954
lookup-client,lookup,0.690125000005537
lookup-client,lookup,1.3503330000048663
lookup-client,lookup,1.2515829999983907
lookup-client,lookup,1.0165000000483815
lookup-client,lookup,1.2993750000305226
lookup-client,lookup,1.5090419999523874
lookup-client,lookup,1.183166999965124
lookup-client,lookup,1.0797089999527998
lookup-client,lookup,1.1044590000324206
lookup-client,lookup,1.0147920000349586
lookup-client,lookup,0.8512080000286915
lookup-client,lookup,1.9089580000013484
lookup-client,lookup,1.1064999999916836
lookup-client,lookup,0.9764159999576805
lookup-client,lookup,1.5301249999879474
lookup-client,lookup,1.2305829999945672
lookup-client,lookup,1.3699169999767946
lookup-client,lookup,1.298749999989468
lookup-client,lookup,0.8409579999693051
lookup-client,lookup,1.173417000018162
lookup-client,lookup,2.214792000017951
lookup-client,lookup,1.3792909999779113
lookup-client,lookup,1.3472500000375476
lookup-client,lookup,1.6116250000095533
lookup-client,lookup,1.8139169999926708
lookup-client,lookup,0.874250000038046
lookup-client,lookup,1.650500000039301
lookup-client,lookup,2.0646250000027067
lookup-client,lookup,1.8686660000071242
lookup-client,lookup,1.434334000009585
lookup-client,lookup,3.3477910000101474
lookup-client,lookup,1.4686250000295331
lookup-client,lookup,1.4024170000084268
lookup-client,lookup,1.714917000015248
lookup-client,lookup,0.8979579999959242
lookup-client,lookup,1.5801659999965523
lookup-client,lookup,1.2248749999912434
lookup-client,lookup,1.3168750000431828
lookup-client,lookup,1.0695419999819933
lookup-client,lookup,1.0347500000307264
lookup-client,lookup,2.030957999977545
lookup-client,lookup,1.3735829999745874
lookup-client,lookup,1.0558339999988675
lookup-client,lookup,1.1037910000482043
lookup-client,lookup,2.6650829999539383
lookup-client,lookup,0.877833999993527
lookup-client,lookup,0.7858330000090064
lookup-client,lookup,1.572249999981068
lookup-client,lookup,1.296416999991834
lookup-client,lookup,0.9731669999837322
lookup-client,lookup,1.6170840000313547
lookup-client,lookup,1.031417000035617
lookup-client,lookup,1.0510839999824384
lookup-client,lookup,1.7633749999959036
lookup-client,lookup,0.8852089999891177
lookup-client,lookup,1.0114579999935813
lookup-client,lookup,0.9715830000232017
lookup-client,lookup,1.3836249999599204
lookup-client,lookup,1.0986249999973552
lookup-client,lookup,1.4142920000494996
lookup-client,lookup,0.9961250000287691
lookup-client,lookup,1.3902920000532504
lookup-client,lookup,1.5694999999595893
lookup-client,lookup,2.306416999999783
lookup-client,lookup,1.4779160000557567
lookup-client,lookup,1.0755829999880007
lookup-client,lookup,1.545917000044028
lookup-client,lookup,0.6976669999971818
lookup-client,lookup,0.9546670000304402
lookup-client,lookup,2.755000000036034
lookup-client,lookup,1.3792500000135988
lookup-client,lookup,1.0087499999826832
lookup-client,lookup,1.4317079999841553
lookup-client,lookup,0.7711669999821424
lookup-client,lookup,1.0044580000112546
lookup-client,lookup,1.1764170000105878
lookup-client,lookup,1.08395800003791
lookup-client,lookup,1.1071249999758948
lookup-client,lookup,1.9548330000134229
lookup-client,lookup,2.288458000009541
lookup-client,lookup,1.0672500000055152
lookup-client,lookup,1.4525419999813494
lookup-client,lookup,0.9299999999825559
lookup-client,lookup,2.0326250000266555
lookup-client,lookup,0.9565830000042297
lookup-client,lookup,1.5562919999752012
lookup-client,lookup,0.8991249999894535
lookup-client,lookup,1.2120000000095388
lookup-client,lookup,1.4886669999896185
lookup-client,lookup,2.5939579999771922
lookup-client,lookup,1.0379999999940992
lookup-client,lookup,1.2739590000023782
lookup-client,lookup,0.8411249999653592
lookup-client,lookup,1.1968749999482498
lookup-client,lookup,1.295959000003677
lookup-client,lookup,0.9738329999890993
lookup-client,lookup,1.2309580000078313
lookup-client,lookup,1.4627080000195747
lookup-client,lookup,0.9047080000073038
lookup-client,lookup,1.6615830000432652
lookup-client,lookup,0.9225829999763846
lookup-client,lookup,0.8582090000004428
lookup-client,lookup,1.0735420000287377
lookup-client,lookup,1.4783340000121825
lookup-client,lookup,1.586792000011883
lookup-client,lookup,1.229832999968039
lookup-client,lookup,1.5014999999607426
lookup-client,lookup,1.5036670000085905
lookup-client,lookup,1.1862500000461296
lookup-client,lookup,1.5276250000511027
lookup-client,lookup,1.0778330000107417
lookup-client,lookup,1.1823329999742782
lookup-client,lookup,1.409875000035754
lookup-client,lookup,0.9020410000175616
lookup-client,lookup,1.4758330000290698
lookup-client,lookup,1.2980829999946764
lookup-client,lookup,1.59795799999074
lookup-client,lookup,2.2953330000063943
lookup-client,lookup,2.159708000021965
lookup-client,lookup,1.0879170000066551
lookup-client,lookup,1.3166659999797048
lookup-client,lookup,1.3372910000271077
lookup-client,lookup,1.3360830000124224
lookup-client,lookup,1.8141659999741933
lookup-client,lookup,0.8975829999826601
lookup-client,lookup,0.9542079999960151
lookup-client,lookup,1.1152909999623262
lookup-client,lookup,1.0012920000121994
lookup-client,lookup,3.1405000000290784
lookup-client,lookup,1.3930420000178856
lookup-client,lookup,1.0823750000099608
lookup-client,lookup,2.1744169999919905
lookup-client,lookup,0.8583750000070722
lookup-client,lookup,1.5424580000171773
lookup-client,lookup,1.2640420000025188
lookup-client,lookup,0.888958000018647
lookup-client,lookup,0.8277079999743364
lookup-client,lookup,1.2572499999805586
lookup-client,lookup,0.7299999999759166
lookup-client,lookup,1.7770000000041364
lookup-client,lookup,0.6329160000291267
lookup-client,lookup,1.3109999999869615
lookup-client,lookup,1.1644159999946169
lookup-client,lookup,1.8775419999883525
lookup-client,lookup,0.8958329999586567
lookup-client,lookup,0.8070420000194645
lookup-client,lookup,1.0707499999966785
lookup-client,lookup,1.3133340000308635
lookup-client,lookup,1.1378749999835236
lookup-client,lookup,2.3739590000104727
lookup-client,lookup,1.2756250000052205
lookup-client,lookup,1.8431670000040867
lookup-client,lookup,0.9170419999691148
lookup-client,lookup,3.37650000000167
lookup-client,lookup,1.717083000016828
lookup-client,lookup,1.1850829999957568
lookup-client,lookup,1.2310420000289923
lookup-client,lookup,0.9440830000357892
lookup-client,lookup,2.182417000028636
lookup-client,lookup,1.0205830000131755
lookup-client,lookup,1.2242920000176127
lookup-client,lookup,2.793874999952095
lookup-client,lookup,1.134166000042569
lookup-client,lookup,1.3711670000020604
lookup-client,lookup,0.9365419999767255
lookup-client,lookup,0.7589589999952295
lookup-client,lookup,0.8439580000185742
lookup-client,lookup,2.471707999973205
lookup-client,lookup,1.0566670000002887
lookup-client,lookup,1.170999999999367
lookup-client,lookup,1.8372079999835478
lookup-client,lookup,1.055915999984336
lookup-client,lookup,0.9954170000128215
lookup-client,lookup,1.0078330000169444
lookup-client,lookup,1.104333000000679
lookup-client,lookup,2.0956660000024385
lookup-client,lookup,1.8250420000072154
lookup-client,lookup,1.3882500000477194
lookup-client,lookup,0.9700840000164135
lookup-client,lookup,1.2684170000056838
lookup-client,lookup,1.2101660000212178
lookup-client,lookup,1.9165829999678863
lookup-client,lookup,1.2386669999955302
lookup-client,lookup,1.155791999963185
lookup-client,lookup,2.2907499999860192
lookup-client,lookup,1.0381250000364162
lookup-client,lookup,1.2156249999861757
lookup-client,lookup,0.8372089999966192
lookup-client,lookup,1.9222909999712101
lookup-client,lookup,0.7986250000158179
lookup-client,lookup,1.2505000000260225
lookup-client,lookup,1.1168749999797
lookup-client,lookup,1.317667000023448
lookup-client,lookup,0.5874579999840535
lookup-client,lookup,0.95958399998608
lookup-client,lookup,1.4348749999726351
lookup-client,lookup,1.2582079999674534
lookup-client,lookup,1.1909589999845593
lookup-client,lookup,0.707000000033986
lookup-client,lookup,1.097334000007777
lookup-client,lookup,1.1540829999603375
lookup-client,lookup,1.4360420000230079
lookup-client,lookup,0.8835419999968508
lookup-client,lookup,1.098082999988037
lookup-client,lookup,0.9837919999995393
lookup-client,lookup,0.8285829999863381
lookup-client,lookup,2.641750000009324
lookup-client,lookup,1.6789999999673455
lookup-client,lookup,1.4587079999728303
lookup-client,lookup,2.519500000005337
lookup-client,lookup,2.0968750000065484
lookup-client,lookup,1.4172079999639209
lookup-client,lookup,5.293834000042352
lookup-client,lookup,4.529917000013484
lookup-client,lookup,2.9168749999826105
lookup-client,lookup,7.965500000011616
lookup-client,lookup,2.450957999997172
lookup-client,lookup,2.390957999978127
lookup-client,lookup,2.498542000012094
lookup-client,lookup,2.998083000022689
lookup-client,lookup,6.472333000033359
lookup-client,lookup,6.279208000023573
lookup-client,lookup,4.950667000002795
lookup-client,lookup,1.395541000022149
lookup-client,lookup,8.563374999994267
lookup-client,lookup,3.417416000047524
lookup-client,lookup,3.299749999996493
lookup-client,lookup,6.993582999996306
lookup-client,lookup,3.0064590000051794
lookup-client,lookup,1.5465420000282393
lookup-client,lookup,2.011707999997725
lookup-client,lookup,1.704250000045704
lookup-client,lookup,2.165542000000187
lookup-client,lookup,2.725457999986247
lookup-client,lookup,2.870292000011432
lookup-client,lookup,1.5916670000137856
lookup-client,lookup,2.091250000034961
lookup-client,lookup,1.5390830000114875
lookup-client,lookup,2.06691599998976
lookup-client,lookup,1.8230000000016844
lookup-client,lookup,2.633084000024155
lookup-client,lookup,3.3188749999908396
lookup-client,lookup,2.380249999987427
lookup-client,lookup,1.3682499999845277
lookup-client,lookup,1.5259999999557294
lookup-client,lookup,3.040833999989445
lookup-client,lookup,3.7358749999611973
lookup-client,lookup,2.3197080000159076
lookup-client,lookup,1.344832999961909
lookup-client,lookup,1.293999999973039
lookup-client,lookup,0.688165999974899
lookup-client,lookup,3.985250000027918
lookup-client,lookup,1.2824170000271806
lookup-client,lookup,0.5995829999960733
lookup-client,lookup,1.2886670000398226
lookup-client,lookup,1.4327919999459482
lookup-client,lookup,1.70420799997828
lookup-client,lookup,1.478042000030655
lookup-client,lookup,1.210791000005429
lookup-client,lookup,1.1519590000261815
lookup-client,lookup,0.9586250000097607
lookup-client,lookup,1.547500000015134
lookup-client,lookup,0.8542090000105418
lookup-client,lookup,1.5376249999690117
lookup-client,lookup,0.9512500000141699
lookup-client,lookup,1.028707999978451
lookup-client,lookup,1.1431249999986903
lookup-client,lookup,1.1640829999919333
lookup-client,lookup,0.9462499999699503
lookup-client,lookup,0.9112500000014734
lookup-client,lookup,0.8322089999523996
lookup-client,lookup,1.1466249999898537
lookup-client,lookup,0.9927500000230793
lookup-client,lookup,0.9855420000235426
lookup-client,lookup,1.1202080000316528
lookup-client,lookup,1.584917000002406
lookup-client,lookup,1.1272909999888725
lookup-client,lookup,0.9401249999996253
lookup-client,lookup,1.1672090000161006
lookup-client,lookup,1.08395800003791
lookup-client,lookup,1.8698330000006536
lookup-client,lookup,1.090000000033342
lookup-client,lookup,1.3808749999952852
lookup-client,lookup,1.172749999966527
lookup-client,lookup,1.5876669999670412
lookup-client,lookup,2.1687919999635596
lookup-client,lookup,0.8919999999648098
lookup-client,lookup,1.4506669999718724
lookup-client,lookup,1.2287910000168267
lookup-client,lookup,1.7747499999813954
lookup-client,lookup,1.0093330000131573
lookup-client,lookup,1.2431249999735883
lookup-client,lookup,0.9397500000432046
lookup-client,lookup,0.6953750000207037
lookup-client,lookup,1.505083999973067
lookup-client,lookup,1.4401669999983824
lookup-client,lookup,1.1527089999958662
lookup-client,lookup,0.778125000010732
lookup-client,lookup,2.253542000005382
lookup-client,lookup,1.2754999999629035
lookup-client,lookup,1.0574579999911293
lookup-client,lookup,0.8264170000416016
lookup-client,lookup,0.9961659999930816
lookup-client,lookup,2.430000000003929
lookup-client,lookup,1.1712079999597336
lookup-client,lookup,0.7875839999655909
lookup-client,lookup,0.8036250000031941
lookup-client,lookup,1.5553329999988819
lookup-client,lookup,0.870125000005828
lookup-client,lookup,1.2970829999972011
lookup-client,lookup,0.6393330000378228
lookup-client,lookup,1.9888329999844245
lookup-client,lookup,1.1354579999647285
lookup-client,lookup,1.7241250000097352
lookup-client,lookup,0.86545900001056
lookup-client,lookup,1.6385830000444912
lookup-client,lookup,0.8325409999656586
lookup-client,lookup,1.5243340000097305
lookup-client,lookup,1.0652079999999842
lookup-client,lookup,0.9554580000212809
lookup-client,lookup,1.0029580000150418
lookup-client,lookup,0.7829580000020542
lookup-client,lookup,2.0372500000007676
lookup-client,lookup,0.7346249999500287
lookup-client,lookup,1.756375000013577
lookup-client,lookup,0.8257499999899665
lookup-client,lookup,0.9438749999617357
lookup-client,lookup,1.4748749999853317
lookup-client,lookup,3.3879160000083175
lookup-client,lookup,1.1684170000307859
lookup-client,lookup,1.1091670000382692
lookup-client,lookup,1.0527910000064367
lookup-client,lookup,2.9590419999863116
lookup-client,lookup,1.2187080000103379
lookup-client,lookup,1.3896250000016153
lookup-client,lookup,1.3981249999801548
lookup-client,lookup,1.8460000000004584
lookup-client,lookup,1.352875000009135
lookup-client,lookup,1.0085409999760486
lookup-client,lookup,1.3786250000293876
lookup-client,lookup,1.3516670000512931
lookup-client,lookup,4.597166999985802
lookup-client,lookup,1.779917000021669
lookup-client,lookup,1.4645420000078957
lookup-client,lookup,1.4435409999578042
lookup-client,lookup,1.919291999968209
lookup-client,lookup,1.3662079999789967
lookup-client,lookup,1.3537500000211367
lookup-client,lookup,1.1175419999744918
lookup-client,lookup,1.0447500000054788
lookup-client,lookup,1.5496670000061386
lookup-client,lookup,1.1167499999942265
lookup-client,lookup,1.1129590000109602
lookup-client,lookup,0.9515419999956976
lookup-client,lookup,1.105999999992946
lookup-client,lookup,1.6377089999650707
lookup-client,lookup,1.3240420000215636
lookup-client,lookup,1.2400420000062695
lookup-client,lookup,0.945000000001528
lookup-client,lookup,1.879916999996567
lookup-client,lookup,1.2929580000218266
lookup-client,lookup,0.6772500000238324
lookup-client,lookup,0.9182919999943806
lookup-client,lookup,1.0483340000178032
lookup-client,lookup,1.2674159999619405
lookup-client,lookup,0.7638749999614447
lookup-client,lookup,1.1769170000093254
lookup-client,lookup,0.9838330000206952
lookup-client,lookup,0.888457999963066
lookup-client,lookup,1.6063749999943866
lookup-client,lookup,1.144000000010692
lookup-client,lookup,1.6610830000445276
lookup-client,lookup,2.796083000021099
lookup-client,lookup,1.072458999999526
lookup-client,lookup,0.9482080000111637
lookup-client,lookup,1.2569589999884556
lookup-client,lookup,2.748957999983759
lookup-client,lookup,2.0372089999796117
lookup-client,lookup,0.7932919999689148
lookup-client,lookup,1.3123749999977008
lookup-client,lookup,0.8517079999705857
lookup-client,lookup,1.3848339999640302
lookup-client,lookup,1.1919589999820346
lookup-client,lookup,0.8452499999975771
lookup-client,lookup,0.8091660000104639
lookup-client,lookup,1.0562919999870246
lookup-client,lookup,1.2598750000165637
lookup-client,lookup,1.5484169999808728
lookup-client,lookup,0.8931659999689145
lookup-client,lookup,0.934834000020146
lookup-client,lookup,2.264249999996082
lookup-client,lookup,0.7121250000068358
lookup-client,lookup,0.7513749999930042
lookup-client,lookup,1.373750000027485
lookup-client,lookup,0.9123330000306851
lookup-client,lookup,0.9593329999688649
lookup-client,lookup,0.9407499999838365
lookup-client,lookup,1.112250000005588
lookup-client,lookup,1.7075410000302327
lookup-client,lookup,1.8298330000448004
lookup-client,lookup,1.2958329999719354
lookup-client,lookup,1.154291000034391
lookup-client,lookup,0.922208000019964
lookup-client,lookup,1.074625000001106
lookup-client,lookup,0.826000000017757
lookup-client,lookup,1.2117500000385917
lookup-client,lookup,0.6047090000151911
lookup-client,lookup,0.7674579999843445
lookup-client,lookup,1.5057079999678535
lookup-client,lookup,1.9381669999916085
lookup-client,lookup,1.5731249999930697
lookup-client,lookup,1.1880829999881826
lookup-client,lookup,1.461375000019416
lookup-client,lookup,0.6725829999822963
lookup-client,lookup,1.0655840000026728
lookup-client,lookup,1.638916999979756
lookup-client,lookup,1.004042000033678
lookup-client,lookup,0.7131670000148915
lookup-client,lookup,0.9463339999911113
lookup-client,lookup,0.7441669999934675
lookup-client,lookup,1.57633399999213
lookup-client,lookup,1.0074169999825244
lookup-client,lookup,0.6614170000034392
lookup-client,lookup,1.6387920000511258
lookup-client,lookup,0.7832080000298447
lookup-client,lookup,1.4100839999855452
lookup-client,lookup,1.1432920000515878
lookup-client,lookup,1.158332999978029
lookup-client,lookup,0.8438749999868378
lookup-client,lookup,1.1450830000399037
lookup-client,lookup,0.8713340000099379
lookup-client,lookup,1.1156250000112777
lookup-client,lookup,1.1430839999775344
lookup-client,lookup,1.440584000022227
lookup-client,lookup,1.7785829999752423
lookup-client,lookup,1.0486250000099062
lookup-client,lookup,1.3369999999781612
lookup-client,lookup,1.9618329999957496
lookup-client,lookup,1.5153329999861853
lookup-client,lookup,1.1748750000037944
lookup-client,lookup,0.8504170000378508
lookup-client,lookup,1.3120410000055927
lookup-client,lookup,0.9445840000239514
lookup-client,lookup,1.0014579999619855
lookup-client,lookup,1.130875000001197
lookup-client,lookup,1.1011660000121992
lookup-client,lookup,1.2155000000007021
lookup-client,lookup,0.932291999959034
lookup-client,lookup,1.979041000026882
lookup-client,lookup,1.0504580000088026
lookup-client,lookup,1.3392910000220581
lookup-client,lookup,1.007749999985208
lookup-client,lookup,1.158582999948976
lookup-client,lookup,0.7985830000052374
lookup-client,lookup,2.0776670000373088
lookup-client,lookup,1.5287090000128956
lookup-client,lookup,1.2457079999990128
lookup-client,lookup,0.9539159999576441
lookup-client,lookup,1.83791699998892
lookup-client,lookup,1.3569160000201919
lookup-client,lookup,1.2954580000155147
lookup-client,lookup,1.0420000000408436
lookup-client,lookup,1.3519589999759773
lookup-client,lookup,1.9773330000134592
lookup-client,lookup,0.9489170000165359
lookup-client,lookup,1.1984999999867796
lookup-client,lookup,1.1012919999870974
lookup-client,lookup,1.603708999994069
lookup-client,lookup,1.0500829999955386
lookup-client,lookup,3.2435420000069826
lookup-client,lookup,1.6747089999853415
lookup-client,lookup,1.459708000027149
lookup-client,lookup,1.2730830000009519
lookup-client,lookup,2.0184169999879487
lookup-client,lookup,1.7995839999684904
lookup-client,lookup,1.258709000012459
lookup-client,lookup,1.515999999980977
lookup-client,lookup,1.2104159999921649
lookup-client,lookup,1.363125000011678
lookup-client,lookup,1.0739580000063143
lookup-client,lookup,1.4399159999811673
lookup-client,lookup,1.0446250000200052
lookup-client,lookup,1.5960830000381065
lookup-client,lookup,1.2660000000437321
lookup-client,lookup,1.039124999977048
lookup-client,lookup,1.470416000017849
lookup-client,lookup,1.2629579999838825
lookup-client,lookup,0.8329169999683472
lookup-client,lookup,1.2375000000020009
lookup-client,lookup,1.6646670000000086
lookup-client,lookup,1.1886249999975007
lookup-client,lookup,1.1946669999929327
lookup-client,lookup,0.9438749999617357
lookup-client,lookup,1.1128339999686432
lookup-client,lookup,0.8470000000215805
lookup-client,lookup,1.397292000035577
lookup-client,lookup,1.2552919999961887
lookup-client,lookup,1.4739160000090124
lookup-client,lookup,1.666124999985641
lookup-client,lookup,0.9052909999809344
lookup-client,lookup,0.7647499999734464
lookup-client,lookup,1.208791999999903
lookup-client,lookup,1.8432919999895603
lookup-client,lookup,1.0673749999909887
lookup-client,lookup,1.0769589999881646
lookup-client,lookup,0.8240000000228065
lookup-client,lookup,0.8513750000247455
lookup-client,lookup,1.756834000048002
lookup-client,lookup,1.0215419999894948
lookup-client,lookup,0.9978329999853486
lookup-client,lookup,0.7870830000342721
lookup-client,lookup,1.1777919999644837
lookup-client,lookup,0.70037500000808
lookup-client,lookup,1.4437919999750193
lookup-client,lookup,1.7592909999848416
lookup-client,lookup,1.037375000009888
lookup-client,lookup,1.1970410000117226
lookup-client,lookup,0.8113330000014685
lookup-client,lookup,1.169417000028261
lookup-client,lookup,1.0920830000031856
lookup-client,lookup,0.8008750000385589
lookup-client,lookup,1.5483750000271357
lookup-client,lookup,1.3539999999920838
lookup-client,lookup,1.5467080000348687
lookup-client,lookup,1.39058299998851
lookup-client,lookup,1.2333330000160458
lookup-client,lookup,1.401665999992474
lookup-client,lookup,1.1632499999905122
lookup-client,lookup,0.8661249999590837
lookup-client,lookup,0.8086670000011509
lookup-client,lookup,0.9301670000354534
lookup-client,lookup,1.5383749999955398
lookup-client,lookup,1.2708749999887914
lookup-client,lookup,0.8577090000017051
lookup-client,lookup,1.0438329999828966
lookup-client,lookup,1.086999999984073
lookup-client,lookup,1.2491669999690203
lookup-client,lookup,1.0184580000327514
lookup-client,lookup,1.2799589999872296
lookup-client,lookup,1.9162909999863587
lookup-client,lookup,2.1867500000212203
lookup-client,lookup,1.002208000045357
lookup-client,lookup,1.1807500000031723
lookup-client,lookup,1.0442499999498978
lookup-client,lookup,2.3585409999782314
lookup-client,lookup,1.3147090000416028
lookup-client,lookup,1.0455830000069
lookup-client,lookup,0.8329579999895032
lookup-client,lookup,1.1741249999772663
lookup-client,lookup,1.6355409999846415
lookup-client,lookup,0.7221669999921687
lookup-client,lookup,1.6916250000349464
lookup-client,lookup,1.0583339999925556
lookup-client,lookup,1.4415409999628537
lookup-client,lookup,0.5817910000018855
lookup-client,lookup,1.1903330000109236
lookup-client,lookup,2.54737499994917
lookup-client,lookup,1.0424999999827378
lookup-client,lookup,1.1551250000252367
lookup-client,lookup,0.9363750000375148
lookup-client,lookup,1.262583999960043
lookup-client,lookup,1.424457999974038
lookup-client,lookup,1.3420000000223808
lookup-client,lookup,1.8260829999690031
lookup-client,lookup,1.7610000000445325
lookup-client,lookup,0.8828750000020591
lookup-client,lookup,1.1555830000133938
lookup-client,lookup,1.4458339999805503
lookup-client,lookup,1.0168750000048021
lookup-client,lookup,0.6468330000188871
lookup-client,lookup,0.8603750000020227
lookup-client,lookup,1.66254100003016
lookup-client,lookup,1.7557920000399463
lookup-client,lookup,1.1174169999890182
lookup-client,lookup,1.0205840000026
lookup-client,lookup,2.046416999974099
lookup-client,lookup,0.6809999999859428
lookup-client,lookup,1.1362920000124177
lookup-client,lookup,1.5352499999607971
lookup-client,lookup,1.5526669999985643
lookup-client,lookup,1.4814580000006572
lookup-client,lookup,1.001124999959302
lookup-client,lookup,1.5397500000062792
lookup-client,lookup,1.0861249999720712
lookup-client,lookup,1.225667000028352
lookup-client,lookup,0.7155829999874186
lookup-client,lookup,0.6129999999870961
lookup-client,lookup,1.1369169999966289
lookup-client,lookup,1.4447089999976015
lookup-client,lookup,3.7599999999997635
lookup-client,lookup,1.4917500000137807
lookup-client,lookup,0.7427080000184105
lookup-client,lookup,0.9900409999659132
lookup-client,lookup,1.3810410000019147
lookup-client,lookup,1.187916999981553
lookup-client,lookup,1.0910420000413978
lookup-client,lookup,1.4372079999702692
lookup-client,lookup,1.0922910000203956
lookup-client,lookup,0.7693330000506649
lookup-client,lookup,2.0122079999964626
lookup-client,lookup,1.091209000037452
lookup-client,lookup,1.2029170000005251
lookup-client,lookup,1.545249999992393
lookup-client,lookup,3.0940839999971104
lookup-client,lookup,1.752540999973462
lookup-client,lookup,0.9329590000106691
lookup-client,lookup,0.7746659999838812
lookup-client,lookup,1.4689170000110607
lookup-client,lookup,1.254625000001397
lookup-client,lookup,1.3205000000198197
lookup-client,lookup,0.8989160000396623
lookup-client,lookup,1.0336670000015147
lookup-client,lookup,0.7704160000230331
lookup-client,lookup,1.216833000000861
lookup-client,lookup,1.4404579999904854
lookup-client,lookup,0.9662919999868791
lookup-client,lookup,1.2502079999876514
lookup-client,lookup,3.098874999977852
lookup-client,lookup,1.2764579999497982
lookup-client,lookup,1.1619169999903534
lookup-client,lookup,1.4422090000039134
lookup-client,lookup,1.6428330000053393
lookup-client,lookup,2.1406250000381988
lookup-client,lookup,1.1487920000377017
lookup-client,lookup,0.7415000000037253
lookup-client,lookup,0.9811250000097971
lookup-client,lookup,0.7130829999937305
lookup-client,lookup,1.4590830000429378
lookup-client,lookup,1.3199999999642387
lookup-client,lookup,0.9738340000353674
lookup-client,lookup,0.8311659999549192
lookup-client,lookup,2.2084580000409915
lookup-client,lookup,0.6910000000175387
lookup-client,lookup,1.4603749999650972
lookup-client,lookup,1.1432919999947444
lookup-client,lookup,1.1093329999880552
lookup-client,lookup,1.2320420000264676
lookup-client,lookup,1.530915999978788
lookup-client,lookup,1.223083000013503
lookup-client,lookup,1.029000000016822
lookup-client,lookup,1.031124999997246
lookup-client,lookup,0.9760419999906844
lookup-client,lookup,1.702291000015066
lookup-client,lookup,0.880666000000474
lookup-client,lookup,0.7442910000463598
lookup-client,lookup,0.9808339999608506
lookup-client,lookup,0.752874999989217
lookup-client,lookup,1.438457999995535
lookup-client,lookup,2.601208000044153
lookup-client,lookup,1.083540999957222
lookup-client,lookup,2.0242500000335895
lookup-client,lookup,1.8162499999903048
lookup-client,lookup,1.3873749999788743
lookup-client,lookup,1.009208999960265
lookup-client,lookup,1.0779169999750593
lookup-client,lookup,1.7263749999756328
lookup-client,lookup,2.0030000000019754
lookup-client,lookup,0.6785420000028353
lookup-client,lookup,2.1839999999997417
lookup-client,lookup,0.9321670000304039
lookup-client,lookup,1.217290999989018
lookup-client,lookup,1.2824579999914931
lookup-client,lookup,1.75470800002131
lookup-client,lookup,1.4952909999692565
lookup-client,lookup,0.7893339999895943
lookup-client,lookup,0.8606250000298132
lookup-client,lookup,1.1432919999947444
lookup-client,lookup,0.9030420000044614
lookup-client,lookup,1.4316669999629994
lookup-client,lookup,1.098082999988037
lookup-client,lookup,0.9884589999842319
lookup-client,lookup,0.7059580000259302
lookup-client,lookup,0.6374170000071899
lookup-client,lookup,1.6680420000056984
lookup-client,lookup,1.181124999959593
lookup-client,lookup,0.7627909999996518
lookup-client,lookup,0.8885830000053829
lookup-client,lookup,1.1568339999712407
lookup-client,lookup,1.5783340000439239
lookup-client,lookup,0.7952500000101281
lookup-client,lookup,1.0216669999749683
lookup-client,lookup,0.8544590000383323
lookup-client,lookup,0.8184170000049562
lookup-client,lookup,1.7219999999724678
lookup-client,lookup,0.9684999999990396
lookup-client,lookup,1.047874999983378
lookup-client,lookup,0.6827079999993657
lookup-client,lookup,0.44291699998666445
lookup-client,lookup,0.8654999999748725
lookup-client,lookup,1.4644589999761592
lookup-client,lookup,1.8449579999924026
lookup-client,lookup,1.0567499999751817
lookup-client,lookup,1.206166999963898
lookup-client,lookup,0.7281670000338636
lookup-client,lookup,1.7041670000139675
lookup-client,lookup,1.392833000011251
lookup-client,lookup,1.113999999972748
lookup-client,lookup,1.3294169999653604
lookup-client,lookup,1.1267909999901349
lookup-client,lookup,1.2817499999755455
lookup-client,lookup,0.9453330000042115
lookup-client,lookup,0.8980409999708172
lookup-client,lookup,0.9901669999976548
lookup-client,lookup,1.4209999999934553
lookup-client,lookup,1.537041999995381
lookup-client,lookup,1.5459580000083406
lookup-client,lookup,1.421792000030564
lookup-client,lookup,1.9846249999773136
lookup-client,lookup,2.1492079999916314
lookup-client,lookup,0.7244580000360656
lookup-client,lookup,0.8273329999610723
lookup-client,lookup,0.7376249999992979
lookup-client,lookup,0.6257499999833271
lookup-client,lookup,0.9795830000030037
lookup-client,lookup,0.9114999999724205
lookup-client,lookup,0.572792000014033
lookup-client,lookup,0.9009170000240374
lookup-client,lookup,1.221541999996134
lookup-client,lookup,0.9767090000423195
lookup-client,lookup,1.3561669999830883
lookup-client,lookup,1.4110829999935959
lookup-client,lookup,0.681750000012471
lookup-client,lookup,0.9191249999958018
lookup-client,lookup,1.0772080000265305
lookup-client,lookup,1.8337079999923844
lookup-client,lookup,1.119042000027548
lookup-client,lookup,0.9332500000027721
lookup-client,lookup,1.4672080000082133
lookup-client,lookup,1.2438330000463793
lookup-client,lookup,1.0572920000413433
lookup-client,lookup,1.204165999979523
lookup-client,lookup,1.3211670000146114
lookup-client,lookup,0.6007090000252902
lookup-client,lookup,1.1160420000351223
lookup-client,lookup,1.8057919999705518
lookup-client,lookup,1.5774170000213417
lookup-client,lookup,1.201000000037311
lookup-client,lookup,0.7503749999955289
lookup-client,lookup,0.9044169999583573
lookup-client,lookup,0.7060830000114038
lookup-client,lookup,1.2516660000301272
lookup-client,lookup,1.0580000000004475
lookup-client,lookup,0.901250000026721
lookup-client,lookup,0.7556660000318516
lookup-client,lookup,1.177291000033165
lookup-client,lookup,1.0904170000003433
lookup-client,lookup,1.4857909999932417
lookup-client,lookup,1.4357080000308997
lookup-client,lookup,1.5920419999702062
lookup-client,lookup,1.4549579999538764
lookup-client,lookup,1.3970830000289425
lookup-client,lookup,4.416457999980139
lookup-client,lookup,0.8661250000159271
lookup-client,lookup,1.2918330000388778
lookup-client,lookup,2.778333999970073
lookup-client,lookup,0.9455829999751586
lookup-client,lookup,0.7818330000191054
lookup-client,lookup,0.7992500000000291
lookup-client,lookup,0.6454589999975724
lookup-client,lookup,1.4590829999860944
lookup-client,lookup,1.108417000011741
lookup-client,lookup,1.8036660000007032
lookup-client,lookup,0.6496249999941028
lookup-client,lookup,0.5031670000334998
lookup-client,lookup,1.827875000003587
lookup-client,lookup,0.9610000000179753
lookup-client,lookup,0.8284580000008646
lookup-client,lookup,1.1572500000056607
lookup-client,lookup,0.677583000026516
lookup-client,lookup,1.4039170000046397
lookup-client,lookup,0.6779590000292046
lookup-client,lookup,0.7849170000326922
lookup-client,lookup,0.995457999977134
lookup-client,lookup,0.7012920000306622
lookup-client,lookup,0.9021249999818792
lookup-client,lookup,1.0429580000277383
lookup-client,lookup,0.903249999964828
lookup-client,lookup,0.9750830000143651
lookup-client,lookup,0.6971669999984442
lookup-client,lookup,1.978291000000354
lookup-client,lookup,1.986917000010635
lookup-client,lookup,0.7252080000057504
lookup-client,lookup,1.7069169999786027
lookup-client,lookup,1.173541000014211
lookup-client,lookup,1.0211249999656502
lookup-client,lookup,1.0298749999719803
lookup-client,lookup,0.9168329999624802
lookup-client,lookup,1.089792000016132
lookup-client,lookup,1.007834000006369
lookup-client,lookup,0.990999999999076
lookup-client,lookup,0.7380410000337179
lookup-client,lookup,0.7952079999995476
lookup-client,lookup,1.2055409999902622
lookup-client,lookup,0.9093749999919964
lookup-client,lookup,0.846624999951473
lookup-client,lookup,0.7532500000024811
lookup-client,lookup,1.2150410000231204
lookup-client,lookup,1.7806250000376167
lookup-client,lookup,1.070666999964942
lookup-client,lookup,1.1676250000505206
lookup-client,lookup,1.875166999980138
lookup-client,lookup,1.5152920000218728
lookup-client,lookup,0.675790999991932
lookup-client,lookup,0.6608339999729651
lookup-client,lookup,1.0959999999613501
lookup-client,lookup,0.8837089999929049
lookup-client,lookup,1.4937919999624683
lookup-client,lookup,0.6802500000162581
lookup-client,lookup,0.7701250000309301
lookup-client,lookup,1.7902079999885245
lookup-client,lookup,1.1992920000238882
lookup-client,lookup,0.9324580000225069
lookup-client,lookup,0.9331250000172986
lookup-client,lookup,0.9509170000114864
lookup-client,lookup,0.9444579999922098
lookup-client,lookup,0.9472920000348495
lookup-client,lookup,1.6261659999941003
lookup-client,lookup,1.4969580000183669
lookup-client,lookup,0.7906249999791726
lookup-client,lookup,0.6836670000325284
lookup-client,lookup,1.4765000000238615
lookup-client,lookup,1.0761660000184747
lookup-client,lookup,0.9240829999725975
lookup-client,lookup,1.354999999989559
lookup-client,lookup,1.3522920000355043
lookup-client,lookup,2.0510420000050544
lookup-client,lookup,0.9973749999971915
lookup-client,lookup,1.4189589999773489
lookup-client,lookup,1.6407499999786523
lookup-client,lookup,0.8367499999621941
lookup-client,lookup,1.437250000037693
lookup-client,lookup,0.7952079999995476
lookup-client,lookup,1.2506669999652331
lookup-client,lookup,1.183083999990231
lookup-client,lookup,1.2142500000322798
lookup-client,lookup,4.711166999982197
lookup-client,lookup,1.941125000030297
lookup-client,lookup,1.1726250000378968
lookup-client,lookup,1.1309170000117774
lookup-client,lookup,0.918167000008907
lookup-client,lookup,1.1324999999828833
lookup-client,lookup,0.8605410000086522
lookup-client,lookup,1.7532909999999902
lookup-client,lookup,1.2885830000186616
lookup-client,lookup,1.271083999995426
lookup-client,lookup,1.9102499999803513
lookup-client,lookup,1.3462910000043848
lookup-client,lookup,1.208332999965478
lookup-client,lookup,0.9362089999740419
lookup-client,lookup,0.8347079999566631
lookup-client,lookup,0.7014579999804482
lookup-client,lookup,1.279667000005702
lookup-client,lookup,1.2646249999761494
lookup-client,lookup,1.1205829999880734
lookup-client,lookup,2.741541999967012
lookup-client,lookup,0.8814170000164268
lookup-client,lookup,1.0427909999748408
lookup-client,lookup,0.9147910000137927
lookup-client,lookup,0.6287500000325963
lookup-client,lookup,0.9886249999908614
lookup-client,lookup,1.1054170000193153
lookup-client,lookup,1.13579200001368
lookup-client,lookup,1.1992919999670448
lookup-client,lookup,0.7832090000192693
lookup-client,lookup,1.342167000018435
lookup-client,lookup,0.8282080000299175
lookup-client,lookup,1.6786250000109249
lookup-client,lookup,1.461167000002206
lookup-client,lookup,1.181792000011228
lookup-client,lookup,0.9471250000387954
lookup-client,lookup,1.3974579999853631
lookup-client,lookup,1.0994579999987764
lookup-client,lookup,0.8910839999884956
lookup-client,lookup,0.9712500000205182
lookup-client,lookup,0.518499999998312
lookup-client,lookup,1.0442500000067412
lookup-client,lookup,1.6377499999862266
lookup-client,lookup,0.7223750000093787
lookup-client,lookup,1.0712090000311036
lookup-client,lookup,0.9837919999995393
lookup-client,lookup,1.7886250000174186
lookup-client,lookup,2.0102089999909367
lookup-client,lookup,1.1384590000034223
lookup-client,lookup,0.9415829999852576
lookup-client,lookup,1.2992919999987862
lookup-client,lookup,1.5511660000129268
lookup-client,lookup,0.9147089999714808
lookup-client,lookup,1.342625000006592
lookup-client,lookup,0.9043750000046202
lookup-client,lookup,1.0969169999839323
lookup-client,lookup,2.389417000017602
lookup-client,lookup,0.6602500000099099
lookup-client,lookup,1.1364169999978913
lookup-client,lookup,1.7029170000455451
lookup-client,lookup,2.9640829999948437
lookup-client,lookup,1.0912910000229203
lookup-client,lookup,1.0424580000290007
lookup-client,lookup,1.0338750000187247
lookup-client,lookup,1.0052920000021004
lookup-client,lookup,0.8382500000152504
lookup-client,lookup,1.0235000000307082
lookup-client,lookup,1.3684580000017377
lookup-client,lookup,0.6667499999934989
lookup-client,lookup,1.0912910000229203
lookup-client,lookup,0.8828329999914786
lookup-client,lookup,0.9061659999929361
lookup-client,lookup,1.653958999952465
lookup-client,lookup,1.2007089999883647
lookup-client,lookup,1.7177919999653568
lookup-client,lookup,1.1273339999888776
lookup-client,lookup,1.210916999980327
lookup-client,lookup,0.8702090000269891
lookup-client,lookup,1.2452500000108557
lookup-client,lookup,1.062417000014193
lookup-client,lookup,1.2725420000379017
lookup-client,lookup,1.125583000032293
lookup-client,lookup,1.2415829999667949
lookup-client,lookup,1.4975419999814221
lookup-client,lookup,0.7542499999999563
lookup-client,lookup,0.7394589999876189
lookup-client,lookup,0.9594169999900259
lookup-client,lookup,2.1886659999950098
lookup-client,lookup,0.9606250000047112
lookup-client,lookup,1.0592919999794503
lookup-client,lookup,1.7201669999735714
lookup-client,lookup,0.7661660000053416
lookup-client,lookup,3.26204099997085
lookup-client,lookup,2.7163749999772335
lookup-client,lookup,2.375291999953788
lookup-client,lookup,1.96166699998912
lookup-client,lookup,1.742333000038343
lookup-client,lookup,2.836082999976952
lookup-client,lookup,1.317958000015551
lookup-client,lookup,2.116666000006262
lookup-client,lookup,1.9321249999961765
lookup-client,lookup,2.959667000027366
lookup-client,lookup,1.3229580000029273
lookup-client,lookup,2.772165999999743
lookup-client,lookup,0.7716669999808801
lookup-client,lookup,1.0671660000411975
lookup-client,lookup,0.9146250000071632
lookup-client,lookup,1.1427089999642703
lookup-client,lookup,1.4643749999549982
lookup-client,lookup,1.5616670000326849
lookup-client,lookup,1.5259159999914118
lookup-client,lookup,1.1302089999958298
lookup-client,lookup,1.3710000000060063
lookup-client,lookup,0.8913750000374421
lookup-client,lookup,1.2404999999944266
lookup-client,lookup,0.9264170000164995
lookup-client,lookup,0.9553339999683885
lookup-client,lookup,0.9726669999849946
lookup-client,lookup,1.5029580000032183
lookup-client,lookup,1.510083000027862
lookup-client,lookup,1.8150419999756195
lookup-client,lookup,1.3063750000128493
lookup-client,lookup,2.8365410000219526
lookup-client,lookup,0.9949590000246644
lookup-client,lookup,1.9870830000172646
lookup-client,lookup,1.313583000012386
lookup-client,lookup,1.3607079999928828
lookup-client,lookup,0.9936669999888181
lookup-client,lookup,0.8383340000364115
lookup-client,lookup,1.2842919999798141
lookup-client,lookup,0.9586670000203412
lookup-client,lookup,0.9138750000374785
lookup-client,lookup,0.690042000030644
lookup-client,lookup,0.9933750000072905
lookup-client,lookup,0.7304580000209171
lookup-client,lookup,1.395124999987729
lookup-client,lookup,1.3851250000129767
lookup-client,lookup,0.9703339999873606
lookup-client,lookup,2.431334000050356
lookup-client,lookup,2.6330409999673066
lookup-client,lookup,0.8807920000322156
lookup-client,lookup,1.3352500000110012
lookup-client,lookup,1.7642089999867494
lookup-client,lookup,2.2281669999983933
lookup-client,lookup,1.1674999999513602
lookup-client,lookup,0.9013750000121945
lookup-client,lookup,1.537041999995381
lookup-client,lookup,1.145667000002959
lookup-client,lookup,3.08091599998761
lookup-client,lookup,1.3659169999868936
lookup-client,lookup,1.0532499999840184
lookup-client,lookup,0.9639589999892451
lookup-client,lookup,0.9280840000087665
lookup-client,lookup,0.5450410000094053
lookup-client,lookup,1.0491670000192244
lookup-client,lookup,0.9219579999921734
lookup-client,lookup,0.8854590000169082
lookup-client,lookup,2.2027079999702437
lookup-client,lookup,1.0962499999891406
lookup-client,lookup,1.1009580000518326
lookup-client,lookup,1.248207999992701
lookup-client,lookup,0.849291000008634
lookup-client,lookup,1.1474579999912748
lookup-client,lookup,1.4906659999951444
lookup-client,lookup,1.586666999969566
lookup-client,lookup,3.169875000025968
lookup-client,lookup,0.6870000000276377
lookup-client,lookup,1.1684169999739424
lookup-client,lookup,0.9718750000047294
lookup-client,lookup,1.2090420000276936
lookup-client,lookup,1.0673749999909887
lookup-client,lookup,0.8212079999907473
lookup-client,lookup,0.9417919999918922
lookup-client,lookup,0.6176670000286322
lookup-client,lookup,1.4098330000251735
lookup-client,lookup,0.7959999999798129
lookup-client,lookup,0.7411249999904612
lookup-client,lookup,0.9495839999544842
lookup-client,lookup,1.4854159999799776
lookup-client,lookup,2.819458000033137
lookup-client,lookup,0.8785000000557375
lookup-client,lookup,0.7804999999621032
lookup-client,lookup,0.9892919999856531
lookup-client,lookup,1.385041000048659
lookup-client,lookup,1.381999999978234
lookup-client,lookup,0.7850000000075852
lookup-client,lookup,0.8358750000070359
lookup-client,lookup,0.8551660000080119
lookup-client,lookup,0.7896669999922779
lookup-client,lookup,1.412000000016178
lookup-client,lookup,1.4025830000150563
lookup-client,lookup,1.2790830000426467
lookup-client,lookup,1.2333750000266264
lookup-client,lookup,1.1572500000056607
lookup-client,lookup,1.1174159999995936
lookup-client,lookup,1.1430839999775344
lookup-client,lookup,0.7639579999931811
lookup-client,lookup,1.3388749999876381
lookup-client,lookup,1.3933750000205691
lookup-client,lookup,0.8425000000329419
lookup-client,lookup,1.1259999999992942
lookup-client,lookup,0.7001249999802894
lookup-client,lookup,2.857042000016463
lookup-client,lookup,0.7872500000303262
lookup-client,lookup,1.097750000042197
lookup-client,lookup,1.1074170000142658
lookup-client,lookup,1.0838750000061737
lookup-client,lookup,0.7934170000112317
lookup-client,lookup,1.0732090000260541
lookup-client,lookup,1.5631250000183172
lookup-client,lookup,1.513875000000553
lookup-client,lookup,1.3007080000306814
lookup-client,lookup,1.18979199999103
lookup-client,lookup,0.8985420000158229
lookup-client,lookup,0.9191249999958018
lookup-client,lookup,0.788666000005378
lookup-client,lookup,2.1178329999997914
lookup-client,lookup,0.920333000010487
lookup-client,lookup,0.9760420000475278
lookup-client,lookup,0.6079999999997199
lookup-client,lookup,0.5932909999728508
lookup-client,lookup,1.5464159999964977
lookup-client,lookup,1.0683330000347269
lookup-client,lookup,0.9425410000289958
lookup-client,lookup,0.8234999999672254
lookup-client,lookup,0.8917090000295502
lookup-client,lookup,0.6908330000214846
lookup-client,lookup,0.589832999992268
lookup-client,lookup,0.76116700000739
lookup-client,lookup,0.7620839999731288
lookup-client,lookup,1.2346670000056292
lookup-client,lookup,1.7739580000011301
lookup-client,lookup,3.3162920000222584
lookup-client,lookup,1.4173330000062379
lookup-client,lookup,2.9119170000058148
lookup-client,lookup,1.0514580000062779
lookup-client,lookup,1.367791000006946
lookup-client,lookup,1.5219169999909354
lookup-client,lookup,3.310540999962086
lookup-client,lookup,1.1491669999941223
lookup-client,lookup,2.158416999975543
lookup-client,lookup,1.2091250000025866
lookup-client,lookup,1.0102090000145836
lookup-client,lookup,0.7836670000074264
lookup-client,lookup,0.7187090000115859
lookup-client,lookup,2.0307500000171785
lookup-client,lookup,0.9816670000191152
lookup-client,lookup,1.1927499999728752
lookup-client,lookup,1.0510420000287013
lookup-client,lookup,1.0929590000046119
lookup-client,lookup,1.38862500000414
lookup-client,lookup,0.9334169999988262
lookup-client,lookup,0.9253750000084437
lookup-client,lookup,0.7786669999632068
lookup-client,lookup,0.7873330000052192
lookup-client,lookup,0.8356250000360887
lookup-client,lookup,1.3890420000279846
lookup-client,lookup,0.6311250000408108
lookup-client,lookup,0.8354999999937718
lookup-client,lookup,1.1325000000397267
lookup-client,lookup,0.6107500000211985
lookup-client,lookup,0.6439580000119349
lookup-client,lookup,1.1848749999785468
lookup-client,lookup,0.6887080000410606
lookup-client,lookup,1.0510839999824384
lookup-client,lookup,0.8733329999586203
lookup-client,lookup,0.7803749999766296
lookup-client,lookup,0.8528339999998025
lookup-client,lookup,1.48470799996403
lookup-client,lookup,0.9448750000160544
lookup-client,lookup,1.0273750000351356
lookup-client,lookup,0.7295830000089154
lookup-client,lookup,0.9545839999987038
lookup-client,lookup,0.5906669999831138
lookup-client,lookup,1.2432919999696423
lookup-client,lookup,1.5031249999992724
lookup-client,lookup,1.5517090000116696
lookup-client,lookup,1.3526660000025004
lookup-client,lookup,1.1412079999786329
lookup-client,lookup,0.7241249999765387
lookup-client,lookup,1.5607920000206832
lookup-client,lookup,0.6625830000075439
lookup-client,lookup,0.9909170000241829
lookup-client,lookup,0.9384170000430458
lookup-client,lookup,0.9387910000100419
lookup-client,lookup,1.0214160000145966
lookup-client,lookup,1.7496670000127779
lookup-client,lookup,1.1223329999552334
lookup-client,lookup,0.675625000042146
lookup-client,lookup,0.8260830000494934
lookup-client,lookup,0.6757500000276195
lookup-client,lookup,0.7561669999631704
lookup-client,lookup,1.0540000000105465
lookup-client,lookup,2.170374999991509
lookup-client,lookup,1.5000000000213731
lookup-client,lookup,1.643541999953868
lookup-client,lookup,1.5169590000141397
lookup-client,lookup,2.8387499999666943
lookup-client,lookup,1.2118330000134847
lookup-client,lookup,0.916333000020586
lookup-client,lookup,0.8526249999931679
lookup-client,lookup,0.8191250000209038
lookup-client,lookup,0.8186249999653228
lookup-client,lookup,1.216624999983651
lookup-client,lookup,1.2980000000197833
lookup-client,lookup,0.8396669999797268
lookup-client,lookup,0.5889160000265292
lookup-client,lookup,1.6093749999868123
lookup-client,lookup,0.8147920000283193
lookup-client,lookup,0.9387079999783055
lookup-client,lookup,0.5987079999840716
lookup-client,lookup,0.8157919999689511
lookup-client,lookup,1.5608750000524196
lookup-client,lookup,1.8499170000154663
lookup-client,lookup,1.5915410000388874
lookup-client,lookup,1.080875000013748
lookup-client,lookup,1.461624999990363
lookup-client,lookup,1.9079169999827172
lookup-client,lookup,1.277707999975064
lookup-client,lookup,1.1606250000113505
lookup-client,lookup,1.3424159999999574
lookup-client,lookup,1.3455829999884372
lookup-client,lookup,1.0393339999836826
lookup-client,lookup,0.982792000002064
lookup-client,lookup,0.8206659999814292
lookup-client,lookup,0.865624999960346
lookup-client,lookup,0.9182499999838001
lookup-client,lookup,1.0122499999738466
lookup-client,lookup,1.5551669999922524
lookup-client,lookup,1.267374999997628
lookup-client,lookup,2.5618330000156675
lookup-client,lookup,1.8777919999592996
lookup-client,lookup,6.297084000038922
lookup-client,lookup,67.18366699999478
lookup-client,lookup,1.4808750000270265
lookup-client,lookup,2.833500000008371
lookup-client,lookup,2.3372079999717243
lookup-client,lookup,1.7995840000253338
lookup-client,lookup,0.8999160000371376
lookup-client,lookup,1.927499999965221
lookup-client,lookup,1.330083000027571
lookup-client,lookup,1.1744999999905303
lookup-client,lookup,2.4163749999956963
lookup-client,lookup,1.109791999965637
lookup-client,lookup,0.6107919999749356
lookup-client,lookup,0.8966249999957654
lookup-client,lookup,1.8224579999923662
lookup-client,lookup,2.7938750000089385
lookup-client,lookup,1.4777920000028644
lookup-client,lookup,1.6892500000267319
lookup-client,lookup,1.4117080000346505
lookup-client,lookup,1.23229100000799
lookup-client,lookup,1.2044579999610505
lookup-client,lookup,1.863167000010435
lookup-client,lookup,0.9982500000091932
lookup-client,lookup,1.7299579999985326
lookup-client,lookup,1.530833000003895
lookup-client,lookup,1.4055419999863261
lookup-client,lookup,0.8049159999927724
lookup-client,lookup,0.8169590000193239
lookup-client,lookup,1.5854999999760366
lookup-client,lookup,1.2993750000305226
lookup-client,lookup,1.5006669999593214
lookup-client,lookup,1.3103329999921698
lookup-client,lookup,0.79470800000081
lookup-client,lookup,2.6499159999957556
lookup-client,lookup,1.8512500000156251
lookup-client,lookup,1.0304169999812984
lookup-client,lookup,1.0138330000017959
lookup-client,lookup,1.2148749999596475
lookup-client,lookup,1.005499999962467
lookup-client,lookup,1.4106250000054388
lookup-client,lookup,0.6624999999758074
lookup-client,lookup,1.231625000002623
lookup-client,lookup,0.8413329999825692
lookup-client,lookup,1.1247500000308719
lookup-client,lookup,0.966541000025245
lookup-client,lookup,1.1115419999896403
lookup-client,lookup,1.0590840000190838
lookup-client,lookup,0.6113750000054097
lookup-client,lookup,1.244166999981644
lookup-client,lookup,0.6459580000068854
lookup-client,lookup,0.5124170000385675
lookup-client,lookup,1.3364589999582677
lookup-client,lookup,1.6065840000010212
lookup-client,lookup,1.1858340000117096
lookup-client,lookup,1.0224170000014965
lookup-client,lookup,1.0924580000164497
lookup-client,lookup,1.2069160000010015
lookup-client,lookup,0.8169160000193187
lookup-client,lookup,1.057708999951501
lookup-client,lookup,2.7036249999810025
lookup-client,lookup,3.6416250000002037
lookup-client,lookup,3.4260000000472246
lookup-client,lookup,2.7886670000043523
lookup-client,lookup,3.8967919999777223
lookup-client,lookup,4.556125000021893
lookup-client,lookup,4.667792000020654
lookup-client,lookup,3.283542000019679
lookup-client,lookup,2.3175830000354836
lookup-client,lookup,1.7638749999946413
lookup-client,lookup,3.289124999980686
lookup-client,lookup,1.0460830000056376
lookup-client,lookup,1.9295420000275953
lookup-client,lookup,2.1921669999755977
lookup-client,lookup,0.9469159999753174
lookup-client,lookup,1.5715829999862763
lookup-client,lookup,2.2787500000163163
lookup-client,lookup,0.9813749999807442
lookup-client,lookup,0.9526250000249092
lookup-client,lookup,1.2818750000178625
lookup-client,lookup,1.0944160000008196
lookup-client,lookup,1.1910829999806083
lookup-client,lookup,0.8187089999864838
lookup-client,lookup,0.681750000012471
lookup-client,lookup,1.0127079999620037
lookup-client,lookup,1.1994579999736743
lookup-client,lookup,0.7502909999743679
lookup-client,lookup,1.1499170000206504
lookup-client,lookup,1.181540999994013
lookup-client,lookup,1.3893749999738247
lookup-client,lookup,0.8425000000329419
lookup-client,lookup,1.030749999983982
lookup-client,lookup,0.976750000006632
lookup-client,lookup,1.4714170000047488
lookup-client,lookup,0.9011669999949845
lookup-client,lookup,0.6632920000129161
lookup-client,lookup,0.7119999999645188
lookup-client,lookup,1.352291999978661
lookup-client,lookup,0.7881250000423279
lookup-client,lookup,0.8083750000196233
lookup-client,lookup,0.8900000000267028
lookup-client,lookup,1.0540839999748641
lookup-client,lookup,0.6632079999917551
lookup-client,lookup,0.8019160000003467
lookup-client,lookup,1.3717919999862715
lookup-client,lookup,0.5820419999622573
lookup-client,lookup,0.880375000008371
lookup-client,lookup,1.0423750000541077
lookup-client,lookup,0.7554169999934857
lookup-client,lookup,1.7175829999587222
lookup-client,lookup,0.985124999999698
lookup-client,lookup,1.1610829999995076
lookup-client,lookup,1.2145420000138074
lookup-client,lookup,0.9546669999735968
lookup-client,lookup,2.3783329999673697
lookup-client,lookup,1.4964159999522053
lookup-client,lookup,2.193457999965176
lookup-client,lookup,0.9583749999819702
lookup-client,lookup,0.6350419999989754
lookup-client,lookup,0.750750000008793
lookup-client,lookup,1.1420419999694786
lookup-client,lookup,2.157457999999224
lookup-client,lookup,1.3483330000099158
lookup-client,lookup,0.9182919999943806
lookup-client,lookup,0.6700829999886082
lookup-client,lookup,1.2458329999844864
lookup-client,lookup,1.1911249999911888
lookup-client,lookup,0.9007499999711399
lookup-client,lookup,2.1536249999485335
lookup-client,lookup,1.5402090000407043
lookup-client,lookup,1.2643339999840464
lookup-client,lookup,0.723375000006854
lookup-client,lookup,0.7826670000099512
lookup-client,lookup,2.588291999984449
lookup-client,lookup,0.7503340000312164
lookup-client,lookup,1.5029170000389058
lookup-client,lookup,1.227707999987615
lookup-client,lookup,0.9939590000271892
lookup-client,lookup,1.043707999997423
lookup-client,lookup,0.9393749999730971
lookup-client,lookup,0.9127499999976862
lookup-client,lookup,0.6181659999811018
lookup-client,lookup,0.9273329999928137
lookup-client,lookup,0.7407919999877777
lookup-client,lookup,1.1634580000077221
lookup-client,lookup,1.0102090000145836
lookup-client,lookup,1.1210419999656551
lookup-client,lookup,1.0026249999555148
lookup-client,lookup,0.7384169999795631
lookup-client,lookup,1.484624999989137
lookup-client,lookup,1.3618749999864121
lookup-client,lookup,1.4357919999952173
lookup-client,lookup,1.1073329999931047
lookup-client,lookup,0.9583330000282331
lookup-client,lookup,0.7892500000252767
lookup-client,lookup,1.234124999996311
lookup-client,lookup,1.5092500000264408
lookup-client,lookup,0.8399590000180979
lookup-client,lookup,1.036999999996624
lookup-client,lookup,1.1052079999558373
lookup-client,lookup,0.8925829999952839
lookup-client,lookup,1.6319580000185852
lookup-client,lookup,1.1469579999925372
lookup-client,lookup,0.7067919999599326
lookup-client,lookup,1.384208999979819
lookup-client,lookup,0.6511249999903157
lookup-client,lookup,1.6650829999775851
lookup-client,lookup,0.464207999982591
lookup-client,lookup,0.4894589999935306
lookup-client,lookup,0.6119579999790403
lookup-client,lookup,1.3482080000244423
lookup-client,lookup,0.8842920000233789
lookup-client,lookup,0.8658749999881366
lookup-client,lookup,1.41320799997402
lookup-client,lookup,1.0630419999984042
lookup-client,lookup,1.1255410000217125
lookup-client,lookup,0.7392499999809843
lookup-client,lookup,1.0984589999907257
lookup-client,lookup,2.3170000000050095
lookup-client,lookup,0.6774580000410424
lookup-client,lookup,1.3266250000469881
lookup-client,lookup,1.3753330000554342
lookup-client,lookup,2.537749999987682
lookup-client,lookup,1.0172920000286467
lookup-client,lookup,1.053458999990653
lookup-client,lookup,1.0734589999970012
lookup-client,lookup,1.6912920000322629
lookup-client,lookup,1.91300000000183
lookup-client,lookup,0.8189170000036938
lookup-client,lookup,0.941000000011627
lookup-client,lookup,0.8246670000175982
lookup-client,lookup,0.9778749999895808
lookup-client,lookup,0.9027910000440897
lookup-client,lookup,2.001583000037499
lookup-client,lookup,2.273375000015676
lookup-client,lookup,1.3161249999598112
lookup-client,lookup,0.5846669999982623
lookup-client,lookup,0.9620829999903435
lookup-client,lookup,1.4692080000031638
lookup-client,lookup,3.1970000000001164
lookup-client,lookup,1.1626670000168815
lookup-client,lookup,0.8642500000064501
lookup-client,lookup,0.7807090000255812
lookup-client,lookup,1.733709000006911
lookup-client,lookup,1.3563329999897178
lookup-client,lookup,1.8402079999759735
lookup-client,lookup,2.0874169999842707
lookup-client,lookup,1.212874999964697
lookup-client,lookup,1.8761249999670326
lookup-client,lookup,1.367667000010897
lookup-client,lookup,1.3520419999508704
lookup-client,lookup,1.252458999999817
lookup-client,lookup,1.127124999982243
lookup-client,lookup,2.1073330000263013
lookup-client,lookup,1.080749999971431
lookup-client,lookup,1.0285410000392403
lookup-client,lookup,6.816500000013548
lookup-client,lookup,1.4544169999908263
lookup-client,lookup,1.4418330000012247
lookup-client,lookup,1.1650829999894086
lookup-client,lookup,1.468250000016269
lookup-client,lookup,1.1158329999716443
lookup-client,lookup,0.6832920000192644
lookup-client,lookup,2.4157499999546417
lookup-client,lookup,2.1148330000073656
lookup-client,lookup,1.7980410000291158
lookup-client,lookup,1.7834580000339884
lookup-client,lookup,0.9167919999981677
lookup-client,lookup,0.7781659999750445
lookup-client,lookup,0.7771249999564134
lookup-client,lookup,0.7878750000145374
lookup-client,lookup,1.191083999970033
lookup-client,lookup,1.0099590000436365
lookup-client,lookup,1.2560410000332922
lookup-client,lookup,1.3542089999987184
lookup-client,lookup,0.83450000005314
lookup-client,lookup,0.880375000008371
lookup-client,lookup,2.5167499999838583
lookup-client,lookup,1.4089579999563284
lookup-client,lookup,1.699750000000222
lookup-client,lookup,1.2907079999990856
lookup-client,lookup,0.9944170000153463
lookup-client,lookup,1.3825409999981275
lookup-client,lookup,0.800958000013452
lookup-client,lookup,1.185249999991811
lookup-client,lookup,1.6735419999918122
lookup-client,lookup,0.8780000000001564
lookup-client,lookup,0.9100409999973635
lookup-client,lookup,0.8643749999919237
lookup-client,lookup,1.2358750000203145
lookup-client,lookup,1.0611669999889273
lookup-client,lookup,0.7512500000075306
lookup-client,lookup,0.8042919999979858
lookup-client,lookup,1.2449579999724847
lookup-client,lookup,0.6190839999931086
lookup-client,lookup,1.0884170000053928
lookup-client,lookup,1.4826249999941865
lookup-client,lookup,0.6015829999910238
lookup-client,lookup,1.6722080000022288
lookup-client,lookup,2.4197079999908055
lookup-client,lookup,4.203042000028745
lookup-client,lookup,1.0116249999896354
lookup-client,lookup,1.1671249999949396
lookup-client,lookup,1.0674590000121498
lookup-client,lookup,1.5602080000007845
lookup-client,lookup,0.702208999996401
lookup-client,lookup,0.7356250000043474
lookup-client,lookup,0.4840830000034657
lookup-client,lookup,1.7324169999710648
lookup-client,lookup,0.9146670000177437
lookup-client,lookup,1.3132500000097025
lookup-client,lookup,1.1014580000505703
lookup-client,lookup,0.9914159999766525
lookup-client,lookup,1.2454579999712223
lookup-client,lookup,1.5893750000373075
lookup-client,lookup,1.0703749999834145
lookup-client,lookup,0.6706249999979264
lookup-client,lookup,1.5927079999755733
lookup-client,lookup,1.2413330000526912
lookup-client,lookup,1.7872500000066793
lookup-client,lookup,1.0507499999903303
lookup-client,lookup,0.8698339999568816
lookup-client,lookup,0.7079999999746178
lookup-client,lookup,1.7392080000036003
lookup-client,lookup,0.5869169999641599
lookup-client,lookup,0.5456670000398844
lookup-client,lookup,0.5231669999830046
lookup-client,lookup,0.5538329999694724
lookup-client,lookup,0.6469999999580978
lookup-client,lookup,1.0868329999880189
lookup-client,lookup,1.7485829999941416
lookup-client,lookup,1.0846249999758584
lookup-client,lookup,1.089250000006814
lookup-client,lookup,0.7599169999821243
lookup-client,lookup,0.880583000025581
lookup-client,lookup,0.9776669999723708
lookup-client,lookup,1.2340000000108375
lookup-client,lookup,0.8354169999620353
lookup-client,lookup,0.8653330000356618
lookup-client,lookup,0.742750000028991
lookup-client,lookup,1.204416999996738
lookup-client,lookup,1.1486669999953847
lookup-client,lookup,0.99487499994666
lookup-client,lookup,1.3141250000217042
lookup-client,lookup,0.723375000006854
lookup-client,lookup,1.9522919999985788
lookup-client,lookup,0.9178330000167989
lookup-client,lookup,0.6409169999983533
lookup-client,lookup,8.122291999995923
lookup-client,lookup,0.6440829999974085
lookup-client,lookup,0.7552089999762757
lookup-client,lookup,1.5884169999935693
lookup-client,lookup,0.6722910000007687
lookup-client,lookup,1.1940839999624586
lookup-client,lookup,0.652415999979894
lookup-client,lookup,0.6861249999587926
lookup-client,lookup,4.348291999974663
lookup-client,lookup,1.1670419999632031
lookup-client,lookup,1.104333000000679
lookup-client,lookup,1.3961660000063603
lookup-client,lookup,1.6200830000343558
lookup-client,lookup,1.0361249999846223
lookup-client,lookup,1.6735419999918122
lookup-client,lookup,2.8897090000441494
lookup-client,lookup,0.6654580000144961
lookup-client,lookup,1.9105420000187223
lookup-client,lookup,1.0002920000147242
lookup-client,lookup,1.6479999999887696
lookup-client,lookup,0.7593749999728061
lookup-client,lookup,2.092791999984911
lookup-client,lookup,1.4475419999939731
lookup-client,lookup,2.0565419999911683
lookup-client,lookup,2.058666000039011
lookup-client,lookup,1.3561250000293512
lookup-client,lookup,1.5652089999775853
lookup-client,lookup,2.9935410000234697
lookup-client,lookup,1.1558329999843409
lookup-client,lookup,1.3432090000264907
lookup-client,lookup,1.0199999999827014
lookup-client,lookup,2.7397499999892716
lookup-client,lookup,0.9339999999724569
lookup-client,lookup,0.9440000000040527
lookup-client,lookup,1.7221669999685218
lookup-client,lookup,1.6348750000361179
lookup-client,lookup,1.2307079999800408
lookup-client,lookup,1.582499999983611
lookup-client,lookup,1.2477079999939633
lookup-client,lookup,0.9297500000116088
lookup-client,lookup,0.9383750000324653
lookup-client,lookup,0.9512080000035894
lookup-client,lookup,0.6366249999700813
lookup-client,lookup,1.4877090000027238
lookup-client,lookup,1.6306659999827389
lookup-client,lookup,1.0467089999792734
lookup-client,lookup,2.16429100004234
lookup-client,lookup,3.150292000043464
lookup-client,lookup,1.7401249999693391
lookup-client,lookup,0.8912079999845446
lookup-client,lookup,1.424041000007037
lookup-client,lookup,2.1488329999783673
lookup-client,lookup,1.6217500000266227
lookup-client,lookup,1.0697079999886228
lookup-client,lookup,1.1451659999579533
lookup-client,lookup,1.164374999973461
lookup-client,lookup,0.8414999999786232
lookup-client,lookup,2.885707999951137
lookup-client,lookup,2.9955829999721573
lookup-client,lookup,1.2511250000102336
lookup-client,lookup,1.6167090000180906
lookup-client,lookup,1.0087499999826832
lookup-client,lookup,0.957832999972652
lookup-client,lookup,0.9443750000173168
lookup-client,lookup,1.0274169999888727
lookup-client,lookup,1.2013330000399947
lookup-client,lookup,1.1120839999989585
lookup-client,lookup,0.8567080000148053
lookup-client,lookup,1.2447080000015376
lookup-client,lookup,0.8994170000278245
lookup-client,lookup,1.0084580000011556
lookup-client,lookup,0.738375000025826
lookup-client,lookup,0.9952500000167674
lookup-client,lookup,0.8827919999703226
lookup-client,lookup,0.9863750000249638
lookup-client,lookup,1.1092499999563188
lookup-client,lookup,0.9994999999776155
lookup-client,lookup,0.9534999999800675
lookup-client,lookup,1.2228340000319804
lookup-client,lookup,1.2181669999904443
lookup-client,lookup,1.1205000000131804
lookup-client,lookup,3.3621250000237524
lookup-client,lookup,1.5462499999898682
lookup-client,lookup,1.1441249999961656
lookup-client,lookup,1.3875839999855089
lookup-client,lookup,2.7082499999551146
lookup-client,lookup,1.856665999980578
lookup-client,lookup,1.2218749999988177
lookup-client,lookup,2.453833999993549
lookup-client,lookup,2.1423750000053587
lookup-client,lookup,1.9188329999906273
lookup-client,lookup,1.9846249999773136
lookup-client,lookup,1.4679999999884785
lookup-client,lookup,1.4492079999968155
lookup-client,lookup,3.2777920000057748
lookup-client,lookup,1.1221670000054473
lookup-client,lookup,1.8166250000035689
lookup-client,lookup,1.4854589999799828
lookup-client,lookup,1.0102919999894766
lookup-client,lookup,0.8542920000422782
lookup-client,lookup,0.6974580000473907
lookup-client,lookup,1.3168340000220269
lookup-client,lookup,1.1761659999933727
lookup-client,lookup,0.7232909999856929
lookup-client,lookup,1.0530000000130713
lookup-client,lookup,0.9117919999539481
lookup-client,lookup,1.426000000037675
lookup-client,lookup,1.2667500000134169
lookup-client,lookup,0.9501250000312211
lookup-client,lookup,1.4269579999677262
lookup-client,lookup,1.2473749999912798
lookup-client,lookup,1.1207910000052834
lookup-client,lookup,1.9539580000014212
lookup-client,lookup,0.8045829999900889
lookup-client,lookup,1.0803340000506978
lookup-client,lookup,1.0234169999989717
lookup-client,lookup,1.6334999999685351
lookup-client,lookup,1.1600409999914518
lookup-client,lookup,0.719542000013007
lookup-client,lookup,1.1965829999667221
lookup-client,lookup,0.9334579999631387
lookup-client,lookup,0.8035000000177206
lookup-client,lookup,1.395124999987729
lookup-client,lookup,0.8726249999995161
lookup-client,lookup,0.842457999965518
lookup-client,lookup,0.7454170000187332
lookup-client,lookup,1.290292000021509
lookup-client,lookup,1.6386670000088088
lookup-client,lookup,0.627167000004647
lookup-client,lookup,1.00166699996862
lookup-client,lookup,1.1727500000233704
lookup-client,lookup,1.1324170000079903
lookup-client,lookup,1.539125000022068
lookup-client,lookup,1.3933750000205691
lookup-client,lookup,1.3409169999931692
lookup-client,lookup,0.8487079999781599
lookup-client,lookup,0.6529999999997926
lookup-client,lookup,1.049749999992855
lookup-client,lookup,1.0012079999910384
lookup-client,lookup,1.3893750000306682
lookup-client,lookup,1.1432079999735834
lookup-client,lookup,1.528708000023471
lookup-client,lookup,1.1286250000352993
lookup-client,lookup,1.0412500000143154
lookup-client,lookup,0.8619170000088161
lookup-client,lookup,0.8045409999795083
lookup-client,lookup,1.082999999994172
lookup-client,lookup,0.8291670000062368
lookup-client,lookup,1.3497089999532363
lookup-client,lookup,0.9891670000001795
lookup-client,lookup,1.0196659999905933
lookup-client,lookup,0.8298750000221844
lookup-client,lookup,1.3504580000471833
lookup-client,lookup,1.054415999988123
lookup-client,lookup,0.8631250000235013
lookup-client,lookup,0.8899579999592788
lookup-client,lookup,0.7152079999741545
lookup-client,lookup,1.2302499999918837
lookup-client,lookup,1.298665999968307
lookup-client,lookup,0.8605409999518088
lookup-client,lookup,0.9029579999833004
lookup-client,lookup,1.196332999995775
lookup-client,lookup,1.41320799997402
lookup-client,lookup,0.9500830000206406
lookup-client,lookup,1.221208000004026
lookup-client,lookup,0.8595420000006015
lookup-client,lookup,0.8759160000408883
lookup-client,lookup,1.1054589999730524
lookup-client,lookup,1.1519160000261763
lookup-client,lookup,1.2980000000197833
lookup-client,lookup,1.0165420000021186
lookup-client,lookup,0.9528749999958563
lookup-client,lookup,1.122791000000234
lookup-client,lookup,1.2513329999706002
lookup-client,lookup,0.5715839999993477
lookup-client,lookup,0.8675410000478223
lookup-client,lookup,1.4521249999575048
lookup-client,lookup,2.1641250000357104
lookup-client,lookup,0.6582500000149594
lookup-client,lookup,1.126957999986189
lookup-client,lookup,0.8490419999702681
lookup-client,lookup,0.9379159999980402
lookup-client,lookup,1.066916000013407
lookup-client,lookup,1.9362090000072385
lookup-client,lookup,1.5799579999793423
lookup-client,lookup,1.0277499999915563
lookup-client,lookup,0.5888750000053733
lookup-client,lookup,0.9039590000270437
lookup-client,lookup,0.9577920000083395
lookup-client,lookup,1.6870000000039909
lookup-client,lookup,1.3940420000153608
lookup-client,lookup,2.4777919999792175
lookup-client,lookup,3.2310830000028545
lookup-client,lookup,1.8265829999677408
lookup-client,lookup,1.1623330000247734
lookup-client,lookup,0.9389579999492526
lookup-client,lookup,1.2751250000064829
lookup-client,lookup,1.2713329999769485
lookup-client,lookup,0.9625419999679252
lookup-client,lookup,0.8173329999863199
lookup-client,lookup,0.750333999974373
lookup-client,lookup,1.007791000006364
lookup-client,lookup,0.5318340000144417
lookup-client,lookup,1.1373329999742054
lookup-client,lookup,1.0812080000164315
lookup-client,lookup,0.7699999999886131
lookup-client,lookup,1.076584000031744
lookup-client,lookup,1.5828340000325625
lookup-client,lookup,1.4444580000372298
lookup-client,lookup,0.834375000010823
lookup-client,lookup,0.8765419999576807
lookup-client,lookup,2.4306669999987207
lookup-client,lookup,2.3774999999659485
lookup-client,lookup,0.7388329999571397
lookup-client,lookup,1.0235420000412887
lookup-client,lookup,1.7317079999656926
lookup-client,lookup,1.2578750000216132
lookup-client,lookup,1.5487919999941369
lookup-client,lookup,1.0371660000032534
lookup-client,lookup,0.8661659999802396
lookup-client,lookup,1.2700420000442136
lookup-client,lookup,0.982915999998113
lookup-client,lookup,0.4988750000052278
lookup-client,lookup,1.266999999984364
lookup-client,lookup,1.6122499999937645
lookup-client,lookup,1.1372919999530495
lookup-client,lookup,0.9735830000181522
lookup-client,lookup,1.2667080000028363
lookup-client,lookup,0.8602080000059686
lookup-client,lookup,0.9776250000186337
lookup-client,lookup,1.3701249999940046
lookup-client,lookup,0.825792000000547
lookup-client,lookup,1.1258749999569773
lookup-client,lookup,1.5542919999802507
lookup-client,lookup,1.0305420000236154
lookup-client,lookup,1.2302079999813031
lookup-client,lookup,0.9576660000334414
lookup-client,lookup,0.7991659999788681
lookup-client,lookup,1.020874999994703
lookup-client,lookup,1.1149999999702231
lookup-client,lookup,1.490875000001779
lookup-client,lookup,0.7182919999877413
lookup-client,lookup,0.7839169999783735
lookup-client,lookup,3.0445419999978185
lookup-client,lookup,1.1716669999941587
lookup-client,lookup,1.0784579999949528
lookup-client,lookup,0.7456250000359432
lookup-client,lookup,0.8529590000421194
lookup-client,lookup,0.9799580000162678
lookup-client,lookup,1.0374170000204685
lookup-client,lookup,0.937082999996619
lookup-client,lookup,1.28554200000508
lookup-client,lookup,1.3084580000395363
lookup-client,lookup,1.420583000026454
lookup-client,lookup,1.2816670000006525
lookup-client,lookup,1.5220420000332524
lookup-client,lookup,1.2239579999686612
lookup-client,lookup,1.1085419999972146
lookup-client,lookup,1.384250000000975
lookup-client,lookup,2.504625000028682
lookup-client,lookup,0.7235840000134885
lookup-client,lookup,1.2260830000059286
lookup-client,lookup,0.970250000023043
lookup-client,lookup,1.030166999953508
lookup-client,lookup,0.7275420000496524
lookup-client,lookup,0.7140000000163127
lookup-client,lookup,0.9185840000327516
lookup-client,lookup,1.2034169999992628
lookup-client,lookup,0.951332999989063
lookup-client,lookup,1.665000000002692
lookup-client,lookup,1.2712919999557926
lookup-client,lookup,1.6015830000242204
lookup-client,lookup,0.7082919999561454
lookup-client,lookup,2.1017079999978705
lookup-client,lookup,0.8958749999692373
lookup-client,lookup,1.187708000031762
lookup-client,lookup,1.1766659999921103
lookup-client,lookup,0.5589170000348531
lookup-client,lookup,1.1559580000266578
lookup-client,lookup,0.8777919999829464
lookup-client,lookup,1.2555000000133987
lookup-client,lookup,2.052875000003951
lookup-client,lookup,0.872167000011359
lookup-client,lookup,0.8464580000122623
lookup-client,lookup,0.7060830000114038
lookup-client,lookup,1.1139160000084303
lookup-client,lookup,2.109207999978935
lookup-client,lookup,1.9364170000244485
lookup-client,lookup,0.7833330000153182
lookup-client,lookup,1.0556670000028134
lookup-client,lookup,1.036999999996624
lookup-client,lookup,1.0679590000108874
lookup-client,lookup,1.3727499999731663
lookup-client,lookup,0.853082999981325
lookup-client,lookup,1.3056660000074771
lookup-client,lookup,1.279500000009648
lookup-client,lookup,1.0400419999996302
lookup-client,lookup,1.1182499999904394
lookup-client,lookup,1.4126670000109698
lookup-client,lookup,0.8783749999565771
lookup-client,lookup,0.5897910000385309
lookup-client,lookup,0.6810410000070988
lookup-client,lookup,0.8206250000171167
lookup-client,lookup,1.0587499999701322
lookup-client,lookup,0.767625000037242
lookup-client,lookup,1.510332999998809
lookup-client,lookup,1.340333000030114
lookup-client,lookup,1.6910410000150478
lookup-client,lookup,1.4585000000124637
lookup-client,lookup,1.522833000024093
lookup-client,lookup,0.6794579999791495
lookup-client,lookup,2.0832499999983156
lookup-client,lookup,1.9752919999973528
lookup-client,lookup,1.181208999980754
lookup-client,lookup,1.0760409999761578
lookup-client,lookup,1.639875000023494
lookup-client,lookup,1.0217500000067048
lookup-client,lookup,0.6200409999905787
lookup-client,lookup,0.8564160000332777
lookup-client,lookup,1.8018330000018068
lookup-client,lookup,1.1027920000401537
lookup-client,lookup,1.0479580000151145
lookup-client,lookup,0.932291999959034
lookup-client,lookup,1.0085000000117361
lookup-client,lookup,1.2849590000314492
lookup-client,lookup,0.7542079999893758
lookup-client,lookup,1.4338749999751599
lookup-client,lookup,1.113000000032116
lookup-client,lookup,0.6869160000064767
lookup-client,lookup,1.6071659999852272
lookup-client,lookup,1.5659590000041135
lookup-client,lookup,1.0030830000005153
lookup-client,lookup,0.7395839999730924
lookup-client,lookup,1.7142920000310369
lookup-client,lookup,0.6751250000434084
lookup-client,lookup,1.2913329999832968
lookup-client,lookup,0.9571660000347038
lookup-client,lookup,1.0758750000263717
lookup-client,lookup,1.0922920000098202
lookup-client,lookup,2.774166999984118
lookup-client,lookup,1.3044579999927919
lookup-client,lookup,0.842333999969469
lookup-client,lookup,0.7917919999727019
lookup-client,lookup,2.127332999975806
lookup-client,lookup,1.668791999975383
lookup-client,lookup,0.838541999996778
lookup-client,lookup,1.5577909999819894
lookup-client,lookup,0.9791250000148466
lookup-client,lookup,1.8849999999588363
lookup-client,lookup,0.9558339999671261
lookup-client,lookup,0.6801250000307846
lookup-client,lookup,1.2203749999457614
lookup-client,lookup,0.7330839999895034
lookup-client,lookup,1.875249999955031
lookup-client,lookup,0.7849999999507418
lookup-client,lookup,0.7164169999782644
lookup-client,lookup,0.792375000003176
lookup-client,lookup,0.9210839999695963
lookup-client,lookup,1.8898750000175824
lookup-client,lookup,0.9244579999858615
lookup-client,lookup,0.9559580000200185
lookup-client,lookup,0.9992079999960879
lookup-client,lookup,1.6448750000108703
lookup-client,lookup,2.8152499999691827
lookup-client,lookup,1.507166999999754
lookup-client,lookup,1.6057500000101754
lookup-client,lookup,1.1480830000323294
lookup-client,lookup,1.3522080000143433
lookup-client,lookup,1.4185420000103477
lookup-client,lookup,1.2937920000126724
lookup-client,lookup,1.0929169999940314
lookup-client,lookup,0.7610000000113359
lookup-client,lookup,2.3972910000225056
lookup-client,lookup,1.510042000006706
lookup-client,lookup,0.8673339999631935
lookup-client,lookup,1.9812499999716238
lookup-client,lookup,0.890874999981861
lookup-client,lookup,0.9855420000235426
lookup-client,lookup,0.6545829999708985
lookup-client,lookup,0.920124999993277
lookup-client,lookup,1.1840419999771257
lookup-client,lookup,1.2058750000392138
lookup-client,lookup,0.9910419999528131
lookup-client,lookup,1.0358750000136752
lookup-client,lookup,0.6510000000048421
lookup-client,lookup,0.8054580000020906
lookup-client,lookup,1.256291999993664
lookup-client,lookup,1.2411250000354812
lookup-client,lookup,1.3472090000163917
lookup-client,lookup,3.211665999970137
lookup-client,lookup,1.3253750000217224
lookup-client,lookup,0.9140410000441079
lookup-client,lookup,1.140165999970577
lookup-client,lookup,0.999750000005406
lookup-client,lookup,0.805333000016617
lookup-client,lookup,0.8084170000302038
lookup-client,lookup,1.2071250000076361
lookup-client,lookup,0.8123329999989437
lookup-client,lookup,1.0822499999676438
lookup-client,lookup,1.3082080000117458
lookup-client,lookup,1.1922080000204005
lookup-client,lookup,0.9470410000176344
lookup-client,lookup,0.7118749999790452
lookup-client,lookup,0.9231249999857027
lookup-client,lookup,0.6515830000353162
lookup-client,lookup,1.1653750000277796
lookup-client,lookup,1.8765419999908772
lookup-client,lookup,2.168790999974135
lookup-client,lookup,0.9652499999788233
lookup-client,lookup,1.6038750000006985
lookup-client,lookup,1.4204999999947177
lookup-client,lookup,1.0572090000096068
lookup-client,lookup,0.5295420000379636
lookup-client,lookup,0.7211250000409564
lookup-client,lookup,1.6001669999923251
lookup-client,lookup,1.2834579999889684
lookup-client,lookup,1.2497090000351818
lookup-client,lookup,0.6343750000041837
lookup-client,lookup,1.6314580000198475
lookup-client,lookup,1.530999999999949
lookup-client,lookup,1.3172499999996035
lookup-client,lookup,1.1350409999977273
lookup-client,lookup,1.0627910000380325
lookup-client,lookup,1.0449580000226888
lookup-client,lookup,1.2984169999867845
lookup-client,lookup,1.6047080000021197
lookup-client,lookup,1.118834000010338
lookup-client,lookup,1.5651249999564243
lookup-client,lookup,1.8388750000326581
lookup-client,lookup,1.871624999978394
lookup-client,lookup,1.3055000000008476
lookup-client,lookup,1.2852500000235523
lookup-client,lookup,0.8283749999691281
lookup-client,lookup,1.2539169999854494
lookup-client,lookup,1.0496250000073815
lookup-client,lookup,1.231540999981462
lookup-client,lookup,1.1184999999613865
lookup-client,lookup,1.0430829999563684
lookup-client,lookup,0.6040409999741314
lookup-client,lookup,1.1805830000071182
lookup-client,lookup,0.8842919999665355
lookup-client,lookup,0.9835419999717487
lookup-client,lookup,0.8647500000051878
lookup-client,lookup,1.1074580000354217
lookup-client,lookup,0.6424999999694592
lookup-client,lookup,1.0805000000004839
lookup-client,lookup,1.8086670000343474
lookup-client,lookup,1.2869170000158192
lookup-client,lookup,0.9994580000238784
lookup-client,lookup,0.568874999999025
lookup-client,lookup,0.7078749999891443
lookup-client,lookup,0.8427079999933085
lookup-client,lookup,1.2308750000329383
lookup-client,lookup,1.1641250000025138
lookup-client,lookup,1.6975830000092174
lookup-client,lookup,0.976875000048949
lookup-client,lookup,1.85933299997032
lookup-client,lookup,0.9822500000495893
lookup-client,lookup,0.7813749999741049
lookup-client,lookup,0.7767499999999927
lookup-client,lookup,0.9749580000288915
lookup-client,lookup,1.112250000005588
lookup-client,lookup,1.3977080000131537
lookup-client,lookup,0.7073749999904066
lookup-client,lookup,0.8399999999824104
lookup-client,lookup,0.7210830000303758
lookup-client,lookup,1.0009999999738284
lookup-client,lookup,1.0492910000152733
lookup-client,lookup,0.9143330000256356
lookup-client,lookup,1.221459000021241
lookup-client,lookup,0.5547910000132106
lookup-client,lookup,1.2465830000110145
lookup-client,lookup,1.3663330000213136
lookup-client,lookup,1.3913750000256186
lookup-client,lookup,1.0211249999656502
lookup-client,lookup,0.7282920000193371
lookup-client,lookup,0.9129169999937403
lookup-client,lookup,1.2262500000019827
lookup-client,lookup,0.832124999988082
lookup-client,lookup,0.9224589999803356
lookup-client,lookup,0.5683750000002874
lookup-client,lookup,0.6347080000068672
lookup-client,lookup,0.8789589999764758
lookup-client,lookup,1.1427919999960068
lookup-client,lookup,0.6809170000110498
lookup-client,lookup,1.6765409999948133
lookup-client,lookup,0.8704999999622487
lookup-client,lookup,0.825792000000547
lookup-client,lookup,1.6092079999907583
lookup-client,lookup,1.2394170000220583
lookup-client,lookup,0.7602090000204953
lookup-client,lookup,1.2343340000029457
lookup-client,lookup,0.704667000036352
lookup-client,lookup,1.0972500000434593
lookup-client,lookup,1.6158749999704014
lookup-client,lookup,0.6455420000293088
lookup-client,lookup,0.47833399997898596
lookup-client,lookup,1.5735839999706513
lookup-client,lookup,0.9215000000040163
lookup-client,lookup,1.1350420000439954
lookup-client,lookup,0.8719580000047245
lookup-client,lookup,0.8113749999552056
lookup-client,lookup,1.649832999987666
lookup-client,lookup,1.3310830000250462
lookup-client,lookup,1.9390410000141856
lookup-client,lookup,1.1847910000142292
lookup-client,lookup,1.6249589999688396
lookup-client,lookup,1.877959000012197
lookup-client,lookup,1.8954590000248572
lookup-client,lookup,0.8628749999957108
lookup-client,lookup,0.9182079999732196
lookup-client,lookup,0.8573749999527536
lookup-client,lookup,1.7292090000182725
lookup-client,lookup,1.3750830000276437
lookup-client,lookup,0.9734170000115228
lookup-client,lookup,0.830457999995815
lookup-client,lookup,2.5536250000186556
lookup-client,lookup,1.4516250000156106
lookup-client,lookup,1.2519160000010743
lookup-client,lookup,1.538750000008804
lookup-client,lookup,1.0365420000084669
lookup-client,lookup,1.0986669999510923
lookup-client,lookup,0.614749999954256
lookup-client,lookup,1.1521249999759675
lookup-client,lookup,1.0796669999990627
lookup-client,lookup,0.5275419999861697
lookup-client,lookup,1.2660830000186252
lookup-client,lookup,1.382166999974288
lookup-client,lookup,0.9794160000069496
lookup-client,lookup,0.6129160000227785
lookup-client,lookup,0.9259170000177619
lookup-client,lookup,1.2125410000294323
lookup-client,lookup,0.9350840000479366
lookup-client,lookup,0.9118749999856846
lookup-client,lookup,1.1378749999835236
lookup-client,lookup,0.8706669999583028
lookup-client,lookup,1.1649159999933545
lookup-client,lookup,0.8812079999529487
lookup-client,lookup,0.8517500000380096
lookup-client,lookup,1.3681670000096346
lookup-client,lookup,0.7136660000242045
lookup-client,lookup,0.9417090000169992
lookup-client,lookup,0.7368749999727697
lookup-client,lookup,1.1612499999955617
lookup-client,lookup,1.193624999984877
lookup-client,lookup,1.1722079999572088
lookup-client,lookup,1.3080420000051163
lookup-client,lookup,0.8250829999951748
lookup-client,lookup,1.481916999978239
lookup-client,lookup,1.2190829999667585
lookup-client,lookup,1.0228749999896536
lookup-client,lookup,0.7787920000055237
lookup-client,lookup,1.2540829999920788
lookup-client,lookup,0.9569999999712309
lookup-client,lookup,0.9315000000356122
lookup-client,lookup,1.068292000013571
lookup-client,lookup,0.9438750000185792
lookup-client,lookup,1.3493750000179716
lookup-client,lookup,1.689124999984415
lookup-client,lookup,0.872082999990198
lookup-client,lookup,0.9358749999819338
lookup-client,lookup,1.2299999999640931
lookup-client,lookup,0.9907499999712854
lookup-client,lookup,1.3780000000451764
lookup-client,lookup,1.0416669999813166
lookup-client,lookup,1.1156250000112777
lookup-client,lookup,0.7113749999803076
lookup-client,lookup,1.0584579999886046
lookup-client,lookup,1.4864580000448768
lookup-client,lookup,1.0264999999662905
lookup-client,lookup,0.828417000036552
lookup-client,lookup,0.5054169999993974
lookup-client,lookup,0.9563329999764392
lookup-client,lookup,0.6627920000141785
lookup-client,lookup,1.7497079999770904
lookup-client,lookup,1.0233339999672353
lookup-client,lookup,0.9498750000034306
lookup-client,lookup,0.7216669999934311
lookup-client,lookup,1.1095840000052704
lookup-client,lookup,3.935749999982363
lookup-client,lookup,1.1383339999611053
lookup-client,lookup,0.8196250000196414
lookup-client,lookup,0.6301669999970727
lookup-client,lookup,0.8184169999481128
lookup-client,lookup,1.317459000006238
lookup-client,lookup,1.300709000020106
lookup-client,lookup,1.014375000011114
lookup-client,lookup,0.6312090000051285
lookup-client,lookup,0.8034169999859841
lookup-client,lookup,0.539416999970399
lookup-client,lookup,0.8632500000089749
lookup-client,lookup,1.549249999982294
lookup-client,lookup,1.1125830000082715
lookup-client,lookup,0.9685410000201955
lookup-client,lookup,0.9947080000074493
lookup-client,lookup,0.8733330000154638
lookup-client,lookup,0.9554590000107055
lookup-client,lookup,1.0363750000124128
lookup-client,lookup,0.7108329999709895
lookup-client,lookup,2.0234170000321683
lookup-client,lookup,0.89920800002119
lookup-client,lookup,0.8037910000098236
lookup-client,lookup,0.5331670000146005
lookup-client,lookup,2.023540999971374
lookup-client,lookup,1.5610830000127862
lookup-client,lookup,0.8205830000065362
lookup-client,lookup,0.7931249999728607
lookup-client,lookup,0.8690420000334598
lookup-client,lookup,1.210374999971009
lookup-client,lookup,1.6741250000222863
lookup-client,lookup,0.7273329999861744
lookup-client,lookup,0.972583000020677
lookup-client,lookup,1.1822079999888047
lookup-client,lookup,0.7807910000110496
lookup-client,lookup,1.566333000027953
lookup-client,lookup,0.7870000000025357
lookup-client,lookup,1.0136249999845859
lookup-client,lookup,1.3542500000198743
lookup-client,lookup,0.876084000026367
lookup-client,lookup,0.765292000039608
lookup-client,lookup,1.0745829999905254
lookup-client,lookup,1.446917000009762
lookup-client,lookup,0.8149580000349488
lookup-client,lookup,1.0795000000030086
lookup-client,lookup,0.7117499999935717
lookup-client,lookup,0.7034999999859792
lookup-client,lookup,1.127291999978297
lookup-client,lookup,0.8966670000063459
lookup-client,lookup,1.0567909999963376
lookup-client,lookup,0.7433750000132022
lookup-client,lookup,0.7880830000317474
lookup-client,lookup,1.3468340000031276
lookup-client,lookup,1.311208999993596
lookup-client,lookup,1.3074999999957981
lookup-client,lookup,1.3840839999943455
lookup-client,lookup,1.1939579999875605
lookup-client,lookup,1.403417000005902
lookup-client,lookup,1.2864170000170816
lookup-client,lookup,0.7797500000492619
lookup-client,lookup,1.1297080000076676
lookup-client,lookup,1.2749589999998534
lookup-client,lookup,0.7575829999950656
lookup-client,lookup,0.7363750000308755
lookup-client,lookup,1.0805000000004839
lookup-client,lookup,1.2041250000152104
lookup-client,lookup,1.5531249999867214
lookup-client,lookup,0.9959579999758716
lookup-client,lookup,1.8635410000342745
lookup-client,lookup,0.9343750000425644
lookup-client,lookup,1.1981659999946714
lookup-client,lookup,0.692291000007117
lookup-client,lookup,1.8953750000036962
lookup-client,lookup,1.0002090000398312
lookup-client,lookup,1.7107499999724496
lookup-client,lookup,1.3239580000004025
lookup-client,lookup,0.7542499999999563
lookup-client,lookup,0.7217499999683241
lookup-client,lookup,0.8138329999951566
lookup-client,lookup,1.3352089999898453
lookup-client,lookup,0.8074589999864656
lookup-client,lookup,1.7218330000332571
lookup-client,lookup,3.2963340000264907
lookup-client,lookup,2.1819579999942107
lookup-client,lookup,1.0171249999757492
lookup-client,lookup,0.6675829999949201
lookup-client,lookup,1.6922089999980017
lookup-client,lookup,0.8316249999893444
lookup-client,lookup,1.288499999986925
lookup-client,lookup,0.9079160000169395
lookup-client,lookup,1.06504100000393
lookup-client,lookup,0.9918340000467651
lookup-client,lookup,1.530583000032948
lookup-client,lookup,1.239583999961269
lookup-client,lookup,1.0902079999937087
lookup-client,lookup,0.8804999999938445
lookup-client,lookup,1.1467500000321706
lookup-client,lookup,1.0232909999672302
lookup-client,lookup,0.96195800000487
lookup-client,lookup,1.381834000028448
lookup-client,lookup,1.5514579999944544
lookup-client,lookup,0.7893330000001697
lookup-client,lookup,1.1618750000366163
lookup-client,lookup,0.6664580000119713
lookup-client,lookup,1.0503750000339096
lookup-client,lookup,0.5348330000174428
lookup-client,lookup,1.3167909999651783
lookup-client,lookup,0.7582089999687014
lookup-client,lookup,0.7704999999873507
lookup-client,lookup,0.4664169999841761
lookup-client,lookup,0.9428750000211039
lookup-client,lookup,0.798874999986765
lookup-client,lookup,2.1299999999655483
lookup-client,lookup,0.6694589999938216
lookup-client,lookup,0.8780829999750495
lookup-client,lookup,0.7581669999581209
lookup-client,lookup,0.9130419999792139
lookup-client,lookup,1.5084159999787516
lookup-client,lookup,0.9627919999957157
lookup-client,lookup,1.009499999952368
lookup-client,lookup,1.2623750000102518
lookup-client,lookup,1.0212500000079672
lookup-client,lookup,0.9882079999670168
lookup-client,lookup,1.152541999999812
lookup-client,lookup,1.0365830000296228
lookup-client,lookup,1.369416999978057
lookup-client,lookup,1.7866670000330487
lookup-client,lookup,0.803000000018983
lookup-client,lookup,1.1527080000064416
lookup-client,lookup,1.03291700003183
lookup-client,lookup,0.7805000000189466
lookup-client,lookup,1.0185840000076496
lookup-client,lookup,0.8366670000441445
lookup-client,lookup,0.8583339999859163
lookup-client,lookup,0.6751669999971455
lookup-client,lookup,1.47420799999054
lookup-client,lookup,1.7017499999951724
lookup-client,lookup,0.9989590000145654
lookup-client,lookup,1.08712500002639
lookup-client,lookup,0.999374999992142
lookup-client,lookup,1.344749999987016
lookup-client,lookup,1.2811670000019149
lookup-client,lookup,1.1839160000022275
lookup-client,lookup,1.2017500000069958
lookup-client,lookup,1.9083330000171372
lookup-client,lookup,1.1173750000352811
lookup-client,lookup,1.3392500000009022
lookup-client,lookup,1.4134580000018104
lookup-client,lookup,1.1255829999754496
lookup-client,lookup,1.216583999962495
lookup-client,lookup,1.0494160000007469
lookup-client,lookup,0.5419589999746677
lookup-client,lookup,0.8882909999670119
lookup-client,lookup,0.7582499999898573
lookup-client,lookup,1.5185000000315085
lookup-client,lookup,1.2209160000224983
lookup-client,lookup,1.2849169999640253
lookup-client,lookup,0.5905839999513773
lookup-client,lookup,1.0348750000162
lookup-client,lookup,1.3406250000116415
lookup-client,lookup,0.9110839999948439
lookup-client,lookup,1.9053749999784486
lookup-client,lookup,1.0265420000337144
lookup-client,lookup,0.8935420000284466
lookup-client,lookup,0.7747500000050422
lookup-client,lookup,0.8019999999646643
lookup-client,lookup,1.7727079999758644
lookup-client,lookup,1.1228330000108144
lookup-client,lookup,1.0113750000186883
lookup-client,lookup,0.7929170000124941
lookup-client,lookup,1.19195799999261
lookup-client,lookup,1.7395000000419714
lookup-client,lookup,0.9240829999725975
lookup-client,lookup,1.08570800000507
lookup-client,lookup,1.4608750000206783
lookup-client,lookup,1.0800000000017462
lookup-client,lookup,1.0766669999497935
lookup-client,lookup,1.887041000031786
lookup-client,lookup,2.4704169999836267
lookup-client,lookup,1.382292000016605
lookup-client,lookup,1.1550410000040756
lookup-client,lookup,1.0819579999861162
lookup-client,lookup,1.024957999959497
lookup-client,lookup,0.8515420000207996
lookup-client,lookup,0.7642499999747088
lookup-client,lookup,1.1067499999626307
lookup-client,lookup,1.114958000016486
lookup-client,lookup,1.4121670000122322
lookup-client,lookup,0.9279999999876054
lookup-client,lookup,0.5921250000255895
lookup-client,lookup,1.3523750000103973
lookup-client,lookup,1.060459000029823
lookup-client,lookup,1.1743329999944763
lookup-client,lookup,1.0041670000191516
lookup-client,lookup,1.1542080000026544
lookup-client,lookup,1.0632089999944583
lookup-client,lookup,1.8397499999878164
lookup-client,lookup,2.149416999998266
lookup-client,lookup,1.386749999994663
lookup-client,lookup,1.2736670000208505
lookup-client,lookup,0.5546670000171616
lookup-client,lookup,2.1820420000153717
lookup-client,lookup,1.9890410000016345
lookup-client,lookup,1.3848749999851862
lookup-client,lookup,2.096832999995968
lookup-client,lookup,1.2756250000052205
lookup-client,lookup,1.4682919999700061
lookup-client,lookup,1.0821249999821703
lookup-client,lookup,0.915958000007322
lookup-client,lookup,1.2499999999704414
lookup-client,lookup,1.20212500002026
lookup-client,lookup,1.0030419999793594
lookup-client,lookup,0.8350420000056147
lookup-client,lookup,0.8092080000210444
lookup-client,lookup,1.9870000000423715
lookup-client,lookup,8.212291999996069
lookup-client,lookup,1.2758330000224305
lookup-client,lookup,1.2598330000059832
lookup-client,lookup,0.9267500000191831
lookup-client,lookup,1.395250000030046
lookup-client,lookup,0.8108750000133114
lookup-client,lookup,1.4719170000034865
lookup-client,lookup,1.6814169999861406
lookup-client,lookup,2.2813329999848975
lookup-client,lookup,0.7497919999650549
lookup-client,lookup,0.665000000026339
lookup-client,lookup,0.945084000022689
lookup-client,lookup,0.9519170000089616
lookup-client,lookup,1.108499999986634
lookup-client,lookup,1.6137089999688214
lookup-client,lookup,0.9307909999733965
lookup-client,lookup,1.1264590000337193
lookup-client,lookup,1.7722499999877073
lookup-client,lookup,0.7914580000374372
lookup-client,lookup,1.2644170000157828
lookup-client,lookup,0.8714169999848309
lookup-client,lookup,1.6096250000146028
lookup-client,lookup,1.1263339999914024
lookup-client,lookup,0.8347080000135065
lookup-client,lookup,1.1326249999683569
lookup-client,lookup,1.0275000000206091
lookup-client,lookup,1.392334000001938
lookup-client,lookup,1.0461669999699552
lookup-client,lookup,0.7258750000005421
lookup-client,lookup,0.944958999980372
lookup-client,lookup,0.608166999995774
lookup-client,lookup,1.1195000000157052
lookup-client,lookup,10.65550000004123
lookup-client,lookup,9.71712499995192
lookup-client,lookup,2.0687090000137687
lookup-client,lookup,2.1199160000264783
lookup-client,lookup,0.9929170000191334
lookup-client,lookup,1.189874999965923
lookup-client,lookup,1.0723329999677844
lookup-client,lookup,1.2036249999596293
lookup-client,lookup,1.0414999999852625
lookup-client,lookup,1.6469999999912943
lookup-client,lookup,1.4934170000060476
lookup-client,lookup,1.1017499999752545
lookup-client,lookup,1.1383750000391046
lookup-client,lookup,0.9950000000458203
lookup-client,lookup,1.4178330000049755
lookup-client,lookup,2.7383750000353757
lookup-client,lookup,1.2287499999956708
lookup-client,lookup,1.5711670000086997
lookup-client,lookup,0.9235840000201279
lookup-client,lookup,1.7201249999629908
lookup-client,lookup,1.083249999965119
lookup-client,lookup,1.509792000035759
lookup-client,lookup,1.208416999986639
lookup-client,lookup,1.5832079999995585
lookup-client,lookup,1.0198749999972279
lookup-client,lookup,0.7970419999878686
lookup-client,lookup,0.897124999994503
lookup-client,lookup,0.9205420000171216
lookup-client,lookup,0.986583999974755
lookup-client,lookup,0.7940840000060234
lookup-client,lookup,0.711208000041097
lookup-client,lookup,0.9720410000113588
lookup-client,lookup,1.2144159999820658
lookup-client,lookup,1.5857920000144077
lookup-client,lookup,1.5048749999664324
lookup-client,lookup,1.6972500000065338
lookup-client,lookup,0.7353329999659763
lookup-client,lookup,2.8911250000192013
lookup-client,lookup,1.8287089999944328
lookup-client,lookup,0.9878749999643333
lookup-client,lookup,1.7280829999890557
lookup-client,lookup,2.7441249999924366
lookup-client,lookup,1.079167000000325
lookup-client,lookup,0.9046250000324108
lookup-client,lookup,0.8385410000073534
lookup-client,lookup,1.7467079999846646
lookup-client,lookup,0.8232499999962783
lookup-client,lookup,0.9937080000099741
lookup-client,lookup,1.3339170000108425
lookup-client,lookup,1.0907090000387143
lookup-client,lookup,1.2933749999888278
lookup-client,lookup,0.723791000041274
lookup-client,lookup,0.898958999982824
lookup-client,lookup,0.9525410000037482
lookup-client,lookup,1.5362080000045353
lookup-client,lookup,0.9954999999877145
lookup-client,lookup,0.9046249999755673
lookup-client,lookup,0.8605419999980768
lookup-client,lookup,1.7056249999995998
lookup-client,lookup,0.6587089999925411
lookup-client,lookup,0.8884169999987535
lookup-client,lookup,1.6626660000156335
lookup-client,lookup,0.9812499999952706
lookup-client,lookup,0.7980000000316068
lookup-client,lookup,1.4846669999997175
lookup-client,lookup,1.0264999999662905
lookup-client,lookup,0.5669170000146551
lookup-client,lookup,1.2916249999648244
lookup-client,lookup,1.1550829999578127
lookup-client,lookup,1.0574169999699734
lookup-client,lookup,1.0916669999687656
lookup-client,lookup,1.3707499999782158
lookup-client,lookup,1.0399169999573132
lookup-client,lookup,0.865457999964292
lookup-client,lookup,0.5970409999918047
lookup-client,lookup,0.9298749999970823
lookup-client,lookup,2.3429999999962092
lookup-client,lookup,1.0115000000041618
lookup-client,lookup,1.2155420000112827
lookup-client,lookup,1.0200830000144379
lookup-client,lookup,1.2388750000127402
lookup-client,lookup,1.1133750000453801
lookup-client,lookup,1.2433750000013788
lookup-client,lookup,1.0091660000171032
lookup-client,lookup,2.2707090000153585
lookup-client,lookup,1.5443330000266542
lookup-client,lookup,2.319750000026488
lookup-client,lookup,0.53116700001965
lookup-client,lookup,1.216999999996915
lookup-client,lookup,0.7697919999714031
lookup-client,lookup,1.3289170000234662
lookup-client,lookup,0.6319590000316566
lookup-client,lookup,0.5906659999936892
lookup-client,lookup,0.7834169999796359
lookup-client,lookup,1.277625000000171
lookup-client,lookup,0.9652499999788233
lookup-client,lookup,1.2118749999672218
lookup-client,lookup,0.4818339999701493
lookup-client,lookup,0.8915409999872281
lookup-client,lookup,1.536709000049541
lookup-client,lookup,1.5504579999969792
lookup-client,lookup,1.5023749999727443
lookup-client,lookup,1.2639170000170452
lookup-client,lookup,1.255000000014661
lookup-client,lookup,1.1639580000064598
lookup-client,lookup,1.2321250000013606
lookup-client,lookup,1.2106249999987995
lookup-client,lookup,0.662916999999652
lookup-client,lookup,1.2378330000046844
lookup-client,lookup,0.9621670000115046
lookup-client,lookup,0.6762090000052012
lookup-client,lookup,1.1349170000016784
lookup-client,lookup,0.8861250000222753
lookup-client,lookup,2.594958999964092
lookup-client,lookup,1.0257499999966058
lookup-client,lookup,1.3659169999868936
lookup-client,lookup,1.6828329999611924
lookup-client,lookup,1.2361660000124175
lookup-client,lookup,0.9196670000051199
lookup-client,lookup,1.0375839999596792
lookup-client,lookup,1.1134170000559607
lookup-client,lookup,2.141875000006621
lookup-client,lookup,0.8016250000082437
lookup-client,lookup,2.202209000017774
lookup-client,lookup,0.7005840000147145
lookup-client,lookup,0.7475419999991573
lookup-client,lookup,1.0570840000241333
lookup-client,lookup,0.4992089999973359
lookup-client,lookup,0.7561249999525899
lookup-client,lookup,1.2091670000131671
lookup-client,lookup,2.529083000013088
lookup-client,lookup,2.0168340000168428
lookup-client,lookup,0.6767919999788319
lookup-client,lookup,1.543875000038497
lookup-client,lookup,3.140666000035708
lookup-client,lookup,7.199291999995694
lookup-client,lookup,1.3237499999831925
lookup-client,lookup,1.3475420000190752
lookup-client,lookup,1.1831660000325428
lookup-client,lookup,0.8199999999760621
lookup-client,lookup,0.9217909999961194
lookup-client,lookup,1.333957999975155
lookup-client,lookup,1.8519999999853098
lookup-client,lookup,0.990999999999076
lookup-client,lookup,0.9217500000318068
lookup-client,lookup,0.8231669999645419
lookup-client,lookup,1.547791000007237
lookup-client,lookup,1.662374999966687
lookup-client,lookup,0.8921250000071268
lookup-client,lookup,0.9850000000142245
lookup-client,lookup,2.0418749999748798
lookup-client,lookup,1.51358400000845
lookup-client,lookup,0.9146250000071632
lookup-client,lookup,1.0277079999809757
lookup-client,lookup,0.8419580000236238
lookup-client,lookup,0.7287500000074942
lookup-client,lookup,1.001291999955356
lookup-client,lookup,0.8640839999998207
lookup-client,lookup,1.1917079999648195
lookup-client,lookup,0.7972920000156591
lookup-client,lookup,0.8372089999966192
lookup-client,lookup,1.4331669999592123
lookup-client,lookup,1.1033330000032038
lookup-client,lookup,0.6729579999955604
lookup-client,lookup,1.8597079999835842
lookup-client,lookup,1.0843750000049113
lookup-client,lookup,0.5696249999687097
lookup-client,lookup,1.1485839999636482
lookup-client,lookup,4.217374999996082
lookup-client,lookup,1.1016670000003614
lookup-client,lookup,0.8378329999914058
lookup-client,lookup,1.785499999982676
lookup-client,lookup,0.8594580000362839
lookup-client,lookup,1.0768330000132664
lookup-client,lookup,1.8849589999945238
lookup-client,lookup,1.530958000046212
lookup-client,lookup,0.9208330000092246
lookup-client,lookup,0.7827089999636883
lookup-client,lookup,0.8735000000115178
lookup-client,lookup,1.0434160000158954
lookup-client,lookup,1.0166249999770116
lookup-client,lookup,0.8152919999702135
lookup-client,lookup,1.729416999978639
lookup-client,lookup,1.955375000022741
lookup-client,lookup,0.9603749999769207
lookup-client,lookup,0.671042000021771
lookup-client,lookup,1.2435419999974329
lookup-client,lookup,2.817916999958925
lookup-client,lookup,0.8442500000001019
lookup-client,lookup,0.6740420000141967
lookup-client,lookup,1.2237910000294505
lookup-client,lookup,1.2395829999718444
lookup-client,lookup,1.2733330000287424
lookup-client,lookup,1.0232089999817617
lookup-client,lookup,0.7004999999935535
lookup-client,lookup,1.1673340000015742
lookup-client,lookup,1.8289579999759553
lookup-client,lookup,1.5347080000083224
lookup-client,lookup,1.1299999999891952
lookup-client,lookup,0.989124999989599
lookup-client,lookup,0.744916000030571
lookup-client,lookup,0.9738749999996799
lookup-client,lookup,1.5447920000042359
lookup-client,lookup,0.7889579999869056
lookup-client,lookup,0.49841599997080266
lookup-client,lookup,1.1993329999882008
lookup-client,lookup,0.9360829999991438
lookup-client,lookup,0.8395840000048338
lookup-client,lookup,0.9288329999890266
lookup-client,lookup,0.788166999996065
lookup-client,lookup,1.227249999999458
lookup-client,lookup,1.2686250000228938
lookup-client,lookup,0.8541249999893807
lookup-client,lookup,1.7677499999990687
lookup-client,lookup,0.7313340000223434
lookup-client,lookup,1.2032500000032087
lookup-client,lookup,0.9277919999703954
lookup-client,lookup,1.1760840000079043
lookup-client,lookup,0.8379999999874599
lookup-client,lookup,1.1698330000058377
lookup-client,lookup,2.71308300000328
lookup-client,lookup,1.6549580000173592
lookup-client,lookup,3.0476249999651372
lookup-client,lookup,3.382624999971995
lookup-client,lookup,1.1530829999628622
lookup-client,lookup,1.3808749999952852
lookup-client,lookup,2.694000000019514
lookup-client,lookup,4.429915999992318
lookup-client,lookup,0.7597079999754897
lookup-client,lookup,0.7652500000290274
lookup-client,lookup,1.0425410000038937
lookup-client,lookup,1.2761250000039581
lookup-client,lookup,1.8577920000097947
lookup-client,lookup,1.413291999995181
lookup-client,lookup,0.8212500000013279
lookup-client,lookup,1.5533749999576685
lookup-client,lookup,1.3605830000074093
lookup-client,lookup,0.918208000030063
lookup-client,lookup,0.9488750000059554
lookup-client,lookup,0.5866669999932128
lookup-client,lookup,0.8204580000210626
lookup-client,lookup,1.0754159999919466
lookup-client,lookup,1.2866670000448721
lookup-client,lookup,0.9040420000019367
lookup-client,lookup,0.7193330000063725
lookup-client,lookup,1.3976669999919977
lookup-client,lookup,1.970375000041713
lookup-client,lookup,1.2935830000060378
lookup-client,lookup,1.2682500000096297
lookup-client,lookup,1.2489579999623857
lookup-client,lookup,2.013292000015099
lookup-client,lookup,1.2494160000073862
lookup-client,lookup,1.7246660000296288
lookup-client,lookup,1.0970409999799813
lookup-client,lookup,1.5399999999772263
lookup-client,lookup,0.8379999999874599
lookup-client,lookup,0.7507079999982125
lookup-client,lookup,0.8791249999831052
lookup-client,lookup,1.457666000021618
lookup-client,lookup,0.962042000026031
lookup-client,lookup,1.287875000002714
lookup-client,lookup,1.1860419999720762
lookup-client,lookup,1.2189170000169725
lookup-client,lookup,2.5199170000291815
lookup-client,lookup,4.282665999994606
lookup-client,lookup,1.277874999971118
lookup-client,lookup,0.9644999999522952
lookup-client,lookup,0.7995840000489807
lookup-client,lookup,0.9924580000415517
lookup-client,lookup,0.6724579999968228
lookup-client,lookup,0.5881669999894257
lookup-client,lookup,1.9477499999993597
lookup-client,lookup,1.277583999979015
lookup-client,lookup,1.3162500000021282
lookup-client,lookup,0.725499999987278
lookup-client,lookup,0.9716249999769389
lookup-client,lookup,1.1381250000113141
lookup-client,lookup,1.2235419999910846
lookup-client,lookup,2.0181659999707335
lookup-client,lookup,1.1402090000274256
lookup-client,lookup,1.750916000048619
lookup-client,lookup,1.8767499999512438
lookup-client,lookup,1.1032920000388913
lookup-client,lookup,1.6884579999896232
lookup-client,lookup,1.9378329999995003
lookup-client,lookup,1.1752500000170585
lookup-client,lookup,0.7903750000082255
lookup-client,lookup,2.837541000019428
lookup-client,lookup,1.3558750000015607
lookup-client,lookup,1.301082999987102
lookup-client,lookup,0.7247080000070127
lookup-client,lookup,0.8704169999873557
lookup-client,lookup,0.9804169999938495
lookup-client,lookup,1.2955840000472563
lookup-client,lookup,1.2654590000238386
lookup-client,lookup,0.7855000000063228
lookup-client,lookup,1.430625000011787
lookup-client,lookup,0.8186670000327467
lookup-client,lookup,1.2038340000231074
lookup-client,lookup,0.7920410000110678
lookup-client,lookup,0.8245409999858566
lookup-client,lookup,1.655582999944727
lookup-client,lookup,0.851040999975794
lookup-client,lookup,1.1995410000054108
lookup-client,lookup,3.707499999961783
lookup-client,lookup,1.171292000037738
lookup-client,lookup,0.8572080000135429
lookup-client,lookup,0.8937919999993937
lookup-client,lookup,2.3630410000237134
lookup-client,lookup,1.9285000000195396
lookup-client,lookup,1.622457999985727
lookup-client,lookup,1.1902089999580312
lookup-client,lookup,2.4778330000003734
lookup-client,lookup,1.2180420000049708
lookup-client,lookup,1.21283300001096
lookup-client,lookup,1.4928749999967295
lookup-client,lookup,1.5760000000000218
lookup-client,lookup,1.0910420000413978
lookup-client,lookup,1.9051250000075015
lookup-client,lookup,0.7434999999986758
lookup-client,lookup,1.3882079999802954
lookup-client,lookup,0.6669590000001335
lookup-client,lookup,0.623082999993585
lookup-client,lookup,0.9625420000247686
lookup-client,lookup,0.8458749999817883
lookup-client,lookup,0.7245000000466462
lookup-client,lookup,0.985333000016908
lookup-client,lookup,0.7872499999734828
lookup-client,lookup,1.0113330000081078
lookup-client,lookup,0.8294170000340273
lookup-client,lookup,0.625415999991219
lookup-client,lookup,0.8989170000290869
lookup-client,lookup,0.6653340000184471
lookup-client,lookup,1.4671659999976328
lookup-client,lookup,0.7150000000137879
lookup-client,lookup,0.7336659999737094
lookup-client,lookup,0.7735000000366199
lookup-client,lookup,1.4291250000155742
lookup-client,lookup,1.3424589999999625
lookup-client,lookup,2.5603749999731917
lookup-client,lookup,0.7057909999730327
lookup-client,lookup,2.17283300003146
lookup-client,lookup,1.059999999995398
lookup-client,lookup,1.4856659999509247
lookup-client,lookup,1.1236249999910797
lookup-client,lookup,2.056290999973953
lookup-client,lookup,0.6632500000023356
lookup-client,lookup,1.1404169999877922
lookup-client,lookup,0.9901249999870743
lookup-client,lookup,0.7404169999745136
lookup-client,lookup,0.6788329999949383
lookup-client,lookup,1.3048750000166365
lookup-client,lookup,1.126875000011296
lookup-client,lookup,0.7709999999860884
lookup-client,lookup,0.9972080000011374
lookup-client,lookup,1.463749999970787
lookup-client,lookup,2.061916000002384
lookup-client,lookup,0.9881249999921238
lookup-client,lookup,1.6882909999935691
lookup-client,lookup,1.2422080000078495
lookup-client,lookup,1.0660830000119859
lookup-client,lookup,1.1792500000069595
lookup-client,lookup,1.106292000031317
lookup-client,lookup,2.4608749999970314
lookup-client,lookup,0.7662919999802398
lookup-client,lookup,1.1125830000082715
lookup-client,lookup,1.0436659999868425
lookup-client,lookup,0.7378330000165079
lookup-client,lookup,1.4062500000022737
lookup-client,lookup,0.8926250000058644
lookup-client,lookup,1.0247499999991305
lookup-client,lookup,1.7001670000240665
lookup-client,lookup,0.905541000008725
lookup-client,lookup,1.1099590000185344
lookup-client,lookup,0.9703339999873606
lookup-client,lookup,1.308708999999908
lookup-client,lookup,0.8774159999802578
lookup-client,lookup,0.9734580000326787
lookup-client,lookup,0.9929999999940264
lookup-client,lookup,1.1369579999609414
lookup-client,lookup,0.8248329999673842
lookup-client,lookup,0.7540410000501652
lookup-client,lookup,0.9057500000153595
lookup-client,lookup,1.0058340000114185
lookup-client,lookup,0.9079160000169395
lookup-client,lookup,1.513291999970079
lookup-client,lookup,1.1613749999810352
lookup-client,lookup,0.9134169999924779
lookup-client,lookup,1.1514590000274438
lookup-client,lookup,1.112874999989799
lookup-client,lookup,1.574124999990545
lookup-client,lookup,1.0042080000403075
lookup-client,lookup,0.6854160000102638
lookup-client,lookup,1.2739579999561101
lookup-client,lookup,1.1372499999993124
lookup-client,lookup,2.473124999994525
lookup-client,lookup,0.9517500000129075
lookup-client,lookup,1.043499999980213
lookup-client,lookup,0.8629579999706039
lookup-client,lookup,1.549332999957187
lookup-client,lookup,2.1400830000288806
lookup-client,lookup,1.360874999988937
lookup-client,lookup,0.6753750000143555
lookup-client,lookup,0.6265839999741729
lookup-client,lookup,1.2891250000279797
lookup-client,lookup,1.4504579999652378
lookup-client,lookup,1.499334000016006
lookup-client,lookup,0.64637500003073
lookup-client,lookup,1.3141659999860167
lookup-client,lookup,0.5913330000453243
lookup-client,lookup,0.7704170000124577
lookup-client,lookup,1.45137499998782
lookup-client,lookup,1.0507499999903303
lookup-client,lookup,0.9818330000257447
lookup-client,lookup,0.8069170000339909
lookup-client,lookup,1.1724999999955799
lookup-client,lookup,0.9908750000136024
lookup-client,lookup,0.7145830000467868
lookup-client,lookup,1.7562919999818405
lookup-client,lookup,0.8503330000166898
lookup-client,lookup,2.3746660000369957
lookup-client,lookup,0.9719170000153099
lookup-client,lookup,0.9070410000049378
lookup-client,lookup,0.6744589999811978
lookup-client,lookup,0.8743749999666761
lookup-client,lookup,1.894542000002275
lookup-client,lookup,1.083375000007436
lookup-client,lookup,0.959874999978183
lookup-client,lookup,0.7640829999786547
lookup-client,lookup,0.7016250000333457
lookup-client,lookup,0.9793750000426371
lookup-client,lookup,1.3268750000179352
lookup-client,lookup,0.9544170000026497
lookup-client,lookup,0.7284999999797037
lookup-client,lookup,1.0112499999763713
lookup-client,lookup,1.193999999998141
lookup-client,lookup,0.6635839999944437
lookup-client,lookup,1.0456250000174805
lookup-client,lookup,1.9672079999963898
lookup-client,lookup,2.045957999996517
lookup-client,lookup,1.2340000000108375
lookup-client,lookup,0.7498330000430542
lookup-client,lookup,0.81320900000037
lookup-client,lookup,1.3203340000131902
lookup-client,lookup,0.8432500000026266
lookup-client,lookup,0.9949999999889769
lookup-client,lookup,0.6849999999758438
lookup-client,lookup,0.8755000000064683
lookup-client,lookup,1.9754169999828264
lookup-client,lookup,0.6924170000388585
lookup-client,lookup,0.8955000000128166
lookup-client,lookup,1.1949579999850357
lookup-client,lookup,1.8978749999973843
lookup-client,lookup,0.7291249999639149
lookup-client,lookup,1.1215419999643927
lookup-client,lookup,0.8402500000102009
lookup-client,lookup,1.2624159999745643
lookup-client,lookup,1.64804199999935
lookup-client,lookup,1.6764160000093398
lookup-client,lookup,1.1911250000480322
lookup-client,lookup,1.8761669999776132
lookup-client,lookup,1.2967089999733616
lookup-client,lookup,1.4593329999570415
lookup-client,lookup,0.8746660000156226
lookup-client,lookup,1.1155840000469652
lookup-client,lookup,1.3478749999649153
lookup-client,lookup,1.4587919999939913
lookup-client,lookup,1.1432500000410073
lookup-client,lookup,1.141708000034214
lookup-client,lookup,1.0980839999774616
lookup-client,lookup,1.1728329999982634
lookup-client,lookup,0.8311670000011873
lookup-client,lookup,1.0875839999471282
lookup-client,lookup,1.3770420000014383
lookup-client,lookup,1.3939580000510432
lookup-client,lookup,0.90775000001031
lookup-client,lookup,0.694500000008702
lookup-client,lookup,0.9179589999916971
lookup-client,lookup,1.13600000003089
lookup-client,lookup,0.9087079999972048
lookup-client,lookup,1.1918749999608735
lookup-client,lookup,1.8675420000136
lookup-client,lookup,1.568499999962114
lookup-client,lookup,1.3535830000250826
lookup-client,lookup,1.296167000020887
lookup-client,lookup,0.8171250000259533
lookup-client,lookup,1.0527090000209682
lookup-client,lookup,1.4118749999738611
lookup-client,lookup,1.087750000010601
lookup-client,lookup,0.9258329999966008
lookup-client,lookup,0.9801670000229024
lookup-client,lookup,1.133750000008149
lookup-client,lookup,4.760416999999961
lookup-client,lookup,2.38370799996801
lookup-client,lookup,1.4690419999965343
lookup-client,lookup,0.6618340000272838
lookup-client,lookup,0.8600839999530763
lookup-client,lookup,1.3854169999945043
lookup-client,lookup,1.9869999999855281
lookup-client,lookup,2.117959000031533
lookup-client,lookup,3.139290999968125
lookup-client,lookup,5.043415999978151
lookup-client,lookup,1.4627499999733118
lookup-client,lookup,1.4377499999795873
lookup-client,lookup,2.5682090000032076
lookup-client,lookup,1.8022080000150709
lookup-client,lookup,0.6286660000114352
lookup-client,lookup,0.9122080000452115
lookup-client,lookup,1.1258330000032402
lookup-client,lookup,1.3850830000023961
lookup-client,lookup,0.7755000000315704
lookup-client,lookup,1.7387910000365991
lookup-client,lookup,3.0647910000425327
lookup-client,lookup,1.6466249999780302
lookup-client,lookup,1.2469580000242786
lookup-client,lookup,1.5451669999606565
lookup-client,lookup,2.3238750000018626
lookup-client,lookup,1.7323330000067472
lookup-client,lookup,0.9793749999857937
lookup-client,lookup,0.7586670000137019
lookup-client,lookup,1.612875000034819
lookup-client,lookup,1.2360419999595251
lookup-client,lookup,2.3370839999756754
lookup-client,lookup,3.4123330000284113
lookup-client,lookup,1.2073330000248461
lookup-client,lookup,1.1200410000355987
lookup-client,lookup,2.2777080000082606
lookup-client,lookup,0.7411659999547737
lookup-client,lookup,2.351666999970803
lookup-client,lookup,2.2937079999678645
lookup-client,lookup,1.7764579999948182
lookup-client,lookup,1.911541000026773
lookup-client,lookup,1.4727920000154882
lookup-client,lookup,0.7643750000170257
lookup-client,lookup,3.1216670000162594
lookup-client,lookup,0.7792079999831003
lookup-client,lookup,3.1830419999892
lookup-client,lookup,15.580416999966928
lookup-client,lookup,5.102374999978565
lookup-client,lookup,1.2305839999839918
lookup-client,lookup,1.1997080000014648
lookup-client,lookup,4.948624999997264
lookup-client,lookup,2.182374999961212
lookup-client,lookup,1.9444999999791435
lookup-client,lookup,1.905375000035292
lookup-client,lookup,1.1007499999777792
lookup-client,lookup,3.5917500000550717
lookup-client,lookup,1.0534999999549655
lookup-client,lookup,1.5459589999977652
lookup-client,lookup,1.5153749999967658
lookup-client,lookup,1.0320000000092477
lookup-client,lookup,0.85745799998449
lookup-client,lookup,1.6371250000020154
lookup-client,lookup,1.4781670000161284
lookup-client,lookup,1.6196669999999358
lookup-client,lookup,2.013999999974203
lookup-client,lookup,1.695750000010321
lookup-client,lookup,1.0907500000030268
lookup-client,lookup,2.059292000012647
lookup-client,lookup,1.6965410000011616
lookup-client,lookup,1.2243329999819252
lookup-client,lookup,1.597959000037008
lookup-client,lookup,1.2222080000015012
lookup-client,lookup,1.1503750000088075
lookup-client,lookup,0.767790999987028
lookup-client,lookup,0.9531249999668034
lookup-client,lookup,1.111041000001478
lookup-client,lookup,1.1259999999992942
lookup-client,lookup,1.5229169999884107
lookup-client,lookup,0.9660000000053515
lookup-client,lookup,1.3204999999629763
lookup-client,lookup,0.9259170000177619
lookup-client,lookup,1.0878749999960746
lookup-client,lookup,1.373542000010275
lookup-client,lookup,1.0140830000295864
lookup-client,lookup,1.2368750000177897
lookup-client,lookup,2.51104099999111
lookup-client,lookup,1.5610000000378932
lookup-client,lookup,0.9205000000065411
lookup-client,lookup,0.9024999999951433
lookup-client,lookup,1.3261670000019876
lookup-client,lookup,2.5553749999858155
lookup-client,lookup,0.9321659999841359
lookup-client,lookup,1.6657500000292202
lookup-client,lookup,0.9454999999434222
lookup-client,lookup,0.7125829999949929
lookup-client,lookup,1.0194170000090708
lookup-client,lookup,1.16716700000552
lookup-client,lookup,0.9971669999799815
lookup-client,lookup,0.9435000000053151
lookup-client,lookup,0.7622080000260212
lookup-client,lookup,1.4507500000036089
lookup-client,lookup,1.0383750000073633
lookup-client,lookup,1.004207999983464
lookup-client,lookup,1.446624999971391
lookup-client,lookup,1.0525000000143336
lookup-client,lookup,0.8741659999600415
lookup-client,lookup,0.8292910000022857
lookup-client,lookup,1.120499999956337
lookup-client,lookup,1.0023749999845677
lookup-client,lookup,0.6515420000141603
lookup-client,lookup,0.7917500000189648
lookup-client,lookup,0.7960840000009739
lookup-client,lookup,0.5272079999940615
lookup-client,lookup,1.3859580000143978
lookup-client,lookup,0.7453750000081527
lookup-client,lookup,0.5763749999800893
lookup-client,lookup,1.0155830000257993
lookup-client,lookup,0.6177920000141057
lookup-client,lookup,0.6470839999792588
lookup-client,lookup,1.4071669999680125
lookup-client,lookup,1.46229099999573
lookup-client,lookup,1.1827079999875423
lookup-client,lookup,0.8223749999842767
lookup-client,lookup,0.73020800004997
lookup-client,lookup,0.7297500000049695
lookup-client,lookup,1.4959579999640482
lookup-client,lookup,1.5189169999985097
lookup-client,lookup,0.6698340000070857
lookup-client,lookup,1.2719999999717402
lookup-client,lookup,1.1241660000109732
lookup-client,lookup,0.5654579999827547
lookup-client,lookup,1.4294580000182577
lookup-client,lookup,0.7457080000108363
lookup-client,lookup,1.8660410000279626
lookup-client,lookup,1.5317919999802143
lookup-client,lookup,1.0473339999634845
lookup-client,lookup,0.8208329999774833
lookup-client,lookup,1.3635409999892545
lookup-client,lookup,0.7014999999910287
lookup-client,lookup,1.3364170000045306
lookup-client,lookup,0.8989579999933994
lookup-client,lookup,1.3839160000088668
lookup-client,lookup,0.8463329999699454
lookup-client,lookup,0.9702499999661995
lookup-client,lookup,1.2409999999931642
lookup-client,lookup,0.6857079999917914
lookup-client,lookup,1.1604169999941405
lookup-client,lookup,1.271374999987529
lookup-client,lookup,0.9827499999914835
lookup-client,lookup,0.7250840000097014
lookup-client,lookup,0.7114580000120441
lookup-client,lookup,1.5338329999963207
lookup-client,lookup,1.2437500000146429
lookup-client,lookup,0.7553329999723246
lookup-client,lookup,0.9113749999869469
lookup-client,lookup,0.6684589999963464
lookup-client,lookup,1.5377909999756412
lookup-client,lookup,0.6680829999936577
lookup-client,lookup,1.1368329999754678
lookup-client,lookup,0.8419580000236238
lookup-client,lookup,0.681541999995261
lookup-client,lookup,0.6566249999764295
lookup-client,lookup,1.22354100000166
lookup-client,lookup,0.8872079999946436
lookup-client,lookup,1.3377500000046894
lookup-client,lookup,0.8946670000113954
lookup-client,lookup,0.830666000013025
lookup-client,lookup,1.3792080000030182
lookup-client,lookup,1.5716249999968568
lookup-client,lookup,0.8411250000222026
lookup-client,lookup,1.192415999980767
lookup-client,lookup,1.173415999971894
lookup-client,lookup,1.3629580000156238
lookup-client,lookup,1.1729589999731616
lookup-client,lookup,1.460250000036467
lookup-client,lookup,0.8075420000182021
lookup-client,lookup,2.510458000017479
lookup-client,lookup,1.3022499999806314
lookup-client,lookup,0.9539999999788051
lookup-client,lookup,1.557999999988624
lookup-client,lookup,0.7465000000479449
lookup-client,lookup,0.7029579999766611
lookup-client,lookup,0.7910420000030172
lookup-client,lookup,0.8554169999683836
lookup-client,lookup,0.7741250000208311
lookup-client,lookup,0.5951670000285958
lookup-client,lookup,0.9493329999941125
lookup-client,lookup,0.8667500000001382
lookup-client,lookup,0.9944169999585029
lookup-client,lookup,1.171583000029841
lookup-client,lookup,0.731624999957603
lookup-client,lookup,1.0399999999890497
lookup-client,lookup,0.7705419999979313
lookup-client,lookup,1.403250000009848
lookup-client,lookup,0.8614170000100785
lookup-client,lookup,0.8711670000138838
lookup-client,lookup,0.8307500000341861
lookup-client,lookup,0.6985420000091835
lookup-client,lookup,1.6031249999741704
lookup-client,lookup,1.1147090000349635
lookup-client,lookup,0.9367499999939355
lookup-client,lookup,0.5529590000037388
lookup-client,lookup,0.9124590000055832
lookup-client,lookup,1.0443749999922147
lookup-client,lookup,0.9063330000458336
lookup-client,lookup,1.2091250000025866
lookup-client,lookup,1.183875000037915
lookup-client,lookup,1.2825840000232347
lookup-client,lookup,1.998958000001494
lookup-client,lookup,0.8697090000282515
lookup-client,lookup,0.9503750000021682
lookup-client,lookup,1.1544160000198644
lookup-client,lookup,1.1903330000109236
lookup-client,lookup,1.1674579999976231
lookup-client,lookup,1.2496249999571774
lookup-client,lookup,1.4078750000408036
lookup-client,lookup,1.42995900000642
lookup-client,lookup,0.9719999999902029
lookup-client,lookup,0.7035840000071403
lookup-client,lookup,0.8295000000089203
lookup-client,lookup,0.9494580000364294
lookup-client,lookup,1.269250000007105
lookup-client,lookup,0.9162919999994301
lookup-client,lookup,1.141791000009107
lookup-client,lookup,0.8979170000316117
lookup-client,lookup,1.0939999999663996
lookup-client,lookup,1.0385420000034173
lookup-client,lookup,1.338833000033901
lookup-client,lookup,1.1289160000274023
lookup-client,lookup,0.7668330000001333
lookup-client,lookup,0.7439579999868329
lookup-client,lookup,0.9942500000192922
lookup-client,lookup,1.266708999992261
lookup-client,lookup,0.6450419999737278
lookup-client,lookup,1.140082999995684
lookup-client,lookup,0.8889169999974911
lookup-client,lookup,1.1863330000210226
lookup-client,lookup,0.9782909999671574
lookup-client,lookup,0.9079170000063641
lookup-client,lookup,0.6773329999987254
lookup-client,lookup,0.8528750000209584
lookup-client,lookup,0.7535409999945841
lookup-client,lookup,0.9186670000076447
lookup-client,lookup,1.1414580000064234
lookup-client,lookup,0.9899170000267077
lookup-client,lookup,1.0429589999603195
lookup-client,lookup,1.1287080000101923
lookup-client,lookup,0.9122499999989486
lookup-client,lookup,1.1752089999959026
lookup-client,lookup,1.288625000029242
lookup-client,lookup,1.127499999995507
lookup-client,lookup,0.8705000000190921
lookup-client,lookup,0.9361670000203048
lookup-client,lookup,2.6034580000100505
lookup-client,lookup,0.9465420000083213
lookup-client,lookup,1.0561249999909705
lookup-client,lookup,0.8706250000045657
lookup-client,lookup,0.9796250000135842
lookup-client,lookup,1.0347909999950389
lookup-client,lookup,0.9318749999920328
lookup-client,lookup,0.7617499999810207
lookup-client,lookup,0.9379589999980453
lookup-client,lookup,1.340292000008958
lookup-client,lookup,0.93058300001303
lookup-client,lookup,1.2929170000006707
lookup-client,lookup,0.9450420000121085
lookup-client,lookup,0.7568340000148055
lookup-client,lookup,1.6865000000052532
lookup-client,lookup,1.1658330000159367
lookup-client,lookup,0.8780830000318929
lookup-client,lookup,0.8993749999604006
lookup-client,lookup,0.6824579999715752
lookup-client,lookup,2.7184169999827645
lookup-client,lookup,2.1668750000003456
lookup-client,lookup,2.1045839999942473
lookup-client,lookup,1.764624999964326
lookup-client,lookup,1.857125000015003
lookup-client,lookup,1.2712080000483184
lookup-client,lookup,1.7699170000469167
lookup-client,lookup,1.2363340000547396
lookup-client,lookup,1.202292000016314
lookup-client,lookup,2.1176660000037373
lookup-client,lookup,1.379833999976654
lookup-client,lookup,1.622375000010834
lookup-client,lookup,1.7140830000244023
lookup-client,lookup,1.6868339999973614
lookup-client,lookup,1.3246660000163502
lookup-client,lookup,0.7960419999903934
lookup-client,lookup,1.0342080000214082
lookup-client,lookup,1.662250000038057
lookup-client,lookup,2.624625000009928
lookup-client,lookup,2.1423750000053587
lookup-client,lookup,1.614458000005925
lookup-client,lookup,1.6914999999926295
lookup-client,lookup,0.8540000000039072
lookup-client,lookup,1.7837499999586726
lookup-client,lookup,2.549125000030017
lookup-client,lookup,1.8137920000071972
lookup-client,lookup,1.3952919999837832
lookup-client,lookup,1.8645000000105938
lookup-client,lookup,2.4706250000008367
lookup-client,lookup,1.6201250000449363
lookup-client,lookup,4.053583999962029
lookup-client,lookup,2.71591700004592
lookup-client,lookup,3.06166600000779
lookup-client,lookup,3.8674580000019887
lookup-client,lookup,1.1946249999823522
lookup-client,lookup,2.1443329999897287
lookup-client,lookup,0.9004170000252998
lookup-client,lookup,1.5889999999672
lookup-client,lookup,1.1012500000333603
lookup-client,lookup,2.122375000055854
lookup-client,lookup,1.7114999999989777
lookup-client,lookup,1.1989589999643613
lookup-client,lookup,0.7790409999870462
lookup-client,lookup,1.0437910000291595
lookup-client,lookup,0.9445409999671028
lookup-client,lookup,0.8347080000135065
lookup-client,lookup,1.1864170000421836
lookup-client,lookup,1.689417000022786
lookup-client,lookup,0.8955829999877096
lookup-client,lookup,0.9279999999876054
lookup-client,lookup,1.2574999999515057
lookup-client,lookup,1.0050829999954658
lookup-client,lookup,1.2575829999832422
lookup-client,lookup,0.734082999997554
lookup-client,lookup,0.7737910000287229
lookup-client,lookup,1.1769580000304813
lookup-client,lookup,1.1401670000168451
lookup-client,lookup,0.9561250000160726
lookup-client,lookup,0.892624999949021
lookup-client,lookup,1.1557500000094478
lookup-client,lookup,0.5579170000373779
lookup-client,lookup,1.3238329999580856
lookup-client,lookup,0.991416000033496
lookup-client,lookup,1.48079199999529
lookup-client,lookup,1.4839580000511887
lookup-client,lookup,1.4620420000142076
lookup-client,lookup,1.6180420000182494
lookup-client,lookup,1.5758750000145483
lookup-client,lookup,1.156624999964606
lookup-client,lookup,1.5965829999800007
lookup-client,lookup,1.1381670000218946
lookup-client,lookup,1.794165999967845
lookup-client,lookup,0.7646250000448163
lookup-client,lookup,1.2166669999942314
lookup-client,lookup,1.0422919999655278
lookup-client,lookup,1.0749580000037895
lookup-client,lookup,1.7649590000132775
lookup-client,lookup,1.2521250000077089
lookup-client,lookup,0.9394580000048336
lookup-client,lookup,0.49587500001280205
lookup-client,lookup,5.517999999995027
lookup-client,lookup,2.179291999993893
lookup-client,lookup,1.1092920000237427
lookup-client,lookup,1.7231659999765725
lookup-client,lookup,0.7801250000056825
lookup-client,lookup,1.0428749999960019
lookup-client,lookup,1.2308340000117823
lookup-client,lookup,1.6442089999486598
lookup-client,lookup,1.846333000003142
lookup-client,lookup,1.7245409999873118
lookup-client,lookup,0.7413330000076712
lookup-client,lookup,0.8902910000188058
lookup-client,lookup,2.543500000001586
lookup-client,lookup,1.062415999967925
lookup-client,lookup,1.348749999976917
lookup-client,lookup,1.3751660000025367
lookup-client,lookup,0.9815409999873737
lookup-client,lookup,0.6102920000330414
lookup-client,lookup,4.89595799996323
lookup-client,lookup,1.5333750000081636
lookup-client,lookup,0.7032919999687692
lookup-client,lookup,1.1369580000177848
lookup-client,lookup,0.8337079999591879
lookup-client,lookup,0.8280000000127075
lookup-client,lookup,0.9878750000211767
lookup-client,lookup,0.6440839999868331
lookup-client,lookup,0.7785829999988891
lookup-client,lookup,1.233916999979101
lookup-client,lookup,1.7427919999590813
lookup-client,lookup,0.7786250000094697
lookup-client,lookup,1.1764170000105878
lookup-client,lookup,0.8960420000221347
lookup-client,lookup,1.647417000015139
lookup-client,lookup,1.1744579999799498
lookup-client,lookup,1.0838329999955931
lookup-client,lookup,2.2875000000226464
lookup-client,lookup,1.0625000000459295
lookup-client,lookup,2.403542000024572
lookup-client,lookup,0.8496669999544793
lookup-client,lookup,0.8077499999785687
lookup-client,lookup,0.9029999999938809
lookup-client,lookup,0.8832080000047426
lookup-client,lookup,0.9785000000306354
lookup-client,lookup,1.0807080000176938
lookup-client,lookup,0.6637920000116537
lookup-client,lookup,0.7782919999499427
lookup-client,lookup,0.6984590000342905
lookup-client,lookup,1.2287910000168267
lookup-client,lookup,1.5692080000349051
lookup-client,lookup,1.018457999975908
lookup-client,lookup,1.0999170000332015
lookup-client,lookup,0.6926249999992251
lookup-client,lookup,0.8205419999853802
lookup-client,lookup,1.1924169999701917
lookup-client,lookup,0.9314579999681882
lookup-client,lookup,0.6872079999880043
lookup-client,lookup,1.413582999987284
lookup-client,lookup,0.8725829999889356
lookup-client,lookup,1.0132499999713218
lookup-client,lookup,0.7387089999610907
lookup-client,lookup,1.0183329999904345
lookup-client,lookup,1.8078750000540822
lookup-client,lookup,1.0983330000158276
lookup-client,lookup,0.8763749999616266
lookup-client,lookup,0.9189589999891723
lookup-client,lookup,0.9570000000280743
lookup-client,lookup,1.1198330000183887
lookup-client,lookup,1.2657089999947857
lookup-client,lookup,0.9687920000374106
lookup-client,lookup,2.8052500000512737
lookup-client,lookup,1.118749999989177
lookup-client,lookup,1.0067080000339956
lookup-client,lookup,0.773875000049884
lookup-client,lookup,0.8396670000365702
lookup-client,lookup,1.2827920000404447
lookup-client,lookup,1.5013750000321124
lookup-client,lookup,1.051833000019542
lookup-client,lookup,1.5365410000072188
lookup-client,lookup,0.9885420000159684
lookup-client,lookup,0.8394999999836728
lookup-client,lookup,0.9274159999677067
lookup-client,lookup,0.7446669999922051
lookup-client,lookup,1.292167000030986
lookup-client,lookup,1.9060420000300837
lookup-client,lookup,0.7622499999797583
lookup-client,lookup,0.8120840000174212
lookup-client,lookup,0.9077919999640471
lookup-client,lookup,0.7424170000263075
lookup-client,lookup,0.7281670000338636
lookup-client,lookup,1.4250420000507802
lookup-client,lookup,1.969959000007293
lookup-client,lookup,0.9162499999888496
lookup-client,lookup,1.002165999977933
lookup-client,lookup,1.0785000000055334
lookup-client,lookup,1.7891670000267368
lookup-client,lookup,0.8484999999609499
lookup-client,lookup,2.2498750000181644
lookup-client,lookup,0.6442499999934626
lookup-client,lookup,0.8626670000353442
lookup-client,lookup,0.6632500000023356
lookup-client,lookup,0.9784579999632115
lookup-client,lookup,0.6220840000423777
lookup-client,lookup,0.8459169999923688
lookup-client,lookup,2.1136249999926804
lookup-client,lookup,2.2668330000215065
lookup-client,lookup,0.6983750000131295
lookup-client,lookup,0.926375000005919
lookup-client,lookup,0.5807919999938349
lookup-client,lookup,0.8691660000295087
lookup-client,lookup,1.7228339999633135
lookup-client,lookup,1.1600830000020323
lookup-client,lookup,1.0108339999987948
lookup-client,lookup,0.6772910000449883
lookup-client,lookup,1.5609999999810498
lookup-client,lookup,0.6593339999767522
lookup-client,lookup,0.9016669999937221
lookup-client,lookup,1.1295410000116135
lookup-client,lookup,1.0268749999795546
lookup-client,lookup,0.8635000000367654
lookup-client,lookup,0.9215420000145969
lookup-client,lookup,1.396917000022313
lookup-client,lookup,1.631500000030428
lookup-client,lookup,1.3763750000066466
lookup-client,lookup,1.1112500000081127
lookup-client,lookup,1.2584579999952439
lookup-client,lookup,2.4860409999973854
lookup-client,lookup,1.2710419999848455
lookup-client,lookup,2.704499999993004
lookup-client,lookup,2.8602920000366794
lookup-client,lookup,2.289749999988544
lookup-client,lookup,0.9335830000054557
lookup-client,lookup,1.3244170000348277
lookup-client,lookup,1.1557500000094478
lookup-client,lookup,0.7684589999712443
lookup-client,lookup,1.5644160000078955
lookup-client,lookup,1.437166000016532
lookup-client,lookup,0.9237500000267573
lookup-client,lookup,0.9225829999763846
lookup-client,lookup,0.5820830000402566
lookup-client,lookup,0.7492080000019996
lookup-client,lookup,1.7925839999861637
lookup-client,lookup,1.2087499999893225
lookup-client,lookup,0.7399589999863565
lookup-client,lookup,1.3857499999971878
lookup-client,lookup,2.195499999970707
lookup-client,lookup,0.9373330000244096
lookup-client,lookup,0.7185409999692638
lookup-client,lookup,0.685834000023533
lookup-client,lookup,0.602500000013606
lookup-client,lookup,1.2383749999571592
lookup-client,lookup,1.0717079999835732
lookup-client,lookup,1.1927079999622947
lookup-client,lookup,0.6099999999946704
lookup-client,lookup,2.5848330000144415
lookup-client,lookup,1.0901659999831281
lookup-client,lookup,1.6567499999950996
lookup-client,lookup,0.8252920000018094
lookup-client,lookup,0.7869999999456923
lookup-client,lookup,1.421666999988247
lookup-client,lookup,1.0951670000167724
lookup-client,lookup,1.6073340000275493
lookup-client,lookup,1.28533399998787
lookup-client,lookup,1.176666999981535
lookup-client,lookup,0.867792000008194
lookup-client,lookup,1.4578750000282525
lookup-client,lookup,1.5809160000230804
lookup-client,lookup,0.6302499999719657
lookup-client,lookup,0.8832080000047426
lookup-client,lookup,1.0066670000128397
lookup-client,lookup,1.225209000040195
lookup-client,lookup,1.8644169999788573
lookup-client,lookup,1.6802920000031918
lookup-client,lookup,1.8741250000289256
lookup-client,lookup,0.9840829999916423
lookup-client,lookup,0.7060840000008284
lookup-client,lookup,1.0401250000313667
lookup-client,lookup,0.779709000028106
lookup-client,lookup,0.892749999991338
lookup-client,lookup,1.0744580000050519
lookup-client,lookup,0.7246669999858568
lookup-client,lookup,1.0878749999960746
lookup-client,lookup,1.7320000000040636
lookup-client,lookup,1.1079999999878964
lookup-client,lookup,1.060208000012608
lookup-client,lookup,1.2827919999836013
lookup-client,lookup,1.121291000004021
lookup-client,lookup,1.0151669999913793
lookup-client,lookup,1.114082999947641
lookup-client,lookup,1.1322089999907803
lookup-client,lookup,0.7011249999777647
lookup-client,lookup,1.0495839999862255
lookup-client,lookup,0.9996249999630891
lookup-client,lookup,1.2995000000159962
lookup-client,lookup,0.6979590000355529
lookup-client,lookup,0.830457999995815
lookup-client,lookup,0.9331250000172986
lookup-client,lookup,1.1359590000097342
lookup-client,lookup,1.1284999999929823
lookup-client,lookup,0.8791669999936857
lookup-client,lookup,0.5790829999909874
lookup-client,lookup,1.706000000012864
lookup-client,lookup,1.5491660000179763
lookup-client,lookup,0.5996670000172344
lookup-client,lookup,1.5026659999648473
lookup-client,lookup,1.3235829999871385
lookup-client,lookup,1.2068330000261085
lookup-client,lookup,1.6987500000027467
lookup-client,lookup,0.8570420000069134
lookup-client,lookup,1.0330839999710406
lookup-client,lookup,1.357332999987193
lookup-client,lookup,1.062792000027457
lookup-client,lookup,1.4342919999990045
lookup-client,lookup,1.1492500000258588
lookup-client,lookup,1.2619999999969878
lookup-client,lookup,1.0676669999725164
lookup-client,lookup,1.5022090000229582
lookup-client,lookup,0.8392500000127256
lookup-client,lookup,1.139583999986371
lookup-client,lookup,0.8627079999996567
lookup-client,lookup,0.8738749999679385
lookup-client,lookup,1.3669580000055248
lookup-client,lookup,1.4796670000123413
lookup-client,lookup,0.8930839999834461
lookup-client,lookup,0.9061250000286236
lookup-client,lookup,1.1200409999787553
lookup-client,lookup,1.6809579999517155
lookup-client,lookup,1.2222919999658188
lookup-client,lookup,1.3763750000066466
lookup-client,lookup,0.7040419999952974
lookup-client,lookup,0.882334000039009
lookup-client,lookup,1.2339589999896816
lookup-client,lookup,0.804832999961036
lookup-client,lookup,1.5205409999907715
lookup-client,lookup,1.0758750000263717
lookup-client,lookup,1.1189579999495436
lookup-client,lookup,0.9355000000255131
lookup-client,lookup,1.01574999996501
lookup-client,lookup,1.5170000000352957
lookup-client,lookup,0.6760830000303031
lookup-client,lookup,0.6124580000346214
lookup-client,lookup,1.8832499999916763
lookup-client,lookup,0.6992080000145506
lookup-client,lookup,0.8177919999639016
lookup-client,lookup,1.807208000002447
lookup-client,lookup,0.8952499999850261
lookup-client,lookup,1.041583000016999
lookup-client,lookup,1.3082079999549023
lookup-client,lookup,1.9434170000067752
lookup-client,lookup,0.9232499999711763
lookup-client,lookup,2.842541000006804
lookup-client,lookup,1.3961250000420478
lookup-client,lookup,0.9281250000299224
lookup-client,lookup,2.1110829999884118
lookup-client,lookup,1.2470420000454396
lookup-client,lookup,0.6932910000045922
lookup-client,lookup,1.465709000001425
lookup-client,lookup,0.6137909999779367
lookup-client,lookup,2.0928339999954915
lookup-client,lookup,1.43233300002521
lookup-client,lookup,1.710707999961869
lookup-client,lookup,3.8426250000043183
lookup-client,lookup,1.842083999974875
lookup-client,lookup,4.196417000002839
lookup-client,lookup,3.2663339999885466
lookup-client,lookup,1.5277499999797328
lookup-client,lookup,0.8630830000129208
lookup-client,lookup,2.0697080000218193
lookup-client,lookup,1.0744580000050519
lookup-client,lookup,1.1695420000137347
lookup-client,lookup,1.8582079999873713
lookup-client,lookup,0.8450410000477859
lookup-client,lookup,1.2508340000181306
lookup-client,lookup,1.4165000000048167
lookup-client,lookup,1.079000000004271
lookup-client,lookup,1.0827500000232249
lookup-client,lookup,2.666083000008257
lookup-client,lookup,1.729167000007692
lookup-client,lookup,0.9741250000274704
lookup-client,lookup,2.1712910000246666
lookup-client,lookup,0.7950410000034935
lookup-client,lookup,1.582749999954558
lookup-client,lookup,1.1796250000202235
lookup-client,lookup,1.904416999991554
lookup-client,lookup,2.1761250000054133
lookup-client,lookup,1.7915420000349513
lookup-client,lookup,3.640834000009363
lookup-client,lookup,1.3732909999930598
lookup-client,lookup,1.3222919999975602
lookup-client,lookup,1.2346249999950487
lookup-client,lookup,1.185499999962758
lookup-client,lookup,0.999958000022616
lookup-client,lookup,3.11512500002209
lookup-client,lookup,2.018333000023631
lookup-client,lookup,1.5290840000261596
lookup-client,lookup,0.9868330000131209
lookup-client,lookup,1.2608330000034584
lookup-client,lookup,1.1050840000166318
lookup-client,lookup,2.5058329999865236
lookup-client,lookup,1.8178749999719912
lookup-client,lookup,0.46791699998038894
lookup-client,lookup,2.3166249999917454
lookup-client,lookup,2.46383300003572
lookup-client,lookup,5.330458000003091
lookup-client,lookup,3.181374999996933
lookup-client,lookup,1.4608749999638349
lookup-client,lookup,1.091290999966077
lookup-client,lookup,1.4186249999852407
lookup-client,lookup,0.9718750000047294
lookup-client,lookup,1.3662910000107331
lookup-client,lookup,1.3837500000022374
lookup-client,lookup,0.8143339999833188
lookup-client,lookup,1.3625830000023598
lookup-client,lookup,1.1116659999856893
lookup-client,lookup,0.8883750000450163
lookup-client,lookup,1.2466669999753321
lookup-client,lookup,2.4057919999904698
lookup-client,lookup,0.9485829999675843
lookup-client,lookup,1.2025420000441045
lookup-client,lookup,0.7891249999829597
lookup-client,lookup,1.3398749999851134
lookup-client,lookup,0.8853749999957472
lookup-client,lookup,1.3505000000009204
lookup-client,lookup,0.784457999998267
lookup-client,lookup,0.7823750000284235
lookup-client,lookup,1.2186659999997573
lookup-client,lookup,1.1075830000208953
lookup-client,lookup,1.0962499999891406
lookup-client,lookup,0.8665409999935036
lookup-client,lookup,0.7441670000503109
lookup-client,lookup,3.719667000041227
lookup-client,lookup,1.1100830000145834
lookup-client,lookup,0.9881670000027043
lookup-client,lookup,2.3542499999962274
lookup-client,lookup,1.5215829999988273
lookup-client,lookup,1.4517079999905036
lookup-client,lookup,1.503375000027063
lookup-client,lookup,0.8631670000340819
lookup-client,lookup,1.1136250000163272
lookup-client,lookup,0.7118340000147327
lookup-client,lookup,1.974458000006507
lookup-client,lookup,0.8250829999951748
lookup-client,lookup,0.7842079999704765
lookup-client,lookup,0.717708000024686
lookup-client,lookup,1.0376249999808351
lookup-client,lookup,0.7520419999877959
lookup-client,lookup,1.4441249999777028
lookup-client,lookup,1.1380000000258406
lookup-client,lookup,0.8486670000138474
lookup-client,lookup,2.4257499999862375
lookup-client,lookup,1.9811660000073061
lookup-client,lookup,1.532458999975006
lookup-client,lookup,3.2024170000113372
lookup-client,lookup,1.4351250000004256
lookup-client,lookup,2.6409579999722155
lookup-client,lookup,2.633082999977887
lookup-client,lookup,0.9840420000273298
lookup-client,lookup,1.0062499999889951
lookup-client,lookup,1.143707999972321
lookup-client,lookup,1.6447919999791338
lookup-client,lookup,1.5097500000251785
lookup-client,lookup,1.3257919999887235
lookup-client,lookup,0.8737079999718844
lookup-client,lookup,0.765457999989394
lookup-client,lookup,1.209208000034323
lookup-client,lookup,2.638875000002372
lookup-client,lookup,1.0736670000142112
lookup-client,lookup,0.8512089999612726
lookup-client,lookup,1.756624999984524
lookup-client,lookup,1.0764169999788464
lookup-client,lookup,2.907250000021122
lookup-client,lookup,1.3603750000470427
lookup-client,lookup,1.9383750000088185
lookup-client,lookup,0.9502080000061142
lookup-client,lookup,0.9866670000064914
lookup-client,lookup,1.2188329999958114
lookup-client,lookup,1.7201250000198343
lookup-client,lookup,2.095749999966756
lookup-client,lookup,1.0804590000361713
lookup-client,lookup,1.5389590000154385
lookup-client,lookup,1.6857079999681446
lookup-client,lookup,0.8194580000235874
lookup-client,lookup,1.600416000030691
lookup-client,lookup,0.995500000044558
lookup-client,lookup,1.8585000000257423
lookup-client,lookup,2.65208299998676
lookup-client,lookup,1.9749579999484013
lookup-client,lookup,1.1553329999856032
lookup-client,lookup,1.4309169999933147
lookup-client,lookup,0.7682920000320337
lookup-client,lookup,0.9994170000027225
lookup-client,lookup,1.2263329999768757
lookup-client,lookup,2.0689169999741353
lookup-client,lookup,1.319332999969447
lookup-client,lookup,2.457457999980761
lookup-client,lookup,1.8062089999943964
lookup-client,lookup,1.1882079999736561
lookup-client,lookup,0.7882080000172209
lookup-client,lookup,1.358917000004567
lookup-client,lookup,1.1195419999694423
lookup-client,lookup,0.9697909999886178
lookup-client,lookup,1.0540839999748641
lookup-client,lookup,1.156750000006923
lookup-client,lookup,3.4217080000189526
lookup-client,lookup,0.8348329999989801
lookup-client,lookup,1.0509169999863843
lookup-client,lookup,1.2430000000449581
lookup-client,lookup,1.1897499999804495
lookup-client,lookup,0.8156250000297405
lookup-client,lookup,2.5048329999890484
lookup-client,lookup,2.8195830000186106
lookup-client,lookup,1.6779169999949772
lookup-client,lookup,1.3514999999983957
lookup-client,lookup,1.7363339999860727
lookup-client,lookup,2.638708000006318
lookup-client,lookup,1.185792000001129
lookup-client,lookup,2.284541999983958
lookup-client,lookup,4.592958999978691
lookup-client,lookup,1.9983750000278633
lookup-client,lookup,2.4693750000324144
lookup-client,lookup,3.2872500000280525
lookup-client,lookup,2.2574170000098093
lookup-client,lookup,1.1174580000101741
lookup-client,lookup,1.089250000006814
lookup-client,lookup,1.424084000007042
lookup-client,lookup,1.0300419999680344
lookup-client,lookup,1.2539580000066053
lookup-client,lookup,1.453249999997297
lookup-client,lookup,1.2698749999913161
lookup-client,lookup,1.508082999976068
lookup-client,lookup,1.4634159999786789
lookup-client,lookup,1.5322909999895273
lookup-client,lookup,1.5902499999924657
lookup-client,lookup,0.9677079999619309
lookup-client,lookup,0.853167000002486
lookup-client,lookup,1.1487500000271211
lookup-client,lookup,2.185750000023745
lookup-client,lookup,1.9877920000226368
lookup-client,lookup,1.844457999993665
lookup-client,lookup,1.5581669999846781
lookup-client,lookup,0.8732919999943078
lookup-client,lookup,0.8312090000117678
lookup-client,lookup,0.6138749999990978
lookup-client,lookup,1.6845000000103028
lookup-client,lookup,2.5453330000004826
lookup-client,lookup,1.121375000025182
lookup-client,lookup,0.7835000000113723
lookup-client,lookup,0.6683330000214482
lookup-client,lookup,0.8173330000431633
lookup-client,lookup,2.1978749999789216
lookup-client,lookup,1.1857080000368114
lookup-client,lookup,0.7730000000378823
lookup-client,lookup,1.767291000021487
lookup-client,lookup,2.805624999950851
lookup-client,lookup,4.516375000036987
lookup-client,lookup,2.21100000004526
lookup-client,lookup,1.0663749999935135
lookup-client,lookup,0.6873329999734779
lookup-client,lookup,0.901209000005565
lookup-client,lookup,2.6255000000219297
lookup-client,lookup,0.8482909999543153
lookup-client,lookup,1.2500000000272848
lookup-client,lookup,1.1196670000117592
lookup-client,lookup,1.9959579999522248
lookup-client,lookup,1.844375000018772
lookup-client,lookup,0.9493339999835371
lookup-client,lookup,0.8255419999727565
lookup-client,lookup,1.363374999982625
lookup-client,lookup,0.7634160000407064
lookup-client,lookup,1.0310829999866655
lookup-client,lookup,0.9646670000051927
lookup-client,lookup,0.9960830000181886
lookup-client,lookup,0.7014580000372916
lookup-client,lookup,1.8529579999722046
lookup-client,lookup,0.7343330000253445
lookup-client,lookup,1.030667000009089
lookup-client,lookup,0.8838749999995343
lookup-client,lookup,1.9324170000345475
lookup-client,lookup,2.515500000015436
lookup-client,lookup,1.4298330000315218
lookup-client,lookup,1.608207999993283
lookup-client,lookup,2.5502920000235463
lookup-client,lookup,0.6290000000035434
lookup-client,lookup,1.3315000000488908
lookup-client,lookup,0.6253749999700631
lookup-client,lookup,1.373999999998432
lookup-client,lookup,1.3110829999618545
lookup-client,lookup,0.9262910000416014
lookup-client,lookup,1.1089999999853717
lookup-client,lookup,2.2835000000327454
lookup-client,lookup,1.4078339999628042
lookup-client,lookup,0.6948749999651227
lookup-client,lookup,1.2840829999731795
lookup-client,lookup,1.6265830000179449
lookup-client,lookup,0.9559579999631751
lookup-client,lookup,1.313166999977966
lookup-client,lookup,1.6642090000118515
lookup-client,lookup,3.615874999979951
lookup-client,lookup,0.917874999970536
lookup-client,lookup,0.5487500000072032
lookup-client,lookup,1.1718750000113687
lookup-client,lookup,1.415457999996761
lookup-client,lookup,1.179750000005697
lookup-client,lookup,0.9314999999787688
lookup-client,lookup,0.9146670000177437
lookup-client,lookup,2.9370829999493253
lookup-client,lookup,1.5379999999822758
lookup-client,lookup,1.4310000000250511
lookup-client,lookup,1.1117079999962698
lookup-client,lookup,1.1364160000084667
lookup-client,lookup,0.9877919999894402
lookup-client,lookup,1.3329589999671043
lookup-client,lookup,1.0114169999724254
lookup-client,lookup,0.8326660000079755
lookup-client,lookup,0.8767500000317341
lookup-client,lookup,1.0500410000418015
lookup-client,lookup,1.2652909999815165
lookup-client,lookup,1.043334000030427
lookup-client,lookup,1.503375000027063
lookup-client,lookup,2.083874999982527
lookup-client,lookup,0.8279160000483898
lookup-client,lookup,0.9794590000069547
lookup-client,lookup,0.9901249999870743
lookup-client,lookup,0.7011250000346081
lookup-client,lookup,0.9599580000099195
lookup-client,lookup,1.9406669999852966
lookup-client,lookup,1.570291999996698
lookup-client,lookup,0.999667000030513
lookup-client,lookup,2.6307079999696725
lookup-client,lookup,1.2863340000421886
lookup-client,lookup,1.3122089999910713
lookup-client,lookup,0.824042000033387
lookup-client,lookup,1.1215000000106556
lookup-client,lookup,0.9252080000123897
lookup-client,lookup,5.28458300004786
lookup-client,lookup,2.530333000038354
lookup-client,lookup,1.2474579999661728
lookup-client,lookup,0.6941670000060185
lookup-client,lookup,0.8376669999847763
lookup-client,lookup,1.1362920000124177
lookup-client,lookup,1.415624999992815
lookup-client,lookup,1.1031660000071497
lookup-client,lookup,0.7582500000467007
lookup-client,lookup,0.9458750000135296
lookup-client,lookup,0.7801250000056825
lookup-client,lookup,1.1212499999828651
lookup-client,lookup,0.95958399998608
lookup-client,lookup,0.8134580000387359
lookup-client,lookup,0.702417000013611
lookup-client,lookup,0.7797080000386813
lookup-client,lookup,1.1510830000247552
lookup-client,lookup,1.9530840000356875
lookup-client,lookup,0.8308750000196596
lookup-client,lookup,1.312999999981912
lookup-client,lookup,1.9107920000465128
lookup-client,lookup,2.216416000010213
lookup-client,lookup,1.2409579999825837
lookup-client,lookup,0.7763340000224161
lookup-client,lookup,2.114667000000736
lookup-client,lookup,1.4024999999833199
lookup-client,lookup,1.3389169999982187
lookup-client,lookup,1.4699160000191114
lookup-client,lookup,1.9697500000006585
lookup-client,lookup,3.140250000001288
lookup-client,lookup,0.7348340000135067
lookup-client,lookup,0.7768749999854663
lookup-client,lookup,1.0131669999964288
lookup-client,lookup,1.2170420000074955
lookup-client,lookup,1.0433330000410024
lookup-client,lookup,1.6059580000273854
lookup-client,lookup,2.055041000005531
lookup-client,lookup,1.1638330000209862
lookup-client,lookup,2.923540999972829
lookup-client,lookup,2.5531670000304985
lookup-client,lookup,1.8217080000226815
lookup-client,lookup,1.39912499997763
lookup-client,lookup,0.838750000013988
lookup-client,lookup,4.583209000031729
lookup-client,lookup,1.0790420000148515
lookup-client,lookup,3.490624999983538
lookup-client,lookup,1.1664580000001479
lookup-client,lookup,1.6340000000241162
lookup-client,lookup,0.9149580000098467
lookup-client,lookup,2.2014160000480842
lookup-client,lookup,1.6730419999930746
lookup-client,lookup,3.3730000000105065
lookup-client,lookup,1.4661249999790016
lookup-client,lookup,1.476375000038388
lookup-client,lookup,1.4612079999665184
lookup-client,lookup,2.663750000010623
lookup-client,lookup,1.613792000000558
lookup-client,lookup,1.1046659999465192
lookup-client,lookup,1.5466660000242882
lookup-client,lookup,1.6332909999619005
lookup-client,lookup,1.5934999999558386
lookup-client,lookup,1.2577499999792963
lookup-client,lookup,1.4712089999875388
lookup-client,lookup,1.600125000038588
lookup-client,lookup,1.314874999991389
lookup-client,lookup,0.7302920000142876
lookup-client,lookup,1.6158330000166643
lookup-client,lookup,1.5202080000449314
lookup-client,lookup,1.0320829999841408
lookup-client,lookup,0.8900830000015958
lookup-client,lookup,1.4784590000544995
lookup-client,lookup,2.7026669999941078
lookup-client,lookup,1.7644170000039594
lookup-client,lookup,2.085916999988058
lookup-client,lookup,1.463875000013104
lookup-client,lookup,2.551707999998598
lookup-client,lookup,2.291624999998021
lookup-client,lookup,3.4821669999587357
lookup-client,lookup,2.2107500000174696
lookup-client,lookup,1.2848329999997077
lookup-client,lookup,1.6402500000367581
lookup-client,lookup,4.323624999983622
lookup-client,lookup,2.4993330000029346
lookup-client,lookup,1.2494580000179667
lookup-client,lookup,1.8685830000322312
lookup-client,lookup,1.6888339999923119
lookup-client,lookup,2.196000000026288
lookup-client,lookup,2.6358339999887903
lookup-client,lookup,1.6221249999830434
lookup-client,lookup,1.2901249999686115
lookup-client,lookup,1.5867079999907219
lookup-client,lookup,0.8745420000195736
lookup-client,lookup,0.9360839999885684
lookup-client,lookup,1.0032499999965694
lookup-client,lookup,1.4053750000471155
lookup-client,lookup,1.6079160000117554
lookup-client,lookup,0.8520410000301126
lookup-client,lookup,0.8912919999488622
lookup-client,lookup,0.9455829999751586
lookup-client,lookup,2.286125000011907
lookup-client,lookup,5.394416000001456
lookup-client,lookup,1.6837080000300375
lookup-client,lookup,1.8076670000368722
lookup-client,lookup,1.727333000019371
lookup-client,lookup,1.217375000010179
lookup-client,lookup,0.9615000000167129
lookup-client,lookup,1.4395829999784837
lookup-client,lookup,0.899041999957717
lookup-client,lookup,1.4569169999845144
lookup-client,lookup,1.428416000010202
lookup-client,lookup,2.229291999981342
lookup-client,lookup,0.8615000000418149
lookup-client,lookup,1.530583999965529
lookup-client,lookup,1.008124999998472
lookup-client,lookup,2.6961659999642507
lookup-client,lookup,1.1969590000262542
lookup-client,lookup,1.3189580000130263
lookup-client,lookup,2.002957999991395
lookup-client,lookup,1.6869170000290978
lookup-client,lookup,1.3621670000247832
lookup-client,lookup,0.9809999999674801
lookup-client,lookup,0.9168749999730608
lookup-client,lookup,1.1613340000167227
lookup-client,lookup,3.007625000009284
lookup-client,lookup,1.650292000022091
lookup-client,lookup,0.844666999967103
lookup-client,lookup,0.8742919999917831
lookup-client,lookup,2.053291999970952
lookup-client,lookup,1.6684999999938555
lookup-client,lookup,1.0233329999778107
lookup-client,lookup,1.9879579999724228
lookup-client,lookup,1.2318750000304135
lookup-client,lookup,1.1380419999795777
lookup-client,lookup,0.7452090000015232
lookup-client,lookup,1.0700000000269938
lookup-client,lookup,1.8017079999594898
lookup-client,lookup,1.1450830000399037
lookup-client,lookup,1.2304159999985131
lookup-client,lookup,0.8074159999864605
lookup-client,lookup,0.7962909999719159
lookup-client,lookup,1.0144170000216945
lookup-client,lookup,0.7557079999855887
lookup-client,lookup,0.9073340000327335
lookup-client,lookup,1.158167000028243
lookup-client,lookup,1.2682920000202103
lookup-client,lookup,1.687583000034465
lookup-client,lookup,0.9185410000327465
lookup-client,lookup,1.3653330000238384
lookup-client,lookup,0.9850829999891175
lookup-client,lookup,1.466208000010738
lookup-client,lookup,1.2070829999970556
lookup-client,lookup,1.8493750000061482
lookup-client,lookup,1.3506669999969745
lookup-client,lookup,3.191041999969002
lookup-client,lookup,6.021040999996785
lookup-client,lookup,1.4565419999712503
lookup-client,lookup,1.330040999960147
lookup-client,lookup,2.240125000014359
lookup-client,lookup,1.7012909999607473
lookup-client,lookup,1.6948749999983193
lookup-client,lookup,1.7031250000059117
lookup-client,lookup,1.3386669999704282
lookup-client,lookup,0.8557090000067546
lookup-client,lookup,0.9730419999982587
lookup-client,lookup,0.7142079999766793
lookup-client,lookup,1.5501660000154516
lookup-client,lookup,0.7519580000234782
lookup-client,lookup,1.846541000020352
lookup-client,lookup,2.497291999986828
lookup-client,lookup,0.7092499999998836
lookup-client,lookup,0.9725419999995211
lookup-client,lookup,2.6693749999822103
lookup-client,lookup,1.5061249999916981
lookup-client,lookup,1.5880830000014612
lookup-client,lookup,1.1481249999860665
lookup-client,lookup,4.064916999993784
lookup-client,lookup,4.161124999995991
lookup-client,lookup,0.9167919999981677
lookup-client,lookup,3.0286669999668447
lookup-client,lookup,0.7874159999801122
lookup-client,lookup,1.4010830000188434
lookup-client,lookup,1.0384999999928368
lookup-client,lookup,1.7774579999922935
lookup-client,lookup,1.6494999999849824
lookup-client,lookup,1.957584000024326
lookup-client,lookup,1.2309580000078313
lookup-client,lookup,1.0638329999892449
lookup-client,lookup,0.8236250000095424
lookup-client,lookup,1.3012499999831562
lookup-client,lookup,1.1549590000186072
lookup-client,lookup,0.8494169999835322
lookup-client,lookup,1.0987080000290916
lookup-client,lookup,0.8687910000162447
lookup-client,lookup,1.5522919999853002
lookup-client,lookup,0.884750000011536
lookup-client,lookup,1.158582999948976
lookup-client,lookup,1.2220410000054471
lookup-client,lookup,0.8817499999622669
lookup-client,lookup,0.56233399999428
lookup-client,lookup,1.3431660000264856
lookup-client,lookup,0.9762079999973139
lookup-client,lookup,1.4749169999959122
lookup-client,lookup,0.9620839999797681
lookup-client,lookup,1.1327499999538304
lookup-client,lookup,1.2833330000034948
lookup-client,lookup,2.4670000000242
lookup-client,lookup,0.8614170000100785
lookup-client,lookup,1.0090000000104737
lookup-client,lookup,2.4316249999856154
lookup-client,lookup,1.528374999963944
lookup-client,lookup,0.7872090000091703
lookup-client,lookup,0.901250000026721
lookup-client,lookup,1.8441249999909815
lookup-client,lookup,1.0463749999871652
lookup-client,lookup,0.9102920000145787
lookup-client,lookup,3.642791999993733
lookup-client,lookup,1.2929170000006707
lookup-client,lookup,1.294207999990249
lookup-client,lookup,0.9217909999961194
lookup-client,lookup,0.827916999980971
lookup-client,lookup,0.9162079999782691
lookup-client,lookup,0.6009580000068127
lookup-client,lookup,1.2072920000036902
lookup-client,lookup,1.2846249999824977
lookup-client,lookup,3.6004159999833973
lookup-client,lookup,2.25679099997933
lookup-client,lookup,1.8815829999994094
lookup-client,lookup,0.7067500000061955
lookup-client,lookup,0.6330420000040249
lookup-client,lookup,0.8101669999973637
lookup-client,lookup,1.3094999999907486
lookup-client,lookup,1.2233749999950305
lookup-client,lookup,1.3178340000195021
lookup-client,lookup,1.131499999985408
lookup-client,lookup,0.7837090000180069
lookup-client,lookup,1.9839170000182094
lookup-client,lookup,1.3932090000139397
lookup-client,lookup,1.568334000012328
lookup-client,lookup,1.6561250000108885
lookup-client,lookup,2.0404580000104033
lookup-client,lookup,0.7372499999860338
lookup-client,lookup,0.9918749999542342
lookup-client,lookup,1.6692079999529597
lookup-client,lookup,2.9057080000143287
lookup-client,lookup,1.7535830000383612
lookup-client,lookup,0.9394580000048336
lookup-client,lookup,1.0115409999684744
lookup-client,lookup,1.3984170000185259
lookup-client,lookup,2.543708000018796
lookup-client,lookup,1.3160419999849182
lookup-client,lookup,0.8864579999681155
lookup-client,lookup,1.0479590000045391
lookup-client,lookup,1.2073329999680027
lookup-client,lookup,0.9044169999583573
lookup-client,lookup,1.3831669999717633
lookup-client,lookup,0.7996250000132932
lookup-client,lookup,1.4784169999870755
lookup-client,lookup,1.7315830000370624
lookup-client,lookup,3.7183750000053806
lookup-client,lookup,2.011666999976569
lookup-client,lookup,1.1408750000327927
lookup-client,lookup,2.018541999973422
lookup-client,lookup,3.6912909999955446
lookup-client,lookup,1.4157080000245514
lookup-client,lookup,0.8875419999867518
lookup-client,lookup,1.9608750000088548
lookup-client,lookup,3.452333000041108
lookup-client,lookup,3.481082999996943
lookup-client,lookup,1.8925420000073245
lookup-client,lookup,1.466375000006792
lookup-client,lookup,1.3961669999957849
lookup-client,lookup,0.8482499999900028
lookup-client,lookup,1.518916000009085
lookup-client,lookup,2.3174579999931666
lookup-client,lookup,7.239625000011074
lookup-client,lookup,1.047334000020328
lookup-client,lookup,1.6660000000001673
lookup-client,lookup,2.856667000003199
lookup-client,lookup,19.596166999974685
lookup-client,lookup,3.982124999993175
lookup-client,lookup,1.0429579999708949
lookup-client,lookup,0.949459000025854
lookup-client,lookup,1.948457999958464
lookup-client,lookup,1.1851250000063374
lookup-client,lookup,0.842832999978782
lookup-client,lookup,1.0437500000080036
lookup-client,lookup,1.3432499999908032
lookup-client,lookup,1.1504169999625447
lookup-client,lookup,1.2778340000068056
lookup-client,lookup,1.1281669999902988
lookup-client,lookup,1.6920420000019476
lookup-client,lookup,1.6444160000332886
lookup-client,lookup,1.2815000000045984
lookup-client,lookup,1.5915419999714686
lookup-client,lookup,0.9611660000246047
lookup-client,lookup,3.427415999965433
lookup-client,lookup,1.0496660000285374
lookup-client,lookup,1.070625000011205
lookup-client,lookup,1.6327499999988504
lookup-client,lookup,1.2546670000119775
lookup-client,lookup,0.9303750000526634
lookup-client,lookup,1.1270829999716625
lookup-client,lookup,1.51575000001003
lookup-client,lookup,2.327583000010236
lookup-client,lookup,1.6535830000066198
lookup-client,lookup,1.470208000000639
lookup-client,lookup,1.1051249999809443
lookup-client,lookup,2.126792000012756
lookup-client,lookup,3.402166999990186
lookup-client,lookup,3.399790999992547
lookup-client,lookup,14.024417000030098
lookup-client,lookup,14.417207999997572
lookup-client,lookup,19.59675000000516
lookup-client,lookup,2.7505000000473956
lookup-client,lookup,2.0086659999947187
lookup-client,lookup,3.112375000000611
lookup-client,lookup,1.0801669999978003
lookup-client,lookup,2.0908749999648535
lookup-client,lookup,2.998124999976426
lookup-client,lookup,2.3931249999691317
lookup-client,lookup,3.793958000017028
lookup-client,lookup,1.6321249999577958
lookup-client,lookup,3.6340420000442464
lookup-client,lookup,1.3421250000078544
lookup-client,lookup,0.9378340000125718
lookup-client,lookup,4.178083999988758
lookup-client,lookup,2.8868750000015098
lookup-client,lookup,2.8201249999710853
lookup-client,lookup,1.1475410000230113
lookup-client,lookup,1.7761249999921347
lookup-client,lookup,1.0504580000088026
lookup-client,lookup,2.297666999993453
lookup-client,lookup,1.956957999993847
lookup-client,lookup,1.459957999998096
lookup-client,lookup,1.0321249999947213
lookup-client,lookup,8.82824999996501
lookup-client,lookup,2.2487500000352156
lookup-client,lookup,3.86591699998462
lookup-client,lookup,1.256291999993664
lookup-client,lookup,1.198208000005252
lookup-client,lookup,1.665000000002692
lookup-client,lookup,0.6903339999553282
lookup-client,lookup,0.6354999999871325
lookup-client,lookup,1.2911670000335107
lookup-client,lookup,0.9627500000419786
lookup-client,lookup,0.7679999999936626
lookup-client,lookup,1.0865419999959158
lookup-client,lookup,1.1772499999551655
lookup-client,lookup,1.493166999978257
lookup-client,lookup,1.6020829999661146
lookup-client,lookup,1.0357079999607777
lookup-client,lookup,1.0176250000313303
lookup-client,lookup,1.5510409999706098
lookup-client,lookup,1.1280410000154006
lookup-client,lookup,1.2921250000204054
lookup-client,lookup,1.2791249999963838
lookup-client,lookup,1.0675419999870428
lookup-client,lookup,2.2250000000099135
lookup-client,lookup,2.4334999999950924
lookup-client,lookup,1.8132920000084596
lookup-client,lookup,1.430249999998523
lookup-client,lookup,1.0340000000041982
lookup-client,lookup,1.1330410000027769
lookup-client,lookup,2.228000000002339
lookup-client,lookup,2.29954200000293
lookup-client,lookup,3.2214589999739474
lookup-client,lookup,0.8359159999713484
lookup-client,lookup,1.0995000000093569
lookup-client,lookup,1.3703340000006392
lookup-client,lookup,1.9979580000040187
lookup-client,lookup,0.7640840000249227
lookup-client,lookup,2.030833000048915
lookup-client,lookup,1.0800839999660639
lookup-client,lookup,1.4315409999881012
lookup-client,lookup,1.0279580000087662
lookup-client,lookup,1.7240829999991547
lookup-client,lookup,0.6111670000450431
lookup-client,lookup,1.048083000000588
lookup-client,lookup,1.7148339999835116
lookup-client,lookup,2.5430829999777416
lookup-client,lookup,1.921791000029316
lookup-client,lookup,1.4366249999966385
lookup-client,lookup,0.8929999999622851
lookup-client,lookup,1.8957500000169603
lookup-client,lookup,2.6282079999759844
lookup-client,lookup,1.0408329999904709
lookup-client,lookup,1.23329199999489
lookup-client,lookup,1.2377080000192109
lookup-client,lookup,1.7874580000238893
lookup-client,lookup,1.0485829999993257
lookup-client,lookup,1.216583999962495
lookup-client,lookup,2.4392920000195772
lookup-client,lookup,1.1846659999719122
lookup-client,lookup,0.7771670000238373
lookup-client,lookup,0.9562090000372336
lookup-client,lookup,0.968375000013566
lookup-client,lookup,1.2282920000075137
lookup-client,lookup,1.254833000018607
lookup-client,lookup,1.1221250000517102
lookup-client,lookup,0.7313339999655
lookup-client,lookup,0.7563340000160679
lookup-client,lookup,2.2930420000193408
lookup-client,lookup,1.3675839999791606
lookup-client,lookup,0.8541669999999613
lookup-client,lookup,0.6382079999980306
lookup-client,lookup,0.9459159999778421
lookup-client,lookup,3.5045829999944544
lookup-client,lookup,1.882249999994201
lookup-client,lookup,1.3897910000082447
lookup-client,lookup,0.8455000000253676
lookup-client,lookup,0.9297910000327647
lookup-client,lookup,0.8622090000471871
lookup-client,lookup,1.543583000000126
lookup-client,lookup,0.936874999979409
lookup-client,lookup,1.5698329999622729
lookup-client,lookup,0.8430829999497291
lookup-client,lookup,0.942833999999948
lookup-client,lookup,1.0565839999685522
lookup-client,lookup,2.079500000036205
lookup-client,lookup,0.9696249999819884
lookup-client,lookup,2.8579579999927773
lookup-client,lookup,1.009874999965632
lookup-client,lookup,0.8925829999952839
lookup-client,lookup,1.051791999998386
lookup-client,lookup,0.9594580000111819
lookup-client,lookup,1.5196659999787698
lookup-client,lookup,1.3790840000069693
lookup-client,lookup,1.7016249999528554
lookup-client,lookup,1.488832999996248
lookup-client,lookup,1.6502910000326665
lookup-client,lookup,1.3017499999818938
lookup-client,lookup,1.5153749999967658
lookup-client,lookup,1.4231659999950352
lookup-client,lookup,1.258624999991298
lookup-client,lookup,2.2297919999800797
lookup-client,lookup,1.035625000042728
lookup-client,lookup,1.6462910000427655
lookup-client,lookup,1.3347499999554202
lookup-client,lookup,1.8411249999985557
lookup-client,lookup,1.690458000041417
lookup-client,lookup,4.006791999984216
lookup-client,lookup,1.344667000012123
lookup-client,lookup,1.1901249999937136
lookup-client,lookup,1.25079200000755
lookup-client,lookup,0.7760839999946256
lookup-client,lookup,1.058042000011028
lookup-client,lookup,0.9509579999757989
lookup-client,lookup,1.1407499999904758
lookup-client,lookup,1.2499160000061238
lookup-client,lookup,0.9834580000074311
lookup-client,lookup,1.1085419999972146
lookup-client,lookup,0.8648329999800808
lookup-client,lookup,1.16058300000077
lookup-client,lookup,1.3020829999845773
lookup-client,lookup,1.4939170000047852
lookup-client,lookup,2.6923750000378277
lookup-client,lookup,1.2560829999870293
lookup-client,lookup,1.3795830000162823
lookup-client,lookup,0.8272499999861793
lookup-client,lookup,1.3951669999983096
lookup-client,lookup,0.8111250000411019
lookup-client,lookup,0.8858340000301723
lookup-client,lookup,1.8466249999846696
lookup-client,lookup,1.3740830000301685
lookup-client,lookup,1.1190000000169675
lookup-client,lookup,1.285917000018344
lookup-client,lookup,1.4834159999850272
lookup-client,lookup,2.6655419999883634
lookup-client,lookup,1.007749999985208
lookup-client,lookup,0.7478750000018408
lookup-client,lookup,0.9562920000121267
lookup-client,lookup,0.5262089999860109
lookup-client,lookup,4.76708299999018
lookup-client,lookup,1.6377499999862266
lookup-client,lookup,0.7698750000031396
lookup-client,lookup,2.2738749999575703
lookup-client,lookup,0.7684579999818197
lookup-client,lookup,0.8399170000075173
lookup-client,lookup,0.9520830000155911
lookup-client,lookup,0.9670829999777197
lookup-client,lookup,2.2968749999563443
lookup-client,lookup,0.9360829999991438
lookup-client,lookup,0.8777080000186288
lookup-client,lookup,0.8201250000183791
lookup-client,lookup,0.7696249999753491
lookup-client,lookup,0.7131659999686235
lookup-client,lookup,1.0180000000445943
lookup-client,lookup,1.1322919999656733
lookup-client,lookup,1.0654580000277747
lookup-client,lookup,2.2569999999859647
lookup-client,lookup,0.9826660000271659
lookup-client,lookup,1.0840420000022277
lookup-client,lookup,1.2357909999991534
lookup-client,lookup,1.620124999988093
lookup-client,lookup,0.7315409999932854
lookup-client,lookup,0.9170419999691148
lookup-client,lookup,1.2025409999978365
lookup-client,lookup,1.113000000032116
lookup-client,lookup,0.9888750000186519
lookup-client,lookup,0.6224159999987933
lookup-client,lookup,1.0087910000038391
lookup-client,lookup,0.7629589999851305
lookup-client,lookup,1.7619579999745838
lookup-client,lookup,0.6900000000200635
lookup-client,lookup,0.6548339999881136
lookup-client,lookup,0.7455830000253627
lookup-client,lookup,0.9357090000321477
lookup-client,lookup,1.2516250000089713
lookup-client,lookup,0.7749590000116768
lookup-client,lookup,0.5829169999742589
lookup-client,lookup,0.5659580000383357
lookup-client,lookup,1.026749999994081
lookup-client,lookup,4.830875000038759
lookup-client,lookup,1.1354590000109965
lookup-client,lookup,1.0348749999593565
lookup-client,lookup,1.1407079999798952
lookup-client,lookup,2.3087920000079976
lookup-client,lookup,2.401708000036251
lookup-client,lookup,0.706792000016776
lookup-client,lookup,1.1906249999924512
lookup-client,lookup,2.5466249999794854
lookup-client,lookup,1.5880840000477292
lookup-client,lookup,0.6359160000215525
lookup-client,lookup,1.2868329999946582
lookup-client,lookup,0.67991600002415
lookup-client,lookup,0.7027499999594511
lookup-client,lookup,1.0009159999526673
lookup-client,lookup,1.016332999995484
lookup-client,lookup,2.96929099999943
lookup-client,lookup,1.1670420000200465
lookup-client,lookup,1.9036659999756012
lookup-client,lookup,1.1453330000108508
lookup-client,lookup,0.9221249999882275
lookup-client,lookup,0.5574580000029528
lookup-client,lookup,1.564250000001266
lookup-client,lookup,1.0491249999518004
lookup-client,lookup,2.0889590000479075
lookup-client,lookup,0.7377500000416148
lookup-client,lookup,1.2987500000463115
lookup-client,lookup,1.112167000030695
lookup-client,lookup,1.3629590000050484
lookup-client,lookup,1.156832999981816
lookup-client,lookup,1.2204579999774978
lookup-client,lookup,0.9287510000035581
lookup-client,lookup,1.0655419999920923
lookup-client,lookup,0.7467499999620486
lookup-client,lookup,0.8255419999727565
lookup-client,lookup,1.4982090000330572
lookup-client,lookup,0.8605000000443397
lookup-client,lookup,1.4607920000457852
lookup-client,lookup,0.9838749999744323
lookup-client,lookup,0.8668329999750313
lookup-client,lookup,0.990999999999076
lookup-client,lookup,1.9355000000018663
lookup-client,lookup,1.3456670000095983
lookup-client,lookup,0.7084579999627749
lookup-client,lookup,1.0546249999947577
lookup-client,lookup,2.7321249999658903
lookup-client,lookup,1.0447500000054788
lookup-client,lookup,1.1225000000081309
lookup-client,lookup,0.5081669999640326
lookup-client,lookup,0.5035830000110764
lookup-client,lookup,2.3336249999488246
lookup-client,lookup,1.7237499999964712
lookup-client,lookup,1.0882500000093387
lookup-client,lookup,1.348625000048287
lookup-client,lookup,1.1998329999869384
lookup-client,lookup,1.0819159999755357
lookup-client,lookup,0.6846670000300037
lookup-client,lookup,0.8913749999805987
lookup-client,lookup,1.2478749999900174
lookup-client,lookup,0.8012499999949796
lookup-client,lookup,1.3872089999722448
lookup-client,lookup,1.3331669999843143
lookup-client,lookup,1.2473330000375427
lookup-client,lookup,1.4529160000051888
lookup-client,lookup,0.8820410000112133
lookup-client,lookup,1.933957999995073
lookup-client,lookup,1.0629999999878237
lookup-client,lookup,1.0404580000340502
lookup-client,lookup,0.941375000024891
lookup-client,lookup,1.09741699998267
lookup-client,lookup,0.6985420000091835
lookup-client,lookup,1.1902919999897676
lookup-client,lookup,0.941208000028837
lookup-client,lookup,1.0870419999946535
lookup-client,lookup,0.7705410000085067
lookup-client,lookup,0.8951660000207085
lookup-client,lookup,1.3565830000175083
lookup-client,lookup,1.2097499999867978
lookup-client,lookup,0.6676250000055006
lookup-client,lookup,1.244750000012118
lookup-client,lookup,1.2954160000049342
lookup-client,lookup,1.181167000027017
lookup-client,lookup,0.6796249999752035
lookup-client,lookup,0.8759579999946254
lookup-client,lookup,1.5342080000095848
lookup-client,lookup,1.3091249999774845
lookup-client,lookup,0.9225000000014916
lookup-client,lookup,1.6301670000302693
lookup-client,lookup,1.3063340000485368
lookup-client,lookup,1.3099999999894862
lookup-client,lookup,1.1571659999844996
lookup-client,lookup,0.8018340000148783
lookup-client,lookup,1.0047499999927823
lookup-client,lookup,1.5342500000201653
lookup-client,lookup,1.2894170000095073
lookup-client,lookup,0.7269579999729103
lookup-client,lookup,0.9604580000086571
lookup-client,lookup,1.2124159999871154
lookup-client,lookup,0.8999589999802993
lookup-client,lookup,1.9614590000287535
lookup-client,lookup,0.7957079999982852
lookup-client,lookup,0.7868340000527496
lookup-client,lookup,0.7649160000369193
lookup-client,lookup,0.8476250000057917
lookup-client,lookup,1.9914590000098542
lookup-client,lookup,0.7306250000169712
lookup-client,lookup,1.0820829999715897
lookup-client,lookup,2.176249999990887
lookup-client,lookup,1.169166000011046
lookup-client,lookup,1.1758339999801137
lookup-client,lookup,1.6886250000425207
lookup-client,lookup,1.5472910000084994
lookup-client,lookup,1.8724169999586593
lookup-client,lookup,1.0735409999824697
lookup-client,lookup,0.8400000000392538
lookup-client,lookup,1.0280829999942398
lookup-client,lookup,0.9173340000074859
lookup-client,lookup,1.1765419999960613
lookup-client,lookup,1.0110419999591613
lookup-client,lookup,1.0033330000283058
lookup-client,lookup,1.0747499999865795
lookup-client,lookup,0.8991249999894535
lookup-client,lookup,1.0156660000006923
lookup-client,lookup,1.354832999993505
lookup-client,lookup,1.6470420000018748
lookup-client,lookup,1.425792000020465
lookup-client,lookup,1.842625000051612
lookup-client,lookup,3.3833329999879425
lookup-client,lookup,0.94087499996931
lookup-client,lookup,0.6426250000117761
lookup-client,lookup,0.9513749999996435
lookup-client,lookup,1.0435830000119495
lookup-client,lookup,1.1219159999882322
lookup-client,lookup,0.911667000025318
lookup-client,lookup,0.7557079999855887
lookup-client,lookup,0.7732079999982489
lookup-client,lookup,0.8952090000207136
lookup-client,lookup,1.3828749999902357
lookup-client,lookup,1.6307079999933194
lookup-client,lookup,1.6616670000075828
lookup-client,lookup,0.7687500000201908
lookup-client,lookup,1.0691249999581487
lookup-client,lookup,1.1852920000023914
lookup-client,lookup,0.8780000000001564
lookup-client,lookup,1.0482499999966421
lookup-client,lookup,2.4666249999540923
lookup-client,lookup,1.6722089999916534
lookup-client,lookup,0.7857090000129574
lookup-client,lookup,0.8874170000012782
lookup-client,lookup,1.1972500000183572
lookup-client,lookup,0.986791999991965
lookup-client,lookup,0.9928750000085529
lookup-client,lookup,1.1437910000040574
lookup-client,lookup,0.934459000006882
lookup-client,lookup,0.6671660000279189
lookup-client,lookup,0.7875420000118538
lookup-client,lookup,1.9604589999744348
lookup-client,lookup,0.8962080000287642
lookup-client,lookup,0.694209000016599
lookup-client,lookup,0.8308750000196596
lookup-client,lookup,1.041082999961418
lookup-client,lookup,3.1392089999826567
lookup-client,lookup,0.9558749999882821
lookup-client,lookup,1.3951659999520416
lookup-client,lookup,1.8030420000059166
lookup-client,lookup,1.0969999999588254
lookup-client,lookup,1.0223329999803354
lookup-client,lookup,0.793041000008543
lookup-client,lookup,0.8443750000424188
lookup-client,lookup,1.3628749999838874
lookup-client,lookup,0.9140409999872645
lookup-client,lookup,0.9409589999904711
lookup-client,lookup,1.424500000041462
lookup-client,lookup,1.1266250000403488
lookup-client,lookup,1.3671250000015789
lookup-client,lookup,1.369917000033638
lookup-client,lookup,1.1980410000091979
lookup-client,lookup,1.4979999999695792
lookup-client,lookup,2.1150000000034197
lookup-client,lookup,1.2336249999975735
lookup-client,lookup,2.213125000025684
lookup-client,lookup,1.1850829999957568
lookup-client,lookup,1.519708999978775
lookup-client,lookup,0.7111250000093605
lookup-client,lookup,0.9777500000041073
lookup-client,lookup,1.0992079999709858
lookup-client,lookup,1.1828750000404398
lookup-client,lookup,0.9552500000040709
lookup-client,lookup,0.7543330000316928
lookup-client,lookup,0.7816670000124759
lookup-client,lookup,1.0837499999638567
lookup-client,lookup,0.8947500000431319
lookup-client,lookup,1.5087920000382837
lookup-client,lookup,1.3429589999987002
lookup-client,lookup,0.9037079999529851
lookup-client,lookup,0.9251670000480772
lookup-client,lookup,0.9072920000221529
lookup-client,lookup,1.5821250000271903
lookup-client,lookup,0.7528340000249045
lookup-client,lookup,0.760666999951809
lookup-client,lookup,0.8450409999909425
lookup-client,lookup,2.5919170000179292
lookup-client,lookup,1.585042000044723
lookup-client,lookup,1.091750000000502
lookup-client,lookup,0.7342920000041886
lookup-client,lookup,1.2514580000129172
lookup-client,lookup,0.7468339999832097
lookup-client,lookup,1.039625000032629
lookup-client,lookup,0.6800410000096235
lookup-client,lookup,1.2138339999978598
lookup-client,lookup,1.3770830000225942
lookup-client,lookup,0.9293339999771888
lookup-client,lookup,1.3586669999767764
lookup-client,lookup,0.6558750000067448
lookup-client,lookup,0.6005419999723927
lookup-client,lookup,1.1269170000218764
lookup-client,lookup,1.6474579999794514
lookup-client,lookup,1.7672919999540682
lookup-client,lookup,1.0054159999981493
lookup-client,lookup,1.0697920000097838
lookup-client,lookup,1.4586670000085178
lookup-client,lookup,1.0053330000232563
lookup-client,lookup,1.175333999981376
lookup-client,lookup,1.2846249999824977
lookup-client,lookup,1.3351250000255277
lookup-client,lookup,0.6735000000048785
lookup-client,lookup,0.8017079999831367
lookup-client,lookup,2.7647090000186836
lookup-client,lookup,1.599834000046485
lookup-client,lookup,1.12879199997451
lookup-client,lookup,1.095374999977139
lookup-client,lookup,0.7895420000068043
lookup-client,lookup,0.6140419999951519
lookup-client,lookup,0.6704169999807164
lookup-client,lookup,3.6664170000335616
lookup-client,lookup,6.595333000007031
lookup-client,lookup,0.7732079999982489
lookup-client,lookup,1.258540999970137
lookup-client,lookup,1.182083000003331
lookup-client,lookup,1.4342079999778434
lookup-client,lookup,0.9782090000385324
lookup-client,lookup,1.597458999981427
lookup-client,lookup,1.5717499999823303
lookup-client,lookup,1.319583000054081
lookup-client,lookup,0.8312920000435042
lookup-client,lookup,1.0727079999810485
lookup-client,lookup,0.8653750000462423
lookup-client,lookup,1.3453340000069147
lookup-client,lookup,6.818874999964919
lookup-client,lookup,20.045084000003044
lookup-client,lookup,5.398042000024361
lookup-client,lookup,9.142958000040835
lookup-client,lookup,24.513291999994635
lookup-client,lookup,1.9665419999910227
lookup-client,lookup,1.7382919999704427
lookup-client,lookup,1.6031250000310138
lookup-client,lookup,0.8082919999878868
lookup-client,lookup,1.3194160000011834
lookup-client,lookup,0.8032079999793496
lookup-client,lookup,1.4057079999929556
lookup-client,lookup,2.0295420000024933
lookup-client,lookup,2.0180000000209475
lookup-client,lookup,1.6075409999984913
lookup-client,lookup,3.2025000000430737
lookup-client,lookup,1.466208000010738
lookup-client,lookup,5.1130409999586846
lookup-client,lookup,0.9791660000360025
lookup-client,lookup,1.2409589999720083
lookup-client,lookup,0.9237499999699139
lookup-client,lookup,1.037416000031044
lookup-client,lookup,1.4960830000063652
lookup-client,lookup,0.9789999999725296
lookup-client,lookup,1.6575000000216278
lookup-client,lookup,0.9133340000175849
lookup-client,lookup,0.9491659999980584
lookup-client,lookup,1.2851249999812353
lookup-client,lookup,1.3128749999964384
lookup-client,lookup,1.3013750000254731
lookup-client,lookup,1.2948749999850406
lookup-client,lookup,2.243665999969835
lookup-client,lookup,2.7368749999823194
lookup-client,lookup,1.6668330000015885
lookup-client,lookup,0.9209159999841177
lookup-client,lookup,1.8495420000022023
lookup-client,lookup,0.8585829999674388
lookup-client,lookup,0.9952080000061869
lookup-client,lookup,0.9937089999993987
lookup-client,lookup,2.089375000025484
lookup-client,lookup,1.1185830000499664
lookup-client,lookup,0.9373750000349901
lookup-client,lookup,1.0819999999966967
lookup-client,lookup,0.6804999999872052
lookup-client,lookup,0.8336669999948754
lookup-client,lookup,1.131625000027725
lookup-client,lookup,1.3125829999580674
lookup-client,lookup,1.0623750000036125
lookup-client,lookup,1.2139579999939087
lookup-client,lookup,1.153833999978815
lookup-client,lookup,1.5340830000241112
lookup-client,lookup,1.866083000038543
lookup-client,lookup,0.7441660000040429
lookup-client,lookup,0.849000000016531
lookup-client,lookup,0.9029999999938809
lookup-client,lookup,0.756874999979118
lookup-client,lookup,1.5942499999823667
lookup-client,lookup,1.1540410000066004
lookup-client,lookup,1.3037919999874248
lookup-client,lookup,1.8120409999937692
lookup-client,lookup,1.4192919999800324
lookup-client,lookup,1.0927910000191332
lookup-client,lookup,0.7129159999976764
lookup-client,lookup,1.8597920000047452
lookup-client,lookup,0.7114160000014635
lookup-client,lookup,1.660082999990209
lookup-client,lookup,0.8646659999840267
lookup-client,lookup,0.6200409999905787
lookup-client,lookup,0.7315829999470225
lookup-client,lookup,0.7016249999765023
lookup-client,lookup,0.878209000006791
lookup-client,lookup,1.292707999994036
lookup-client,lookup,1.0110000000054242
lookup-client,lookup,0.8964589999891359
lookup-client,lookup,0.6927500000415421
lookup-client,lookup,0.7973749999905522
lookup-client,lookup,0.9443750000173168
lookup-client,lookup,1.0162080000100104
lookup-client,lookup,1.0212079999973867
lookup-client,lookup,1.0389999999915744
lookup-client,lookup,0.8342090000041935
lookup-client,lookup,1.5366250000283799
lookup-client,lookup,1.269625000020369
lookup-client,lookup,1.90962499999614
lookup-client,lookup,0.8539579999933267
lookup-client,lookup,0.8484999999609499
lookup-client,lookup,0.7709169999543519
lookup-client,lookup,0.8535420000157501
lookup-client,lookup,0.6072080000194546
lookup-client,lookup,1.1303330000487222
lookup-client,lookup,0.990999999999076
lookup-client,lookup,1.2401249999811625
lookup-client,lookup,1.0302919999958249
lookup-client,lookup,1.1524169999574951
lookup-client,lookup,0.9458330000029491
lookup-client,lookup,1.0420829999588932
lookup-client,lookup,1.2348330000122587
lookup-client,lookup,0.9653750000211403
lookup-client,lookup,0.6256659999621661
lookup-client,lookup,0.7672920000345584
lookup-client,lookup,1.1794589999567506
lookup-client,lookup,1.7523330000130954
lookup-client,lookup,0.9468330000004244
lookup-client,lookup,0.7221669999921687
lookup-client,lookup,0.9846250000009604
lookup-client,lookup,1.2741670000195882
lookup-client,lookup,1.1125419999871156
lookup-client,lookup,0.6787500000200453
lookup-client,lookup,0.895000000014079
lookup-client,lookup,0.8803339999872151
lookup-client,lookup,0.8935000000178661
lookup-client,lookup,0.7405409999705626
lookup-client,lookup,1.0134579999885318
lookup-client,lookup,0.8426250000184154
lookup-client,lookup,0.6353750000016589
lookup-client,lookup,0.9128749999831598
lookup-client,lookup,1.6363749999754873
lookup-client,lookup,1.0196250000262808
lookup-client,lookup,1.9172919999732585
lookup-client,lookup,0.9983340000303542
lookup-client,lookup,2.6143329999968046
lookup-client,lookup,0.7577499999911197
lookup-client,lookup,1.8938750000074833
lookup-client,lookup,1.3597079999954076
lookup-client,lookup,0.882541000009951
lookup-client,lookup,0.5557500000463733
lookup-client,lookup,0.9635000000116634
lookup-client,lookup,1.1906670000030317
lookup-client,lookup,0.8513750000247455
lookup-client,lookup,1.1509170000181257
lookup-client,lookup,0.7674589999737691
lookup-client,lookup,0.6533339999919008
lookup-client,lookup,2.122708000001694
lookup-client,lookup,0.6356659999937619
lookup-client,lookup,0.9582920000070771
lookup-client,lookup,1.3495000000034452
lookup-client,lookup,0.916042000028483
lookup-client,lookup,1.2476250000190703
lookup-client,lookup,1.1469580000493806
lookup-client,lookup,1.8519579999747293
lookup-client,lookup,1.1094159999629483
lookup-client,lookup,0.6056249999915053
lookup-client,lookup,1.3785419999976511
lookup-client,lookup,1.2284590000035678
lookup-client,lookup,1.1591669999688747
lookup-client,lookup,0.7829170000377417
lookup-client,lookup,0.9831670000153281
lookup-client,lookup,1.0073330000182068
lookup-client,lookup,0.7899170000200684
lookup-client,lookup,0.6583750000004329
lookup-client,lookup,0.8357499999647189
lookup-client,lookup,1.057833999993818
lookup-client,lookup,0.9028750000084074
lookup-client,lookup,1.9544580000001588
lookup-client,lookup,1.340333000030114
lookup-client,lookup,0.5800829999884627
lookup-client,lookup,1.0089579999998932
lookup-client,lookup,1.3170419999823935
lookup-client,lookup,0.9228330000041751
lookup-client,lookup,0.8777910000503653
lookup-client,lookup,0.8212500000013279
lookup-client,lookup,0.8134580000387359
lookup-client,lookup,0.9112089999803175
lookup-client,lookup,1.068667000026835
lookup-client,lookup,0.7145419999687874
lookup-client,lookup,0.9405000000128894
lookup-client,lookup,1.457750000042779
lookup-client,lookup,1.6358330000230126
lookup-client,lookup,1.4823750000232394
lookup-client,lookup,0.6160419999901023
lookup-client,lookup,0.6920000000150139
lookup-client,lookup,1.2916659999859803
lookup-client,lookup,0.9950419999995574
lookup-client,lookup,1.1304160000236152
lookup-client,lookup,0.7521250000195323
lookup-client,lookup,0.6512909999969452
lookup-client,lookup,1.2207080000052883
lookup-client,lookup,1.2457920000201739
lookup-client,lookup,2.073332999998456
lookup-client,lookup,0.6959169999731785
lookup-client,lookup,1.1555830000133938
lookup-client,lookup,0.6170419999875776
lookup-client,lookup,0.8455000000253676
lookup-client,lookup,0.8737919999930455
lookup-client,lookup,1.0952079999810849
lookup-client,lookup,1.1763750000000073
lookup-client,lookup,0.7914999999911743
lookup-client,lookup,1.9368750000126056
lookup-client,lookup,1.3242499999819302
lookup-client,lookup,0.5375420000177655
lookup-client,lookup,0.7735000000366199
lookup-client,lookup,0.9737500000142063
lookup-client,lookup,1.1639589999958844
lookup-client,lookup,1.261250000027303
lookup-client,lookup,0.5868339999892669
lookup-client,lookup,0.7972500000050786
lookup-client,lookup,0.9354169999937767
lookup-client,lookup,1.5015839999819036
lookup-client,lookup,1.353625000035663
lookup-client,lookup,0.49345799999400697
lookup-client,lookup,1.2635829999680936
lookup-client,lookup,0.7554999999683787
lookup-client,lookup,1.3518330000010792
lookup-client,lookup,1.566584000045168
lookup-client,lookup,0.9883339999987584
lookup-client,lookup,1.2691250000216314
lookup-client,lookup,0.9113750000437904
lookup-client,lookup,2.908249999961754
lookup-client,lookup,1.457750000042779
lookup-client,lookup,1.1796250000202235
lookup-client,lookup,1.6493340000351964
lookup-client,lookup,1.7795829999727175
lookup-client,lookup,1.231625000002623
lookup-client,lookup,5.042749999972784
lookup-client,lookup,6.688666000002286
lookup-client,lookup,3.195958000048904
lookup-client,lookup,2.571166999985053
lookup-client,lookup,5.812958000035451
lookup-client,lookup,1.8129580000163514
lookup-client,lookup,0.9880420000172307
lookup-client,lookup,1.2004160000174124
lookup-client,lookup,0.9946249999757129
lookup-client,lookup,1.1655829999881462
lookup-client,lookup,0.9817920000045888
lookup-client,lookup,3.626916000030178
lookup-client,lookup,2.7283329999931993
lookup-client,lookup,2.6405410000052143
lookup-client,lookup,3.091291999965051
lookup-client,lookup,1.805083000022023
lookup-client,lookup,1.2906669999779297
lookup-client,lookup,3.41858299998421
lookup-client,lookup,1.5264170000364174
lookup-client,lookup,0.8148340000388998
lookup-client,lookup,2.287000000023909
lookup-client,lookup,1.1484580000455935
lookup-client,lookup,1.641624999990654
lookup-client,lookup,3.056334000007155
lookup-client,lookup,1.6626669999482147
lookup-client,lookup,0.9727080000061505
lookup-client,lookup,1.2977079999814123
lookup-client,lookup,0.9857090000195967
lookup-client,lookup,1.0819999999966967
lookup-client,lookup,0.7183329999520538
lookup-client,lookup,1.8239170000242666
lookup-client,lookup,1.3252500000362488
lookup-client,lookup,0.9117079999896305
lookup-client,lookup,0.7412499999759348
lookup-client,lookup,1.147333999995226
lookup-client,lookup,1.092166000034922
lookup-client,lookup,0.9156250000046384
lookup-client,lookup,1.4623749999600477
lookup-client,lookup,1.0070829999904163
lookup-client,lookup,1.1642499999879874
lookup-client,lookup,1.2256250000177715
lookup-client,lookup,0.6703749999701358
lookup-client,lookup,0.8061249999968823
lookup-client,lookup,1.6571670000189442
lookup-client,lookup,1.0011659999804579
lookup-client,lookup,0.8439580000185742
lookup-client,lookup,0.9968329999878733
lookup-client,lookup,1.1469579999925372
lookup-client,lookup,1.9218339999724776
lookup-client,lookup,1.3165409999942312
lookup-client,lookup,0.8555829999750131
lookup-client,lookup,0.7943329999875459
lookup-client,lookup,1.3225419999685073
lookup-client,lookup,1.5485419999663463
lookup-client,lookup,0.9932910000429729
lookup-client,lookup,0.7815409999807343
lookup-client,lookup,0.9578339999620766
lookup-client,lookup,1.1640000000170403
lookup-client,lookup,1.0346249999884094
lookup-client,lookup,3.030249999994794
lookup-client,lookup,0.7641249999892352
lookup-client,lookup,1.2202920000277118
lookup-client,lookup,0.7099590000052558
lookup-client,lookup,1.860667000016747
lookup-client,lookup,0.7592080000335955
lookup-client,lookup,1.104499999996733
lookup-client,lookup,0.8223340000199642
lookup-client,lookup,0.9021670000493032
lookup-client,lookup,0.9582919999502337
lookup-client,lookup,1.6075830000090718
lookup-client,lookup,1.2973330000249916
lookup-client,lookup,1.1029590000362077
lookup-client,lookup,0.8392500000127256
lookup-client,lookup,0.9640420000209815
lookup-client,lookup,0.8366669999873011
lookup-client,lookup,0.9694999999965148
lookup-client,lookup,0.6761669999946207
lookup-client,lookup,0.637874999995347
lookup-client,lookup,0.8922079999820198
lookup-client,lookup,1.3304999999945721
lookup-client,lookup,2.480500000046959
lookup-client,lookup,1.1473750000163818
lookup-client,lookup,0.974499999983891
lookup-client,lookup,1.3358339999740565
lookup-client,lookup,1.6830839999784075
lookup-client,lookup,0.7887079999591151
lookup-client,lookup,0.986791999991965
lookup-client,lookup,0.8000420000371378
lookup-client,lookup,1.958999999999378
lookup-client,lookup,0.7807090000255812
lookup-client,lookup,0.9420830000408387
lookup-client,lookup,1.1090419999959522
lookup-client,lookup,1.1387499999955253
lookup-client,lookup,0.8148329999926318
lookup-client,lookup,1.0993750000238833
lookup-client,lookup,0.943250000034368
lookup-client,lookup,1.0844579999798043
lookup-client,lookup,1.0567500000320251
lookup-client,lookup,0.9330840000529861
lookup-client,lookup,1.0493329999690104
lookup-client,lookup,1.1695000000031541
lookup-client,lookup,1.3126659999898038
lookup-client,lookup,0.8402079999996204
lookup-client,lookup,2.702542000008634
lookup-client,lookup,2.146708999987368
lookup-client,lookup,0.9231669999962833
lookup-client,lookup,0.5467909999765652
lookup-client,lookup,0.9722919999717305
lookup-client,lookup,0.9097500000052605
lookup-client,lookup,1.538750000008804
lookup-client,lookup,1.0426250000250548
lookup-client,lookup,1.040917000011632
lookup-client,lookup,1.582499999983611
lookup-client,lookup,1.0148339999886957
lookup-client,lookup,0.771790999976929
lookup-client,lookup,0.8682499999963511
lookup-client,lookup,1.2226249999685024
lookup-client,lookup,1.4334169999870028
lookup-client,lookup,1.8918750000125328
lookup-client,lookup,2.452375000018492
lookup-client,lookup,0.664583999991919
lookup-client,lookup,0.7667920000358208
lookup-client,lookup,1.0422089999906348
lookup-client,lookup,2.5339590000044154
lookup-client,lookup,1.5685419999726946
lookup-client,lookup,1.1746670000434278
lookup-client,lookup,12.65475000002425
lookup-client,lookup,2.939166999965437
lookup-client,lookup,1.2413339999852724
lookup-client,lookup,0.9905829999752314
lookup-client,lookup,1.1581250000176624
lookup-client,lookup,1.5196669999681944
lookup-client,lookup,0.7234999999923275
lookup-client,lookup,0.7971250000196051
lookup-client,lookup,1.062792000027457
lookup-client,lookup,1.187582999989445
lookup-client,lookup,0.7844589999876916
lookup-client,lookup,1.4692920000243248
lookup-client,lookup,1.4530409999906624
lookup-client,lookup,1.254874999972344
lookup-client,lookup,2.7797079999913876
lookup-client,lookup,1.6549580000173592
lookup-client,lookup,0.6232909999539515
lookup-client,lookup,0.9914999999978136
lookup-client,lookup,1.2140000000044893
lookup-client,lookup,1.9599999999968531
lookup-client,lookup,0.9482090000005883
lookup-client,lookup,1.0200830000144379
lookup-client,lookup,1.5024169999833248
lookup-client,lookup,1.5421670000250742
lookup-client,lookup,0.853000000006432
lookup-client,lookup,0.8296249999943939
lookup-client,lookup,0.9007090000068274
lookup-client,lookup,1.0038330000270435
lookup-client,lookup,1.8805419999807782
lookup-client,lookup,1.1971669999866208
lookup-client,lookup,1.1620829999969828
lookup-client,lookup,1.2521250000077089
lookup-client,lookup,0.8339999999975589
lookup-client,lookup,1.766499999973803
lookup-client,lookup,0.9658750000198779
lookup-client,lookup,1.3327500000173131
lookup-client,lookup,1.1603329999729795
lookup-client,lookup,2.589790999991237
lookup-client,lookup,1.3997080000081041
lookup-client,lookup,0.7724999999823012
lookup-client,lookup,1.1104170000066915
lookup-client,lookup,1.2645829999655689
lookup-client,lookup,0.9295409999481308
lookup-client,lookup,1.9837909999864678
lookup-client,lookup,2.557125000009819
lookup-client,lookup,1.296792000005098
lookup-client,lookup,1.5729169999758597
lookup-client,lookup,0.903082999968774
lookup-client,lookup,0.8532919999879596
lookup-client,lookup,0.918167000008907
lookup-client,lookup,1.0524580000037531
lookup-client,lookup,1.8279169999573242
lookup-client,lookup,1.4665829999671587
lookup-client,lookup,0.723542000002908
lookup-client,lookup,1.1756249999734791
lookup-client,lookup,1.0512910000102238
lookup-client,lookup,2.751166999985344
lookup-client,lookup,1.0868749999985994
lookup-client,lookup,1.4410410000209595
lookup-client,lookup,1.0559579999949165
lookup-client,lookup,0.8520420000195372
lookup-client,lookup,0.9464580000440037
lookup-client,lookup,0.9530419999919104
lookup-client,lookup,0.9035420000031991
lookup-client,lookup,0.7180410000273696
lookup-client,lookup,0.7247920000281738
lookup-client,lookup,0.654542000006586
lookup-client,lookup,1.079167000000325
lookup-client,lookup,0.9955419999982951
lookup-client,lookup,1.4697910000336378
lookup-client,lookup,0.9240830000294409
lookup-client,lookup,0.5750830000010865
lookup-client,lookup,0.8934580000072856
lookup-client,lookup,1.6582499999913125
lookup-client,lookup,1.3077499999667452
lookup-client,lookup,0.8803329999977905
lookup-client,lookup,1.049832999967748
lookup-client,lookup,0.9628750000274522
lookup-client,lookup,1.2513749999811807
lookup-client,lookup,2.34841700000743
lookup-client,lookup,1.6350829999964844
lookup-client,lookup,0.44024999999692227
lookup-client,lookup,0.7343749999790816
lookup-client,lookup,1.69175000002042
lookup-client,lookup,1.4187499999707143
lookup-client,lookup,0.8086670000011509
lookup-client,lookup,1.2032079999926282
lookup-client,lookup,1.1716250000404216
lookup-client,lookup,1.087290999976176
lookup-client,lookup,1.3525420000064514
lookup-client,lookup,0.7524580000222159
lookup-client,lookup,0.9425410000289958
lookup-client,lookup,1.5247919999978876
lookup-client,lookup,1.298791000010624
lookup-client,lookup,1.0840420000022277
lookup-client,lookup,0.7647919999840269
lookup-client,lookup,0.7449999999948886
lookup-client,lookup,1.1949999999956162
lookup-client,lookup,0.882708000006005
lookup-client,lookup,0.8930829999940215
lookup-client,lookup,1.3492079999650741
lookup-client,lookup,1.2756250000052205
lookup-client,lookup,1.905249999992975
lookup-client,lookup,1.127708000012717
lookup-client,lookup,1.2902919999646656
lookup-client,lookup,0.8439169999974183
lookup-client,lookup,1.6912920000322629
lookup-client,lookup,1.0720840000431053
lookup-client,lookup,0.9457499999712127
lookup-client,lookup,1.1996659999908843
lookup-client,lookup,1.1104999999815846
lookup-client,lookup,1.2489160000086486
lookup-client,lookup,1.8060829999626549
lookup-client,lookup,0.8656250000171894
lookup-client,lookup,2.442125000015949
lookup-client,lookup,0.9414169999786282
lookup-client,lookup,0.9245839999607597
lookup-client,lookup,0.9282080000048154
lookup-client,lookup,1.5020419999700607
lookup-client,lookup,0.7874579999906928
lookup-client,lookup,1.035291999983201
lookup-client,lookup,0.947250000024269
lookup-client,lookup,2.3529999999709617
lookup-client,lookup,1.480292000053396
lookup-client,lookup,1.1156250000112777
lookup-client,lookup,1.0568750000174987
lookup-client,lookup,1.9800830000349379
lookup-client,lookup,1.1828330000298592
lookup-client,lookup,0.9827499999914835
lookup-client,lookup,1.5879999999697247
lookup-client,lookup,1.1233750000201326
lookup-client,lookup,1.3011669999514197
lookup-client,lookup,1.1280420000048252
lookup-client,lookup,0.7487499999569991
lookup-client,lookup,2.8513329999668713
lookup-client,lookup,4.2892079999887756
lookup-client,lookup,1.0637080000037713
lookup-client,lookup,1.0197080000011738
lookup-client,lookup,1.6112499999962893
lookup-client,lookup,1.2528749999773936
lookup-client,lookup,2.0332089999897107
lookup-client,lookup,0.7756250000170439
lookup-client,lookup,0.6812500000137334
lookup-client,lookup,0.9563749999870197
lookup-client,lookup,1.3662500000464206
lookup-client,lookup,1.6439999999988686
lookup-client,lookup,1.6778329999738162
lookup-client,lookup,1.0212500000079672
lookup-client,lookup,0.982707999980903
lookup-client,lookup,0.9705830000257265
lookup-client,lookup,1.0335000000054606
lookup-client,lookup,0.9650000000078762
lookup-client,lookup,1.7431250000186083
lookup-client,lookup,0.9149169999886908
lookup-client,lookup,1.0671670000306221
lookup-client,lookup,1.555790999987039
lookup-client,lookup,1.1234160000412885
lookup-client,lookup,0.7021669999858204
lookup-client,lookup,0.7014999999910287
lookup-client,lookup,1.051915999994435
lookup-client,lookup,1.1132500000030632
lookup-client,lookup,1.1050830000272072
lookup-client,lookup,1.2895830000161368
lookup-client,lookup,1.0714169999914702
lookup-client,lookup,0.9985840000013013
lookup-client,lookup,1.0613329999955567
lookup-client,lookup,2.3195410000198535
lookup-client,lookup,1.1644170000408849
lookup-client,lookup,1.1338749999936226
lookup-client,lookup,0.7940419999954429
lookup-client,lookup,2.7609170000459926
lookup-client,lookup,1.572917000032703
lookup-client,lookup,1.4218329999948764
lookup-client,lookup,2.228500000001077
lookup-client,lookup,0.7576250000056461
lookup-client,lookup,0.7642499999747088
lookup-client,lookup,1.0981249999986176
lookup-client,lookup,1.1525410000103875
lookup-client,lookup,0.9834589999968557
lookup-client,lookup,11.537874999987707
lookup-client,lookup,2.121333000047798
lookup-client,lookup,1.6044170000100166
lookup-client,lookup,1.1422499999866886
lookup-client,lookup,2.0099579999737216
lookup-client,lookup,1.8390419999718688
lookup-client,lookup,3.1584999999836327
lookup-client,lookup,2.6987919999896803
lookup-client,lookup,1.5436249999538632
lookup-client,lookup,1.4472500000124455
lookup-client,lookup,0.9119999999711581
lookup-client,lookup,0.8660419999841906
lookup-client,lookup,0.7367919999978767
lookup-client,lookup,0.9339160000081392
lookup-client,lookup,1.2233330000412934
lookup-client,lookup,0.9320419999880869
lookup-client,lookup,1.0009580000200913
lookup-client,lookup,1.547291999997924
lookup-client,lookup,1.047499999970114
lookup-client,lookup,3.356915999972898
lookup-client,lookup,3.875042000004214
lookup-client,lookup,2.0318750000001273
lookup-client,lookup,1.8637089999629097
lookup-client,lookup,1.342915999998695
lookup-client,lookup,2.4323750000121436
lookup-client,lookup,8.451457999967715
lookup-client,lookup,1.68300000001409
lookup-client,lookup,1.4876669999921432
lookup-client,lookup,3.0937079999944217
lookup-client,lookup,16.259000999980344
lookup-client,lookup,1.4755409999906988
lookup-client,lookup,1.8760000000384025
lookup-client,lookup,1.166833000013412
lookup-client,lookup,0.8222920000093836
lookup-client,lookup,1.6825420000259328
lookup-client,lookup,1.2001250000253094
lookup-client,lookup,1.392457999997987
lookup-client,lookup,1.2613750000127766
lookup-client,lookup,1.4130409999779658
lookup-client,lookup,1.2831669999968653
lookup-client,lookup,0.7439579999868329
lookup-client,lookup,0.7790000000227337
lookup-client,lookup,0.7437090000053104
lookup-client,lookup,1.0315420000210906
lookup-client,lookup,1.4567919999990409
lookup-client,lookup,0.9982500000091932
lookup-client,lookup,0.8702499999913016
lookup-client,lookup,1.1355830000070455
lookup-client,lookup,0.778125000010732
lookup-client,lookup,0.7123750000346263
lookup-client,lookup,1.003791000016463
lookup-client,lookup,1.017708999995648
lookup-client,lookup,0.6521669999983715
lookup-client,lookup,0.843166000038309
lookup-client,lookup,1.2794579999990674
lookup-client,lookup,0.7892500000252767
lookup-client,lookup,2.5450839999621166
lookup-client,lookup,0.8924169999886544
lookup-client,lookup,0.8376669999847763
lookup-client,lookup,1.1117079999962698
lookup-client,lookup,1.6213750000133587
lookup-client,lookup,0.8917499999938627
lookup-client,lookup,1.6847919999918304
lookup-client,lookup,0.7509999999797401
lookup-client,lookup,0.6980410000210213
lookup-client,lookup,0.6015839999804484
lookup-client,lookup,2.108416999988094
lookup-client,lookup,1.056208000022707
lookup-client,lookup,0.8582090000004428
lookup-client,lookup,1.0958749999758766
lookup-client,lookup,1.1138749999872744
lookup-client,lookup,2.1284169999944424
lookup-client,lookup,0.48933300001863245
lookup-client,lookup,1.3233330000161914
lookup-client,lookup,1.0967919999984588
lookup-client,lookup,2.7156249999507054
lookup-client,lookup,1.2269169999967744
lookup-client,lookup,1.018375000001015
lookup-client,lookup,0.7574589999990167
lookup-client,lookup,1.1682499999778884
lookup-client,lookup,1.3071250000393775
lookup-client,lookup,0.919916999976067
lookup-client,lookup,0.9499999999889042
lookup-client,lookup,0.8897079999883317
lookup-client,lookup,0.8388339999783057
lookup-client,lookup,1.06625000000804
lookup-client,lookup,0.7860000000050604
lookup-client,lookup,0.9540829999536982
lookup-client,lookup,1.1183330000221758
lookup-client,lookup,0.8874590000118587
lookup-client,lookup,0.7860419999587975
lookup-client,lookup,1.448959000015293
lookup-client,lookup,0.6452079999803573
lookup-client,lookup,1.156292000018766
lookup-client,lookup,1.2548750000291875
lookup-client,lookup,1.0663749999935135
lookup-client,lookup,1.0545420000198646
lookup-client,lookup,1.0667500000067776
lookup-client,lookup,0.8432919999563637
lookup-client,lookup,1.292124999963562
lookup-client,lookup,0.7249589999673844
lookup-client,lookup,0.7230830000253263
lookup-client,lookup,1.1785000000372747
lookup-client,lookup,0.9492080000086389
lookup-client,lookup,0.796459000014238
lookup-client,lookup,2.90633299999854
lookup-client,lookup,1.1379999999689971
lookup-client,lookup,0.7588339999529126
lookup-client,lookup,0.8055839999769887
lookup-client,lookup,1.1660419999657279
lookup-client,lookup,2.0344579999687085
lookup-client,lookup,0.9679579999897214
lookup-client,lookup,0.9044169999583573
lookup-client,lookup,0.6278749999637512
lookup-client,lookup,0.8477910000124211
lookup-client,lookup,1.1969580000368296
lookup-client,lookup,0.9352499999977226
lookup-client,lookup,0.8147500000177388
lookup-client,lookup,0.9029590000295684
lookup-client,lookup,0.9308339999734017
lookup-client,lookup,1.159999999970296
lookup-client,lookup,0.7204999999999018
lookup-client,lookup,0.6492499999808388
lookup-client,lookup,0.7860829999799535
lookup-client,lookup,1.1600000000271393
lookup-client,lookup,0.7959999999798129
lookup-client,lookup,0.6489579999993111
lookup-client,lookup,1.1802910000255906
lookup-client,lookup,0.801166000030662
lookup-client,lookup,1.1814579999622765
lookup-client,lookup,0.6960420000154954
lookup-client,lookup,0.9573750000413384
lookup-client,lookup,0.9188750000248547
lookup-client,lookup,0.6563329999949019
lookup-client,lookup,0.8992500000317705
lookup-client,lookup,0.6976249999866013
lookup-client,lookup,0.723624999977801
lookup-client,lookup,1.1093329999880552
lookup-client,lookup,0.7552920000080121
lookup-client,lookup,1.2477910000256998
lookup-client,lookup,1.1804160000110642
lookup-client,lookup,0.9760419999906844
lookup-client,lookup,1.5405420000433878
lookup-client,lookup,0.7549579999590605
lookup-client,lookup,0.8231250000108048
lookup-client,lookup,0.9311670000329286
lookup-client,lookup,0.7647080000197093
lookup-client,lookup,0.9325000000330874
lookup-client,lookup,0.7073749999904066
lookup-client,lookup,1.133374999994885
lookup-client,lookup,0.8626249999679203
lookup-client,lookup,0.6496249999941028
lookup-client,lookup,1.2067920000049526
lookup-client,lookup,0.9555419999855985
lookup-client,lookup,0.7987500000012915
lookup-client,lookup,1.5024999999582178
lookup-client,lookup,1.1588329999767666
lookup-client,lookup,1.545334000013554
lookup-client,lookup,0.9359169999925143
lookup-client,lookup,2.2682080000322458
lookup-client,lookup,1.0159999999928004
lookup-client,lookup,1.4476249999688662
lookup-client,lookup,0.5139579999990929
lookup-client,lookup,0.7782079999856251
lookup-client,lookup,1.2753329999668495
lookup-client,lookup,0.922249999973701
lookup-client,lookup,1.1717909999902076
lookup-client,lookup,1.0823339999888049
lookup-client,lookup,1.3727919999837468
lookup-client,lookup,1.3083329999972193
lookup-client,lookup,1.4951250000194705
lookup-client,lookup,0.734000000022661
lookup-client,lookup,1.2478749999900174
lookup-client,lookup,1.7703749999782303
lookup-client,lookup,1.2968749999799911
lookup-client,lookup,0.9849999999573811
lookup-client,lookup,0.9652919999894038
lookup-client,lookup,0.932291999959034
lookup-client,lookup,3.585457999975006
lookup-client,lookup,3.0849590000343596
lookup-client,lookup,2.1848749999549
lookup-client,lookup,1.1225830000398673
lookup-client,lookup,1.1712500000271575
lookup-client,lookup,2.092791999984911
lookup-client,lookup,4.287916000009773
lookup-client,lookup,2.548665999995592
lookup-client,lookup,5.212249999999585
lookup-client,lookup,3.951625000013337
lookup-client,lookup,1.0442089999855853
lookup-client,lookup,0.7675839999592426
lookup-client,lookup,1.5508749999639804
lookup-client,lookup,3.344624999954249
lookup-client,lookup,1.0393750000048385
lookup-client,lookup,2.4644169999987753
lookup-client,lookup,1.3448330000187525
lookup-client,lookup,0.9724580000352034
lookup-client,lookup,0.646458000005623
lookup-client,lookup,0.9362909999595104
lookup-client,lookup,1.1393749999797365
lookup-client,lookup,1.5148749999980282
lookup-client,lookup,0.9105419999855258
lookup-client,lookup,0.5742920000102458
lookup-client,lookup,0.9897919999843907
lookup-client,lookup,1.6903329999991001
lookup-client,lookup,2.0622920000050726
lookup-client,lookup,1.6444999999976062
lookup-client,lookup,1.2110000000120635
lookup-client,lookup,0.9355410000466691
lookup-client,lookup,0.9577920000083395
lookup-client,lookup,0.7050830000139285
lookup-client,lookup,1.2943329999757225
lookup-client,lookup,1.174708999997165
lookup-client,lookup,0.6827499999531028
lookup-client,lookup,0.9102920000145787
lookup-client,lookup,1.208625000003849
lookup-client,lookup,1.4157080000245514
lookup-client,lookup,1.4647080000145252
lookup-client,lookup,1.2169169999651785
lookup-client,lookup,1.5567500000202017
lookup-client,lookup,1.0600410000165539
lookup-client,lookup,0.8547080000198548
lookup-client,lookup,1.4812079999728667
lookup-client,lookup,0.9826670000165905
lookup-client,lookup,1.847874999953092
lookup-client,lookup,0.6341659999975491
lookup-client,lookup,1.6385000000127548
lookup-client,lookup,1.8298330000448004
lookup-client,lookup,1.7246250000084729
lookup-client,lookup,2.2922919999928126
lookup-client,lookup,1.079000000004271
lookup-client,lookup,0.9656249999920874
lookup-client,lookup,1.4841249999903994
lookup-client,lookup,1.8550839999988966
lookup-client,lookup,3.970499999979893
lookup-client,lookup,0.7332089999749769
lookup-client,lookup,0.7645840000236603
lookup-client,lookup,0.9478750000084801
lookup-client,lookup,1.1553329999856032
lookup-client,lookup,0.5816670000058366
lookup-client,lookup,0.7487500000138425
lookup-client,lookup,1.0294159999943986
lookup-client,lookup,0.6597090000468597
lookup-client,lookup,0.6075420000115628
lookup-client,lookup,0.8379170000125669
lookup-client,lookup,1.0028749999833053
lookup-client,lookup,1.0407080000049973
lookup-client,lookup,0.8260839999820746
lookup-client,lookup,1.0895419999883416
lookup-client,lookup,1.3402089999772215
lookup-client,lookup,1.7353339999885975
lookup-client,lookup,0.8407500000089385
lookup-client,lookup,0.5769580000105634
lookup-client,lookup,1.1320840000053067
lookup-client,lookup,1.474292000011701
lookup-client,lookup,2.6904160000071897
lookup-client,lookup,1.1211669999511287
lookup-client,lookup,0.7875829999761663
lookup-client,lookup,0.9653749999642969
lookup-client,lookup,0.7174579999968955
lookup-client,lookup,1.0465830000043752
lookup-client,lookup,1.039582999965205
lookup-client,lookup,0.8449590000054741
lookup-client,lookup,0.7328340000185563
lookup-client,lookup,0.7102079999867783
lookup-client,lookup,1.7801249999820357
lookup-client,lookup,1.1655000000132532
lookup-client,lookup,1.181167000027017
lookup-client,lookup,0.790708000010909
lookup-client,lookup,2.268249999985983
lookup-client,lookup,1.2092499999880602
lookup-client,lookup,1.338625000016691
lookup-client,lookup,1.4418750000118052
lookup-client,lookup,0.9785409999949479
lookup-client,lookup,1.4352499999858992
lookup-client,lookup,0.8485419999715305
lookup-client,lookup,0.7782920000067861
lookup-client,lookup,1.8239999999991596
lookup-client,lookup,0.6184159999520489
lookup-client,lookup,1.5447920000042359
lookup-client,lookup,0.9696249999819884
lookup-client,lookup,1.459500000009939
lookup-client,lookup,1.5068750000182263
lookup-client,lookup,1.7464580000137175
lookup-client,lookup,1.6555409999909898
lookup-client,lookup,0.9896249999883366
lookup-client,lookup,1.0607090000007702
lookup-client,lookup,1.3355830000136848
lookup-client,lookup,1.5757090000079188
lookup-client,lookup,1.4835830000379246
lookup-client,lookup,0.6327500000224973
lookup-client,lookup,0.8215420000396989
lookup-client,lookup,0.8069579999983034
lookup-client,lookup,0.6753330000037749
lookup-client,lookup,1.0776670000041122
lookup-client,lookup,1.2721250000140572
lookup-client,lookup,0.8935409999821786
lookup-client,lookup,0.9531659999879594
lookup-client,lookup,1.1182499999904394
lookup-client,lookup,0.8542500000316977
lookup-client,lookup,1.1915000000044529
lookup-client,lookup,1.3250000000084583
lookup-client,lookup,1.0642500000130894
lookup-client,lookup,0.8527909999997974
lookup-client,lookup,1.7217920000121012
lookup-client,lookup,0.6655419999788137
lookup-client,lookup,0.9062080000035166
lookup-client,lookup,0.8810410000137381
lookup-client,lookup,0.65862499997138
lookup-client,lookup,1.0074169999825244
lookup-client,lookup,0.8776249999868924
lookup-client,lookup,0.9790420000399536
lookup-client,lookup,1.1401250000062646
lookup-client,lookup,1.4817910000033407
lookup-client,lookup,1.0069589999943673
lookup-client,lookup,1.1004589999856762
lookup-client,lookup,1.0658749999947759
lookup-client,lookup,1.0226250000187065
lookup-client,lookup,1.0640830000170354
lookup-client,lookup,0.7931249999728607
lookup-client,lookup,1.3687920000506892
lookup-client,lookup,1.0930830000006608
lookup-client,lookup,1.1520420000010745
lookup-client,lookup,0.7759999999734646
lookup-client,lookup,0.9682079999606685
lookup-client,lookup,1.0847909999824878
lookup-client,lookup,1.371500000004744
lookup-client,lookup,1.098167000009198
lookup-client,lookup,1.0821249999821703
lookup-client,lookup,1.1720829999717353
lookup-client,lookup,1.0798330000056922
lookup-client,lookup,1.0272089999716627
lookup-client,lookup,1.3097909999828516
lookup-client,lookup,0.8947499999862885
lookup-client,lookup,0.9992920000172489
lookup-client,lookup,0.6990420000079212
lookup-client,lookup,1.0421670000368977
lookup-client,lookup,0.5778329999657217
lookup-client,lookup,1.716833999978462
lookup-client,lookup,1.141749999987951
lookup-client,lookup,1.070249999997941
lookup-client,lookup,0.9657079999669804
lookup-client,lookup,0.5692499999554457
lookup-client,lookup,0.8829999999875326
lookup-client,lookup,0.5694579999726557
lookup-client,lookup,1.123250000034659
lookup-client,lookup,1.0979580000025635
lookup-client,lookup,1.2740840000446951
lookup-client,lookup,1.2035420000415797
lookup-client,lookup,0.7564169999909609
lookup-client,lookup,0.8458749999817883
lookup-client,lookup,1.1118749999923239
lookup-client,lookup,0.9964160000208722
lookup-client,lookup,0.7547920000092745
lookup-client,lookup,1.0321249999947213
lookup-client,lookup,1.0487910000165357
lookup-client,lookup,0.8888749999869106
lookup-client,lookup,1.2561249999976098
lookup-client,lookup,1.0000000000331966
lookup-client,lookup,1.0017919999540936
lookup-client,lookup,0.6435829999986709
lookup-client,lookup,0.6367919999661353
lookup-client,lookup,1.4867090000052485
lookup-client,lookup,0.74029199998904
lookup-client,lookup,0.6745829999772468
lookup-client,lookup,0.8672089999777199
lookup-client,lookup,0.5704170000058184
lookup-client,lookup,0.9600840000416611
lookup-client,lookup,1.5191250000157197
lookup-client,lookup,1.1348749999910979
lookup-client,lookup,1.0484169999926962
lookup-client,lookup,1.6047920000232807
lookup-client,lookup,1.5810419999979786
lookup-client,lookup,0.8429169999999431
lookup-client,lookup,1.4843749999613465
lookup-client,lookup,3.668250000032458
lookup-client,lookup,1.3167500000008658
lookup-client,lookup,1.3895419999698788
lookup-client,lookup,1.3199579999536581
lookup-client,lookup,1.1789590000148564
lookup-client,lookup,0.8120840000174212
lookup-client,lookup,1.281917000028443
lookup-client,lookup,0.8869999999774336
lookup-client,lookup,0.8818329999940033
lookup-client,lookup,1.0015419999831465
lookup-client,lookup,0.7956250000233922
lookup-client,lookup,1.4757910000184893
lookup-client,lookup,1.4385000000061154
lookup-client,lookup,1.3647910000145203
lookup-client,lookup,0.5174590000365242
lookup-client,lookup,0.600082999994811
lookup-client,lookup,0.5488330000389396
lookup-client,lookup,0.7411670000010417
lookup-client,lookup,0.4728330000034475
lookup-client,lookup,0.5289590000074895
lookup-client,lookup,0.8121669999923142
lookup-client,lookup,1.0507909999546428
lookup-client,lookup,0.6799999999884676
lookup-client,lookup,1.3878749999776119
lookup-client,lookup,1.35550000004514
lookup-client,lookup,0.6770420000066224
lookup-client,lookup,1.8887919999883707
lookup-client,lookup,1.1956250000366708
lookup-client,lookup,0.9841250000022228
lookup-client,lookup,0.8177919999639016
lookup-client,lookup,0.7957499999520223
lookup-client,lookup,0.8561249999843312
lookup-client,lookup,1.1028750000150467
lookup-client,lookup,1.287582999964343
lookup-client,lookup,0.7633749999627071
lookup-client,lookup,0.8695000000216169
lookup-client,lookup,1.1278750000087712
lookup-client,lookup,2.4318330000028254
lookup-client,lookup,0.9891670000001795
lookup-client,lookup,0.8247919999462283
lookup-client,lookup,1.4334579999513153
lookup-client,lookup,1.2897920000227714
lookup-client,lookup,2.19187499999407
lookup-client,lookup,0.6930419999662263
lookup-client,lookup,1.398458999972263
lookup-client,lookup,0.8984160000409247
lookup-client,lookup,1.1599169999954029
lookup-client,lookup,2.088458000002902
lookup-client,lookup,1.7727910000076008
lookup-client,lookup,1.8011669999964397
lookup-client,lookup,0.9594169999900259
lookup-client,lookup,0.8875830000079077
lookup-client,lookup,1.7935000000193213
lookup-client,lookup,0.9806250000110595
lookup-client,lookup,1.2521250000077089
lookup-client,lookup,0.9197080000262758
lookup-client,lookup,1.938250000023345
lookup-client,lookup,1.0893330000385504
lookup-client,lookup,3.106624999986707
lookup-client,lookup,0.8606249999729698
lookup-client,lookup,1.2018749999924694
lookup-client,lookup,0.9230000000002292
lookup-client,lookup,0.7359579999501875
lookup-client,lookup,1.6219999999975698
lookup-client,lookup,1.1049159999743097
lookup-client,lookup,0.7448329999988346
lookup-client,lookup,0.9393749999730971
lookup-client,lookup,1.2358750000203145
lookup-client,lookup,1.5103339999882337
lookup-client,lookup,1.0594170000217673
lookup-client,lookup,1.135041999987152
lookup-client,lookup,0.9255840000150783
lookup-client,lookup,1.0691659999793046
lookup-client,lookup,1.6993330000332207
lookup-client,lookup,0.7436250000409927
lookup-client,lookup,0.9654579999960333
lookup-client,lookup,0.6626250000181244
lookup-client,lookup,0.5720000000337677
lookup-client,lookup,0.9445829999776834
lookup-client,lookup,1.4285419999851001
lookup-client,lookup,1.2870829999656053
lookup-client,lookup,0.771790999976929
lookup-client,lookup,0.6843330000378955
lookup-client,lookup,1.9061669999587139
lookup-client,lookup,0.9962080000036622
lookup-client,lookup,0.8114999999975225
lookup-client,lookup,0.8911670000202321
lookup-client,lookup,0.7882080000172209
lookup-client,lookup,1.1648330000184615
lookup-client,lookup,1.1443749999671127
lookup-client,lookup,0.6287079999651723
lookup-client,lookup,1.6287919999626865
lookup-client,lookup,1.7730419999679725
lookup-client,lookup,0.8207500000025902
lookup-client,lookup,1.1388340000166863
lookup-client,lookup,0.8565829999724883
lookup-client,lookup,0.9707920000323611
lookup-client,lookup,2.097917000014604
lookup-client,lookup,1.5720420000207014
lookup-client,lookup,1.131625000027725
lookup-client,lookup,1.0504170000444901
lookup-client,lookup,1.7194590000144672
lookup-client,lookup,1.0240420000400263
lookup-client,lookup,0.7761250000157816
lookup-client,lookup,0.851124999996955
lookup-client,lookup,0.8152500000164764
lookup-client,lookup,2.1340410000334487
lookup-client,lookup,0.976958000023842
lookup-client,lookup,0.8767499999748907
lookup-client,lookup,2.9917909999994663
lookup-client,lookup,1.9155839999598356
lookup-client,lookup,0.8957080000300266
lookup-client,lookup,1.3191250000090804
lookup-client,lookup,1.0661669999763035
lookup-client,lookup,1.0008340000240423
lookup-client,lookup,0.765750000027765
lookup-client,lookup,1.271166999970319
lookup-client,lookup,0.9872500000369655
lookup-client,lookup,1.2327909999498843
lookup-client,lookup,0.9542079999960151
lookup-client,lookup,0.74029199998904
lookup-client,lookup,0.8441250000146283
lookup-client,lookup,0.6070420000128252
lookup-client,lookup,1.4127499999858628
lookup-client,lookup,2.1319580000067617
lookup-client,lookup,0.6407920000128797
lookup-client,lookup,0.7148329999608904
lookup-client,lookup,0.8462920000056329
lookup-client,lookup,2.192540999999437
lookup-client,lookup,0.8672089999777199
lookup-client,lookup,1.229166999962672
lookup-client,lookup,0.7560419999776968
lookup-client,lookup,1.1257499999715037
lookup-client,lookup,0.9571250000135478
lookup-client,lookup,0.9212079999656453
lookup-client,lookup,0.8767499999748907
lookup-client,lookup,1.0657079999987218
lookup-client,lookup,0.938958000006096
lookup-client,lookup,1.3074999999957981
lookup-client,lookup,1.2431250000304317
lookup-client,lookup,1.3878749999776119
lookup-client,lookup,1.5713749999690663
lookup-client,lookup,1.7891250000161563
lookup-client,lookup,2.145332999987204
lookup-client,lookup,1.6482080000059796
lookup-client,lookup,0.9308340000302451
lookup-client,lookup,1.1159160000033808
lookup-client,lookup,0.7914999999911743
lookup-client,lookup,0.9772919999591068
lookup-client,lookup,1.9017079999912312
lookup-client,lookup,0.9907080000175483
lookup-client,lookup,0.9131250000109503
lookup-client,lookup,0.5687079999461275
lookup-client,lookup,1.1928750000151922
lookup-client,lookup,0.6613340000285461
lookup-client,lookup,1.046333000033428
lookup-client,lookup,0.8785829999737871
lookup-client,lookup,1.0166249999770116
lookup-client,lookup,0.8152910000376323
lookup-client,lookup,1.0010409999949843
lookup-client,lookup,1.6325419999816404
lookup-client,lookup,0.7472089999964737
lookup-client,lookup,0.6132089999937307
lookup-client,lookup,0.8253330000229653
lookup-client,lookup,1.1012919999870974
lookup-client,lookup,0.7168330000126844
lookup-client,lookup,0.9972500000117179
lookup-client,lookup,1.1234579999950256
lookup-client,lookup,0.9315000000356122
lookup-client,lookup,1.1571249999633437
lookup-client,lookup,1.0899170000016056
lookup-client,lookup,0.4898750000279506
lookup-client,lookup,0.5993749999788633
lookup-client,lookup,1.900499999976546
lookup-client,lookup,1.0640830000170354
lookup-client,lookup,0.7702920000269842
lookup-client,lookup,0.7982079999919733
lookup-client,lookup,1.3494579999928646
lookup-client,lookup,1.0947499999929278
lookup-client,lookup,2.2895420000281774
lookup-client,lookup,0.8869999999774336
lookup-client,lookup,1.8938750000074833
lookup-client,lookup,0.8063749999678294
lookup-client,lookup,1.1993749999987813
lookup-client,lookup,0.9710420000033082
lookup-client,lookup,1.2227500000108193
lookup-client,lookup,1.1678750000214677
lookup-client,lookup,1.0528330000170172
lookup-client,lookup,1.3230829999884008
lookup-client,lookup,0.9479169999622172
lookup-client,lookup,1.6408750000209693
lookup-client,lookup,0.7007909999856565
lookup-client,lookup,0.7133750000321015
lookup-client,lookup,2.4242499999900247
lookup-client,lookup,0.7142499999872598
lookup-client,lookup,0.6933749999689098
lookup-client,lookup,1.0363330000018323
lookup-client,lookup,2.1704170000020895
lookup-client,lookup,0.9852090000208591
lookup-client,lookup,1.0982499999840911
lookup-client,lookup,1.4042079999967427
lookup-client,lookup,1.125041999955556
lookup-client,lookup,1.0604589999729797
lookup-client,lookup,1.1256669999966107
lookup-client,lookup,1.015875000007327
lookup-client,lookup,0.9257920000322883
lookup-client,lookup,0.8052499999848806
lookup-client,lookup,1.1513750000062828
lookup-client,lookup,1.344667000012123
lookup-client,lookup,0.9740000000419968
lookup-client,lookup,0.8847920000221166
lookup-client,lookup,0.8173329999863199
lookup-client,lookup,0.9254580000401802
lookup-client,lookup,0.9957080000049245
lookup-client,lookup,0.9257499999648644
lookup-client,lookup,1.0743750000301588
lookup-client,lookup,0.7575829999950656
lookup-client,lookup,1.5866249999589854
lookup-client,lookup,0.8066249999956199
lookup-client,lookup,0.9636249999971369
lookup-client,lookup,0.8815840000124808
lookup-client,lookup,1.5441249999526008
lookup-client,lookup,1.121375000025182
lookup-client,lookup,0.7618340000021817
lookup-client,lookup,0.9333749999882457
lookup-client,lookup,1.4906670000414124
lookup-client,lookup,1.3062090000062199
lookup-client,lookup,1.3091659999986405
lookup-client,lookup,1.453041999980087
lookup-client,lookup,1.0670419999883052
lookup-client,lookup,1.0947499999929278
lookup-client,lookup,0.9668339999961972
lookup-client,lookup,1.477708999971128
lookup-client,lookup,0.9293339999771888
lookup-client,lookup,0.848583999982111
lookup-client,lookup,0.8572500000241234
lookup-client,lookup,2.2278750000168657
lookup-client,lookup,1.2973339999575728
lookup-client,lookup,0.9487919999742189
lookup-client,lookup,0.8980829999813977
lookup-client,lookup,1.9985420000239174
lookup-client,lookup,0.8460829999989983
lookup-client,lookup,0.8792090000042663
lookup-client,lookup,0.876292000043577
lookup-client,lookup,1.3815419999900769
lookup-client,lookup,0.961458999995557
lookup-client,lookup,1.240208000012899
lookup-client,lookup,1.3367500000072141
lookup-client,lookup,1.0439170000040576
lookup-client,lookup,1.1999999999829924
lookup-client,lookup,1.7846670000380982
lookup-client,lookup,3.4433330000069873
lookup-client,lookup,1.332375000004049
lookup-client,lookup,0.9437909999974181
lookup-client,lookup,1.9771250000530927
lookup-client,lookup,0.9727920000273116
lookup-client,lookup,1.5330829999697926
lookup-client,lookup,1.1656249999987267
lookup-client,lookup,0.579209000022729
lookup-client,lookup,1.0243330000321293
lookup-client,lookup,1.1063329999956295
lookup-client,lookup,1.9235000000321634
lookup-client,lookup,0.7889590000331737
lookup-client,lookup,0.9548329999802263
lookup-client,lookup,1.3603749999901993
lookup-client,lookup,1.3093329999946945
lookup-client,lookup,1.1882910000053926
lookup-client,lookup,0.8912920000057056
lookup-client,lookup,1.1807500000031723
lookup-client,lookup,0.8521669999481674
lookup-client,lookup,1.2536250000039217
lookup-client,lookup,2.1450829999594134
lookup-client,lookup,0.8744160000446755
lookup-client,lookup,0.7584580000070673
lookup-client,lookup,1.189542000020083
lookup-client,lookup,0.8579999999938082
lookup-client,lookup,0.873832999957358
lookup-client,lookup,1.0462089999805357
lookup-client,lookup,0.8592500000190739
lookup-client,lookup,0.7575829999950656
lookup-client,lookup,0.9247090000030767
lookup-client,lookup,0.7827499999848442
lookup-client,lookup,0.675582999974722
lookup-client,lookup,1.0485420000350132
lookup-client,lookup,2.722790999996505
lookup-client,lookup,1.6906669999912083
lookup-client,lookup,1.8053340000392382
lookup-client,lookup,0.955417000000125
lookup-client,lookup,1.6386660000193842
lookup-client,lookup,1.129500000047301
lookup-client,lookup,0.8998750000159816
lookup-client,lookup,1.1976659999959338
lookup-client,lookup,1.0904590000109238
lookup-client,lookup,0.8151249999741594
lookup-client,lookup,1.1426249999999527
lookup-client,lookup,0.8415830000103597
lookup-client,lookup,1.093625000009979
lookup-client,lookup,0.7251249999740139
lookup-client,lookup,1.032791999989513
lookup-client,lookup,0.7617080000272836
lookup-client,lookup,1.23133400001052
lookup-client,lookup,1.0107499999776337
lookup-client,lookup,1.453916000002664
lookup-client,lookup,0.8155410000085794
lookup-client,lookup,1.0074159999930998
lookup-client,lookup,0.7281250000232831
lookup-client,lookup,1.0742909999521544
lookup-client,lookup,1.0425000000395812
lookup-client,lookup,0.7606249999980719
lookup-client,lookup,1.507666000009067
lookup-client,lookup,1.2450410000042211
lookup-client,lookup,0.8951660000207085
lookup-client,lookup,0.8068330000128299
lookup-client,lookup,0.8700000000203545
lookup-client,lookup,0.8487080000350034
lookup-client,lookup,1.0456669999712176
lookup-client,lookup,1.6538750000449909
lookup-client,lookup,0.875874999962889
lookup-client,lookup,1.0509170000432277
lookup-client,lookup,1.3212089999683485
lookup-client,lookup,0.5639589999759664
lookup-client,lookup,0.6387500000073487
lookup-client,lookup,0.8769579999921007
lookup-client,lookup,0.7522909999693184
lookup-client,lookup,0.6296660000089105
lookup-client,lookup,1.3182499999970787
lookup-client,lookup,0.8892920000107551
lookup-client,lookup,0.5557910000106858
lookup-client,lookup,0.6494160000443117
lookup-client,lookup,0.8793750000108957
lookup-client,lookup,0.9643749999668216
lookup-client,lookup,1.29604199997857
lookup-client,lookup,1.3119170000095437
lookup-client,lookup,1.2516670000195518
lookup-client,lookup,0.7258750000005421
lookup-client,lookup,1.5618750000498949
lookup-client,lookup,0.9968329999878733
lookup-client,lookup,0.786334000054012
lookup-client,lookup,1.1954579999837733
lookup-client,lookup,1.1432920000515878
lookup-client,lookup,1.12920800000893
lookup-client,lookup,1.0699999999701504
lookup-client,lookup,1.13074999995888
lookup-client,lookup,0.7053329999848756
lookup-client,lookup,0.8834170000113772
lookup-client,lookup,1.9292500000460677
lookup-client,lookup,0.9000829999763482
lookup-client,lookup,0.9467499999686879
lookup-client,lookup,1.5624999999772626
lookup-client,lookup,1.2224170000081358
lookup-client,lookup,0.7166249999954744
lookup-client,lookup,0.6366249999700813
lookup-client,lookup,0.9824169999887999
lookup-client,lookup,0.9918750000110776
lookup-client,lookup,1.6129580000097121
lookup-client,lookup,1.3033329999529997
lookup-client,lookup,1.154541000005338
lookup-client,lookup,0.7785000000239961
lookup-client,lookup,1.9815829999743073
lookup-client,lookup,1.0046669999610458
lookup-client,lookup,2.0728329999997186
lookup-client,lookup,1.256834000002982
lookup-client,lookup,1.1343339999712043
lookup-client,lookup,1.681665999967663
lookup-client,lookup,1.7306249999933243
lookup-client,lookup,0.9808330000282695
lookup-client,lookup,1.3867920000052436
lookup-client,lookup,1.325959000041621
lookup-client,lookup,1.4624579999917842
lookup-client,lookup,0.9366250000084619
lookup-client,lookup,0.8255829999939124
lookup-client,lookup,0.9784590000094795
lookup-client,lookup,0.6904169999870646
lookup-client,lookup,1.1163749999809625
lookup-client,lookup,1.8253329999993184
lookup-client,lookup,0.9714160000271477
lookup-client,lookup,2.2622080000473943
lookup-client,lookup,1.1299170000143022
lookup-client,lookup,0.7909170000175436
lookup-client,lookup,2.1892089999937525
lookup-client,lookup,1.5470829999912894
lookup-client,lookup,1.082917000019279
lookup-client,lookup,0.9563329999764392
lookup-client,lookup,1.2161250000417567
lookup-client,lookup,1.2830410000219672
lookup-client,lookup,1.1797909999700096
lookup-client,lookup,1.2810419999595979
lookup-client,lookup,0.7288330000392307
lookup-client,lookup,1.5053330000114329
lookup-client,lookup,1.4925410000046213
lookup-client,lookup,1.3504170000260274
lookup-client,lookup,0.9501659999955336
lookup-client,lookup,1.528916000040681
lookup-client,lookup,2.0323329999882844
lookup-client,lookup,0.8317499999748179
lookup-client,lookup,0.9760419999906844
lookup-client,lookup,0.8800420000056874
lookup-client,lookup,0.6837500000074215
lookup-client,lookup,1.2326250000000982
lookup-client,lookup,0.9377090000270982
lookup-client,lookup,0.7958749999943393
lookup-client,lookup,1.0889160000147058
lookup-client,lookup,1.438624999991589
lookup-client,lookup,3.2527080000477326
lookup-client,lookup,0.8262919999992846
lookup-client,lookup,0.9573750000413384
lookup-client,lookup,1.116124999953172
lookup-client,lookup,1.2412500000209548
lookup-client,lookup,0.765457999989394
lookup-client,lookup,1.225541999986035
lookup-client,lookup,1.568709000025592
lookup-client,lookup,0.8775830000331553
lookup-client,lookup,0.7041659999913463
lookup-client,lookup,2.800417000003108
lookup-client,lookup,1.1914160000401353
lookup-client,lookup,2.0477920000416816
lookup-client,lookup,0.9979999999814027
lookup-client,lookup,0.9169159999942167
lookup-client,lookup,1.0005420000425147
lookup-client,lookup,0.8166250000272157
lookup-client,lookup,0.6883339999603777
lookup-client,lookup,1.0989580000000387
lookup-client,lookup,0.9365419999767255
lookup-client,lookup,1.3824170000020786
lookup-client,lookup,0.9504169999559053
lookup-client,lookup,1.308624999978747
lookup-client,lookup,1.2592079999649286
lookup-client,lookup,0.8610829999611269
lookup-client,lookup,1.1662919999935184
lookup-client,lookup,1.2871249999761858
lookup-client,lookup,1.1008750000200962
lookup-client,lookup,1.7103749999591855
lookup-client,lookup,1.5902080000387286
lookup-client,lookup,1.0884999999802858
lookup-client,lookup,1.8875840000305288
lookup-client,lookup,1.0303330000169808
lookup-client,lookup,1.1086659999932635
lookup-client,lookup,0.9200840000289645
lookup-client,lookup,2.235624999968877
lookup-client,lookup,1.1419999999588981
lookup-client,lookup,0.7673750000094515
lookup-client,lookup,0.7145840000362114
lookup-client,lookup,0.6547080000132155
lookup-client,lookup,1.7239169999925252
lookup-client,lookup,0.9104580000212081
lookup-client,lookup,0.81558300001916
lookup-client,lookup,1.0067919999983133
lookup-client,lookup,0.9845829999903799
lookup-client,lookup,0.9950000000458203
lookup-client,lookup,1.52645800000073
lookup-client,lookup,1.04145900002095
lookup-client,lookup,0.7520419999877959
lookup-client,lookup,1.085332999991806
lookup-client,lookup,1.7692499999952815
lookup-client,lookup,1.0462919999554288
lookup-client,lookup,0.9371669999609367
lookup-client,lookup,0.9855420000235426
lookup-client,lookup,0.9281669999836595
lookup-client,lookup,0.9805839999899035
lookup-client,lookup,0.913874999980635
lookup-client,lookup,0.8795829999712623
lookup-client,lookup,0.8728749999704633
lookup-client,lookup,0.8999170000265622
lookup-client,lookup,0.9087920000183658
lookup-client,lookup,1.3837920000128179
lookup-client,lookup,0.7536669999694823
lookup-client,lookup,1.1083750000011605
lookup-client,lookup,0.7129580000082569
lookup-client,lookup,0.8564999999975953
lookup-client,lookup,0.9952500000167674
lookup-client,lookup,1.243915999964429
lookup-client,lookup,1.8858750000276814
lookup-client,lookup,1.7301659999588992
lookup-client,lookup,1.1629580000089845
lookup-client,lookup,2.141166000001249
lookup-client,lookup,0.9194169999773294
lookup-client,lookup,1.4906659999951444
lookup-client,lookup,1.3133329999845955
lookup-client,lookup,0.9249999999951797
lookup-client,lookup,1.610542000037185
lookup-client,lookup,0.957749999997759
lookup-client,lookup,1.1427919999960068
lookup-client,lookup,0.7542079999893758
lookup-client,lookup,1.1305409999522453
lookup-client,lookup,1.348667000002024
lookup-client,lookup,0.5593750000230102
lookup-client,lookup,0.890666999964651
lookup-client,lookup,1.082707999955801
lookup-client,lookup,1.5155840000034004
lookup-client,lookup,1.357208999991144
lookup-client,lookup,0.8975000000077671
lookup-client,lookup,1.3475830000402311
lookup-client,lookup,1.319332999969447
lookup-client,lookup,0.8299999999508145
lookup-client,lookup,1.1556669999777114
lookup-client,lookup,0.765750000027765
lookup-client,lookup,1.0823750000099608
lookup-client,lookup,1.2285420000353042
lookup-client,lookup,0.7457079999539928
lookup-client,lookup,0.727832999984912
lookup-client,lookup,0.853375000019696
lookup-client,lookup,1.2828749999584943
lookup-client,lookup,1.0686250000162545
lookup-client,lookup,0.9017919999791957
lookup-client,lookup,1.7968340000038552
lookup-client,lookup,1.557999999988624
lookup-client,lookup,1.6295830000103706
lookup-client,lookup,0.9891670000001795
lookup-client,lookup,0.7059999999796673
lookup-client,lookup,1.1354160000109914
lookup-client,lookup,1.4425410000171723
lookup-client,lookup,1.394875000016782
lookup-client,lookup,1.0728749999771026
lookup-client,lookup,0.8812910000415286
lookup-client,lookup,0.8077079999679881
lookup-client,lookup,1.806249999958709
lookup-client,lookup,1.5355410000097436
lookup-client,lookup,0.9404169999811529
lookup-client,lookup,1.02470799998855
lookup-client,lookup,2.2809579999716334
lookup-client,lookup,1.6534169999999904
lookup-client,lookup,1.1789590000148564
lookup-client,lookup,1.0906250000175532
lookup-client,lookup,2.654417000030662
lookup-client,lookup,1.0302500000420878
lookup-client,lookup,0.692041999968751
lookup-client,lookup,0.9228330000041751
lookup-client,lookup,0.7400829999824055
lookup-client,lookup,0.8448329999737325
lookup-client,lookup,1.7672920000109116
lookup-client,lookup,0.9384169999862024
lookup-client,lookup,1.0683329999778834
lookup-client,lookup,0.6359170000109771
lookup-client,lookup,1.7935000000193213
lookup-client,lookup,0.764958999980081
lookup-client,lookup,0.7165830000417373
lookup-client,lookup,1.2739169999917976
lookup-client,lookup,1.2102499999855354
lookup-client,lookup,0.6663330000264978
lookup-client,lookup,1.4566670000135673
lookup-client,lookup,2.009999999984302
lookup-client,lookup,0.951208999993014
lookup-client,lookup,0.8337090000054559
lookup-client,lookup,0.8140420000017912
lookup-client,lookup,1.5024999999582178
lookup-client,lookup,1.1751249999747415
lookup-client,lookup,0.9607089999690288
lookup-client,lookup,1.210209000021223
lookup-client,lookup,1.1197910000078082
lookup-client,lookup,2.494958999989194
lookup-client,lookup,1.1350830000083079
lookup-client,lookup,0.9698750000097789
lookup-client,lookup,0.852791999989222
lookup-client,lookup,1.4217919999737205
lookup-client,lookup,1.037583000027098
lookup-client,lookup,0.85550000000012
lookup-client,lookup,0.7705839999516684
lookup-client,lookup,0.7223340000450662
lookup-client,lookup,0.8367079999516136
lookup-client,lookup,1.038957999980994
lookup-client,lookup,1.0530420000236518
lookup-client,lookup,1.3287080000168316
lookup-client,lookup,0.8446670000239465
lookup-client,lookup,0.7489590000204771
lookup-client,lookup,2.0889169999804835
lookup-client,lookup,2.460416999952031
lookup-client,lookup,1.4798340000083954
lookup-client,lookup,1.1704590000363169
lookup-client,lookup,0.8744169999772566
lookup-client,lookup,1.1458749999633255
lookup-client,lookup,1.0812909999913245
lookup-client,lookup,0.7141250000017862
lookup-client,lookup,2.9845419999787737
lookup-client,lookup,0.9797079999884772
lookup-client,lookup,1.3405420000367485
lookup-client,lookup,0.8619579999731286
lookup-client,lookup,0.7957500000088658
lookup-client,lookup,0.8229169999935948
lookup-client,lookup,0.7434579999880953
lookup-client,lookup,1.0709169999927326
lookup-client,lookup,1.1144169999965925
lookup-client,lookup,1.6986669999710102
lookup-client,lookup,0.9378749999768843
lookup-client,lookup,0.8972499999799766
lookup-client,lookup,2.2323750000055043
lookup-client,lookup,1.1561249999658685
lookup-client,lookup,1.5308339999933196
lookup-client,lookup,1.2284590000035678
lookup-client,lookup,1.2186659999997573
lookup-client,lookup,0.8861249999654319
lookup-client,lookup,1.018375000001015
lookup-client,lookup,3.2058329999813395
lookup-client,lookup,2.5824170000419144
lookup-client,lookup,1.2184160000288102
lookup-client,lookup,1.7384579999770722
lookup-client,lookup,1.012291999984427
lookup-client,lookup,0.6103340000436219
lookup-client,lookup,1.1577910000255542
lookup-client,lookup,0.8667909999644507
lookup-client,lookup,1.1150839999913842
lookup-client,lookup,0.9082500000090477
lookup-client,lookup,1.0319579999986672
lookup-client,lookup,1.3275829999770394
lookup-client,lookup,0.7126250000055734
lookup-client,lookup,1.1512919999745463
lookup-client,lookup,1.5489169999796104
lookup-client,lookup,0.9365420000335689
lookup-client,lookup,0.7810840000388453
lookup-client,lookup,1.089833000037288
lookup-client,lookup,0.9631249999983993
lookup-client,lookup,1.17950000003475
lookup-client,lookup,1.2874999999894499
lookup-client,lookup,0.8149579999781054
lookup-client,lookup,1.2339170000359445
lookup-client,lookup,1.8335410000531738
lookup-client,lookup,0.7837919999929
lookup-client,lookup,0.99116699999513
lookup-client,lookup,1.6449999999963438
lookup-client,lookup,0.9175829999890084
lookup-client,lookup,1.1733750000075815
lookup-client,lookup,1.294749999999567
lookup-client,lookup,1.075375000027634
lookup-client,lookup,1.0525000000143336
lookup-client,lookup,0.6799589999673117
lookup-client,lookup,0.9812499999952706
lookup-client,lookup,1.1426669999536898
lookup-client,lookup,1.5690829999925882
lookup-client,lookup,0.9130420000360573
lookup-client,lookup,0.7302500000037071
lookup-client,lookup,0.8119169999645237
lookup-client,lookup,0.8601669999848127
lookup-client,lookup,1.248624999959702
lookup-client,lookup,1.6069170000037047
lookup-client,lookup,0.7784160000028351
lookup-client,lookup,0.9225000000014916
lookup-client,lookup,0.5376249999926586
lookup-client,lookup,1.9059159999983422
lookup-client,lookup,2.1056660000340344
lookup-client,lookup,1.1513329999957023
lookup-client,lookup,1.0252090000335556
lookup-client,lookup,2.1818750000193177
lookup-client,lookup,1.217082999971808
lookup-client,lookup,1.1532080000051792
lookup-client,lookup,0.8346669999923506
lookup-client,lookup,1.5293750000182627
lookup-client,lookup,1.1058329999968919
lookup-client,lookup,0.6870000000276377
lookup-client,lookup,1.214833999995335
lookup-client,lookup,1.162625000006301
lookup-client,lookup,1.4909170000123595
lookup-client,lookup,0.9756659999879957
lookup-client,lookup,3.2696250000299187
lookup-client,lookup,1.2982089999695745
lookup-client,lookup,1.1556250000239743
lookup-client,lookup,0.9143749999793727
lookup-client,lookup,1.2179999999943902
lookup-client,lookup,1.488750000021355
lookup-client,lookup,1.844082999980401
lookup-client,lookup,0.7119580000107817
lookup-client,lookup,0.9104999999749452
lookup-client,lookup,0.6585829999607995
lookup-client,lookup,0.8597500000178115
lookup-client,lookup,0.8981249999919783
lookup-client,lookup,0.47629099998403035
lookup-client,lookup,0.7818330000191054
lookup-client,lookup,1.1493330000007518
lookup-client,lookup,1.4371670000059567
lookup-client,lookup,1.0703750000402579
lookup-client,lookup,1.0868749999985994
lookup-client,lookup,1.0281250000048203
lookup-client,lookup,0.8431659999814656
lookup-client,lookup,1.2388329999453163
lookup-client,lookup,0.7842500000379005
lookup-client,lookup,1.3103330000490132
lookup-client,lookup,1.7567919999805781
lookup-client,lookup,1.33604200004811
lookup-client,lookup,0.9185420000221711
lookup-client,lookup,0.8271660000218617
lookup-client,lookup,0.7915829999660673
lookup-client,lookup,0.8172920000220074
lookup-client,lookup,1.4746660000355405
lookup-client,lookup,0.9652909999999792
lookup-client,lookup,1.026541999976871
lookup-client,lookup,0.8479999999622123
lookup-client,lookup,1.4541250000092987
lookup-client,lookup,1.0633750000010878
lookup-client,lookup,2.091250000034961
lookup-client,lookup,0.8182919999626392
lookup-client,lookup,0.8074169999758851
lookup-client,lookup,0.8918750000361797
lookup-client,lookup,1.5314170000237937
lookup-client,lookup,1.1624589999996715
lookup-client,lookup,0.9177080000313254
lookup-client,lookup,0.7092499999998836
lookup-client,lookup,1.108041999998477
lookup-client,lookup,0.8559169999671212
lookup-client,lookup,0.6780420000040976
lookup-client,lookup,0.7118749999790452
lookup-client,lookup,0.9949169999572405
lookup-client,lookup,1.07695799999874
lookup-client,lookup,1.016916000025958
lookup-client,lookup,1.6538749999881475
lookup-client,lookup,1.806917000010344
lookup-client,lookup,1.5247919999978876
lookup-client,lookup,1.41145800000686
lookup-client,lookup,1.9396249999772408
lookup-client,lookup,0.767415999973764
lookup-client,lookup,0.8906659999752264
lookup-client,lookup,1.40754200003812
lookup-client,lookup,0.9903330000042843
lookup-client,lookup,0.6718750000231921
lookup-client,lookup,0.9511659999930089
lookup-client,lookup,1.0490829999980633
lookup-client,lookup,1.5891670000200975
lookup-client,lookup,2.077250000013464
lookup-client,lookup,1.8769579999684538
lookup-client,lookup,0.8814160000270022
lookup-client,lookup,0.9893339999962336
lookup-client,lookup,0.997707999999875
lookup-client,lookup,0.7602500000416512
lookup-client,lookup,1.139792000003581
lookup-client,lookup,1.0321249999947213
lookup-client,lookup,0.8055829999875641
lookup-client,lookup,1.0132080000175847
lookup-client,lookup,0.6389580000245587
lookup-client,lookup,1.7281249999996362
lookup-client,lookup,0.8354999999937718
lookup-client,lookup,0.6985830000303395
lookup-client,lookup,0.8746670000050472
lookup-client,lookup,1.0732499999903666
lookup-client,lookup,1.2245839999991404
lookup-client,lookup,7.635041000014553
lookup-client,lookup,1.6036669999834885
lookup-client,lookup,1.158375000045453
lookup-client,lookup,0.767499999994925
lookup-client,lookup,1.0273749999782922
lookup-client,lookup,0.9049579999782509
lookup-client,lookup,0.8920839999859709
lookup-client,lookup,1.2157919999822298
lookup-client,lookup,1.1795409999990625
lookup-client,lookup,0.9099579999656271
lookup-client,lookup,1.1851250000063374
lookup-client,lookup,1.3049169999703736
lookup-client,lookup,1.5741670000011254
lookup-client,lookup,2.4319589999777236
lookup-client,lookup,0.8750000000077307
lookup-client,lookup,0.8912920000057056
lookup-client,lookup,1.2722920000101112
lookup-client,lookup,0.8124170000201048
lookup-client,lookup,0.9358749999819338
lookup-client,lookup,0.771499999984826
lookup-client,lookup,0.9188340000036987
lookup-client,lookup,1.0904160000109187
lookup-client,lookup,0.7952909999744406
lookup-client,lookup,2.2195419999775368
lookup-client,lookup,1.0105000000066866
lookup-client,lookup,0.959790999957022
lookup-client,lookup,0.6826250000244727
lookup-client,lookup,0.7953749999956017
lookup-client,lookup,2.0751669999867772
lookup-client,lookup,0.9870419999629121
lookup-client,lookup,0.9897079999632297
lookup-client,lookup,0.8062079999717753
lookup-client,lookup,1.5240000000176224
lookup-client,lookup,1.428374999989046
lookup-client,lookup,1.2698340000270036
lookup-client,lookup,1.4310829999999441
lookup-client,lookup,1.0562919999870246
lookup-client,lookup,0.7767499999999927
lookup-client,lookup,1.3529160000302909
lookup-client,lookup,0.7225830000265887
lookup-client,lookup,1.0661659999868789
lookup-client,lookup,1.0259160000032352
lookup-client,lookup,0.9151659999702133
lookup-client,lookup,0.9760829999549969
lookup-client,lookup,1.2662909999789917
lookup-client,lookup,0.8885410000516458
lookup-client,lookup,0.7952500000101281
lookup-client,lookup,1.9166250000353102
lookup-client,lookup,1.1505830000260175
lookup-client,lookup,0.8147919999714759
lookup-client,lookup,3.983791999985442
lookup-client,lookup,1.8523340000342614
lookup-client,lookup,1.556166000000303
lookup-client,lookup,0.9402919999956794
lookup-client,lookup,0.9050830000205679
lookup-client,lookup,0.8100000000013097
lookup-client,lookup,2.107084000044779
lookup-client,lookup,0.8085830000368333
lookup-client,lookup,2.3319160000028205
lookup-client,lookup,0.9242499999686515
lookup-client,lookup,0.8996669999987716
lookup-client,lookup,1.4303749999839965
lookup-client,lookup,0.8014169999910337
lookup-client,lookup,1.037375000009888
lookup-client,lookup,0.855415999978959
lookup-client,lookup,1.779542000008405
lookup-client,lookup,1.5342909999844778
lookup-client,lookup,1.952875000029053
lookup-client,lookup,1.022374999990916
lookup-client,lookup,1.3809580000270216
lookup-client,lookup,1.6109999999684987
lookup-client,lookup,0.8517499999811662
lookup-client,lookup,0.7118749999790452
lookup-client,lookup,1.0790420000148515
lookup-client,lookup,0.7846670000049016
lookup-client,lookup,1.3159590000100252
lookup-client,lookup,0.7620420000193917
lookup-client,lookup,0.8955829999877096
lookup-client,lookup,0.8054580000020906
lookup-client,lookup,1.2241659999858712
lookup-client,lookup,1.3946249999889915
lookup-client,lookup,0.9686249999845131
lookup-client,lookup,1.6213749999565152
lookup-client,lookup,1.2497499999994943
lookup-client,lookup,1.3665839999816853
lookup-client,lookup,0.9271250000324471
lookup-client,lookup,1.394500000003518
lookup-client,lookup,0.9484580000389542
lookup-client,lookup,0.8025000000202454
lookup-client,lookup,1.7698749999794927
lookup-client,lookup,1.112417000001642
lookup-client,lookup,0.9821659999715848
lookup-client,lookup,1.0472079999885864
lookup-client,lookup,1.3864169999919795
lookup-client,lookup,1.1200000000144428
lookup-client,lookup,1.6505829999573507
lookup-client,lookup,0.9467919999792684
lookup-client,lookup,0.5663329999947564
lookup-client,lookup,0.9499579999783236
lookup-client,lookup,1.474042000040754
lookup-client,lookup,1.160624999954507
lookup-client,lookup,2.5897499999700813
lookup-client,lookup,1.6228750000095715
lookup-client,lookup,2.295542000013029
lookup-client,lookup,1.130875000001197
lookup-client,lookup,0.9739590000208409
lookup-client,lookup,1.503750000040327
lookup-client,lookup,1.4329159999988406
lookup-client,lookup,1.90962499999614
lookup-client,lookup,0.9547920000159138
lookup-client,lookup,0.8761249999906795
lookup-client,lookup,1.7389170000114973
lookup-client,lookup,1.852583999948365
lookup-client,lookup,1.1887089999618183
lookup-client,lookup,1.0935419999782425
lookup-client,lookup,1.9178750000037326
lookup-client,lookup,0.8552919999829101
lookup-client,lookup,0.7870830000342721
lookup-client,lookup,0.8716670000126214
lookup-client,lookup,0.7863750000183245
lookup-client,lookup,1.4482079999993402
lookup-client,lookup,1.062625000031403
lookup-client,lookup,0.9582499999964966
lookup-client,lookup,1.0530409999773838
lookup-client,lookup,0.7409159999838266
lookup-client,lookup,0.7682500000214532
lookup-client,lookup,1.3522500000249238
lookup-client,lookup,1.4621670000565246
lookup-client,lookup,1.1772080000014284
lookup-client,lookup,1.0490829999980633
lookup-client,lookup,0.6205409999893163
lookup-client,lookup,1.5021250000017972
lookup-client,lookup,0.769750000017666
lookup-client,lookup,1.1650829999894086
lookup-client,lookup,1.0942500000510336
lookup-client,lookup,1.1864169999853402
lookup-client,lookup,1.2157080000179121
lookup-client,lookup,1.0940420000338236
lookup-client,lookup,0.9306250000236105
lookup-client,lookup,1.2138750000190157
lookup-client,lookup,0.8250829999951748
lookup-client,lookup,0.6569999999896936
lookup-client,lookup,1.014750000024378
lookup-client,lookup,1.0745830000473688
lookup-client,lookup,1.1472919999846454
lookup-client,lookup,1.2438750000001164
lookup-client,lookup,1.6346660000294833
lookup-client,lookup,1.0650419999933547
lookup-client,lookup,0.9746659999905205
lookup-client,lookup,1.1704159999794683
lookup-client,lookup,1.0660000000370928
lookup-client,lookup,0.910000000033051
lookup-client,lookup,0.6052500000350847
lookup-client,lookup,1.311167000039859
lookup-client,lookup,1.3287090000062562
lookup-client,lookup,0.8723749999717256
lookup-client,lookup,0.9392499999876236
lookup-client,lookup,0.771833000044353
lookup-client,lookup,0.9796249999567408
lookup-client,lookup,0.8391669999809892
lookup-client,lookup,0.8382920000258309
lookup-client,lookup,1.3200839999853997
lookup-client,lookup,0.899290999996083
lookup-client,lookup,0.7987500000012915
lookup-client,lookup,1.1334580000266214
lookup-client,lookup,1.0025000000268847
lookup-client,lookup,1.2304169999879377
lookup-client,lookup,1.6802089999714553
lookup-client,lookup,1.2742090000301687
lookup-client,lookup,1.3000409999790463
lookup-client,lookup,0.9012499999698775
lookup-client,lookup,1.0360829999740417
lookup-client,lookup,1.0534580000012284
lookup-client,lookup,1.1323749999974098
lookup-client,lookup,0.9956669999837686
lookup-client,lookup,0.9129999999686333
lookup-client,lookup,0.9665829999789821
lookup-client,lookup,1.1552920000212907
lookup-client,lookup,1.272959000004903
lookup-client,lookup,1.2868750000052387
lookup-client,lookup,0.8221250000133296
lookup-client,lookup,0.685541999985162
lookup-client,lookup,0.8053340000060416
lookup-client,lookup,1.2155420000112827
lookup-client,lookup,1.1528750000024957
lookup-client,lookup,0.6001250000053915
lookup-client,lookup,0.8585420000031263
lookup-client,lookup,1.2497909999638068
lookup-client,lookup,0.7180000000062137
lookup-client,lookup,1.217583000027389
lookup-client,lookup,1.4301250000130494
lookup-client,lookup,1.3476249999939682
lookup-client,lookup,1.1954579999837733
lookup-client,lookup,0.7029170000123486
lookup-client,lookup,0.76116700000739
lookup-client,lookup,1.3326670000424201
lookup-client,lookup,2.3618750000196087
lookup-client,lookup,1.7842089999930977
lookup-client,lookup,1.430083000002469
lookup-client,lookup,1.1881659999630756
lookup-client,lookup,0.9610419999717124
lookup-client,lookup,1.4457080000056521
lookup-client,lookup,1.0860840000077587
lookup-client,lookup,1.1490839999623859
lookup-client,lookup,1.9147500000258333
lookup-client,lookup,0.8929579999517046
lookup-client,lookup,0.5983750000382315
lookup-client,lookup,3.7804159999836884
lookup-client,lookup,1.9750000000158252
lookup-client,lookup,0.9879590000423377
lookup-client,lookup,0.9799160000056872
lookup-client,lookup,1.473708999981227
lookup-client,lookup,1.0927499999979773
lookup-client,lookup,1.164958000003935
lookup-client,lookup,0.7512500000075306
lookup-client,lookup,0.9798749999845313
lookup-client,lookup,1.1066669999877377
lookup-client,lookup,1.0672089999843593
lookup-client,lookup,1.4688750000004802
lookup-client,lookup,0.8891250000147011
lookup-client,lookup,1.2057079999863163
lookup-client,lookup,0.7553340000185926
lookup-client,lookup,1.1880000000132895
lookup-client,lookup,0.8853749999957472
lookup-client,lookup,0.8209580000198002
lookup-client,lookup,1.0388330000523638
lookup-client,lookup,1.1196250000011787
lookup-client,lookup,1.3014580000003662
lookup-client,lookup,1.022832999979073
lookup-client,lookup,0.7349159999989752
lookup-client,lookup,1.1278750000087712
lookup-client,lookup,1.8770829999539274
lookup-client,lookup,1.1489999999980682
lookup-client,lookup,1.3035000000058972
lookup-client,lookup,1.1313330000461974
lookup-client,lookup,1.3751250000382242
lookup-client,lookup,0.7237499999632746
lookup-client,lookup,0.9020840000175667
lookup-client,lookup,1.2377079999623675
lookup-client,lookup,1.8877910000014708
lookup-client,lookup,1.1230000000068685
lookup-client,lookup,1.7180410000037227
lookup-client,lookup,0.8835839999505879
lookup-client,lookup,1.313791000029596
lookup-client,lookup,2.0284999999944375
lookup-client,lookup,0.805333000016617
lookup-client,lookup,1.2578340000004573
lookup-client,lookup,1.070249999997941
lookup-client,lookup,0.6333750000067084
lookup-client,lookup,0.9799160000056872
lookup-client,lookup,0.7889589999763302
lookup-client,lookup,0.9631669999521364
lookup-client,lookup,1.1115000000359032
lookup-client,lookup,2.964707999979055
lookup-client,lookup,0.918000000012853
lookup-client,lookup,1.248207999992701
lookup-client,lookup,1.369457999999213
lookup-client,lookup,1.4550420000318809
lookup-client,lookup,1.3473330000124406
lookup-client,lookup,1.1925829999768212
lookup-client,lookup,0.863707999997132
lookup-client,lookup,1.7491670000140402
lookup-client,lookup,2.1399160000328266
lookup-client,lookup,0.9231669999962833
lookup-client,lookup,0.6812919999674705
lookup-client,lookup,0.9167080000338501
lookup-client,lookup,1.0880419999921287
lookup-client,lookup,1.2440419999961705
lookup-client,lookup,0.8620830000154456
lookup-client,lookup,0.9862079999720663
lookup-client,lookup,1.1904159999858166
lookup-client,lookup,0.9255409999582298
lookup-client,lookup,1.0023749999845677
lookup-client,lookup,1.461249999977099
lookup-client,lookup,0.9985419999907208
lookup-client,lookup,1.032624999993459
lookup-client,lookup,1.097917000038251
lookup-client,lookup,0.8486250000032669
lookup-client,lookup,0.9002080000186652
lookup-client,lookup,1.2287499999956708
lookup-client,lookup,0.8430419999854166
lookup-client,lookup,1.9647089999921263
lookup-client,lookup,1.6480410000099255
lookup-client,lookup,2.099332999989656
lookup-client,lookup,0.8976249999932406
lookup-client,lookup,0.8542919999854348
lookup-client,lookup,0.8329579999895032
lookup-client,lookup,1.4739580000195929
lookup-client,lookup,2.765207999971153
lookup-client,lookup,1.513749999958236
lookup-client,lookup,0.982792000002064
lookup-client,lookup,0.790291999976489
lookup-client,lookup,1.4057079999929556
lookup-client,lookup,1.1384169999928417
lookup-client,lookup,0.9790830000042661
lookup-client,lookup,1.9703340000205571
lookup-client,lookup,1.1747080000077403
lookup-client,lookup,2.0210420000239537
lookup-client,lookup,1.118582999993123
lookup-client,lookup,1.0733340000115277
lookup-client,lookup,1.1361670000269442
lookup-client,lookup,1.6526659999840376
lookup-client,lookup,1.3371670000310587
lookup-client,lookup,1.275665999969533
lookup-client,lookup,1.1592090000362987
lookup-client,lookup,1.4252089999899908
lookup-client,lookup,5.6815419999907135
lookup-client,lookup,92.65662500001781
lookup-client,lookup,4.705124999986765
lookup-client,lookup,1.5305000000012114
lookup-client,lookup,1.1414159999958429
lookup-client,lookup,2.917582999998558
lookup-client,lookup,0.441416000001027
lookup-client,lookup,1.4502500000048713
lookup-client,lookup,2.200208000033399
lookup-client,lookup,1.744041999984347
lookup-client,lookup,0.9405840000340504
lookup-client,lookup,0.8221670000239101
lookup-client,lookup,1.5457499999911306
lookup-client,lookup,0.9417499999813117
lookup-client,lookup,2.0385419999797705
lookup-client,lookup,1.434249999988424
lookup-client,lookup,1.3004160000491538
lookup-client,lookup,1.6007499999659558
lookup-client,lookup,2.4362080000059905
lookup-client,lookup,1.929875000030279
lookup-client,lookup,1.0723330000246278
lookup-client,lookup,0.8073329999547241
lookup-client,lookup,0.7532079999919006
lookup-client,lookup,0.568874999999025
lookup-client,lookup,1.4999590000002172
lookup-client,lookup,1.309249999962958
lookup-client,lookup,1.0170420000008562
lookup-client,lookup,1.2032920000137892
lookup-client,lookup,1.631500000030428
lookup-client,lookup,1.6206249999868305
lookup-client,lookup,1.1717919999796322
lookup-client,lookup,1.0142919999793776
lookup-client,lookup,1.195916999961355
lookup-client,lookup,0.6190420000393715
lookup-client,lookup,6.974167000009857
lookup-client,lookup,1.0654999999815118
lookup-client,lookup,2.2879999999645406
lookup-client,lookup,1.3221250000015061
lookup-client,lookup,1.4528330000302958
lookup-client,lookup,0.8344589999751406
lookup-client,lookup,1.8191660000184129
lookup-client,lookup,1.0276250000060827
lookup-client,lookup,1.3381250000179534
lookup-client,lookup,0.8410840000010467
lookup-client,lookup,1.361415999951987
lookup-client,lookup,0.6112500000199361
lookup-client,lookup,1.145582999981798
lookup-client,lookup,1.237291999984791
lookup-client,lookup,0.9938750000060281
lookup-client,lookup,0.5796670000108861
lookup-client,lookup,0.7957499999520223
lookup-client,lookup,0.9915410000189695
lookup-client,lookup,0.9726669999849946
lookup-client,lookup,0.7670420000067679
lookup-client,lookup,1.3230829999884008
lookup-client,lookup,0.867707999987033
lookup-client,lookup,2.116457999989052
lookup-client,lookup,0.9602079999808666
lookup-client,lookup,0.8547919999841724
lookup-client,lookup,1.9976250000013351
lookup-client,lookup,0.943042000017158
lookup-client,lookup,1.106166999989
lookup-client,lookup,1.5001670000174272
lookup-client,lookup,0.6141659999912008
lookup-client,lookup,0.7991669999682927
lookup-client,lookup,0.7150000000137879
lookup-client,lookup,1.4600000000086766
lookup-client,lookup,1.2119169999778023
lookup-client,lookup,1.062042000000929
lookup-client,lookup,0.8759169999734695
lookup-client,lookup,1.0293329999626621
lookup-client,lookup,0.9309999999800311
lookup-client,lookup,1.5528329999483503
lookup-client,lookup,0.9857919999944897
lookup-client,lookup,0.6326669999907608
lookup-client,lookup,1.185917000043446
lookup-client,lookup,0.8734999999546744
lookup-client,lookup,1.4207909999868207
lookup-client,lookup,0.9437090000119497
lookup-client,lookup,0.6768339999894124
lookup-client,lookup,0.8774590000371063
lookup-client,lookup,1.087374999997337
lookup-client,lookup,2.2134590000177923
lookup-client,lookup,0.6623750000471773
lookup-client,lookup,0.7975839999971868
lookup-client,lookup,0.7782079999856251
lookup-client,lookup,0.9277089999955024
lookup-client,lookup,1.1734579999824746
lookup-client,lookup,1.4167079999651833
lookup-client,lookup,1.1448749999658503
lookup-client,lookup,1.1361249999595202
lookup-client,lookup,1.4464170000110244
lookup-client,lookup,1.6740830000117057
lookup-client,lookup,0.8759159999840449
lookup-client,lookup,0.8334159999776602
lookup-client,lookup,0.6755830000315655
lookup-client,lookup,1.018667000039386
lookup-client,lookup,0.9759999999801039
lookup-client,lookup,1.570667000009962
lookup-client,lookup,1.5693329999635353
lookup-client,lookup,0.945000000001528
lookup-client,lookup,0.9880000000066502
lookup-client,lookup,0.7090830000038295
lookup-client,lookup,0.6072499999731917
lookup-client,lookup,1.6449999999963438
lookup-client,lookup,0.817625000024691
lookup-client,lookup,1.5463340000110293
lookup-client,lookup,1.3693750000243199
lookup-client,lookup,1.729833000013059
lookup-client,lookup,1.1445000000094296
lookup-client,lookup,0.8138340000414246
lookup-client,lookup,0.8945419999690785
lookup-client,lookup,0.9538749999933316
lookup-client,lookup,1.145749999977852
lookup-client,lookup,0.9428750000211039
lookup-client,lookup,0.8126660000016273
lookup-client,lookup,1.3552500000173495
lookup-client,lookup,0.7824580000033166
lookup-client,lookup,2.22345800000312
lookup-client,lookup,0.9213749999616994
lookup-client,lookup,0.9478329999978996
lookup-client,lookup,1.0700000000269938
lookup-client,lookup,0.7172910000008414
lookup-client,lookup,2.185999999994692
lookup-client,lookup,1.0487910000165357
lookup-client,lookup,1.1012499999765168
lookup-client,lookup,0.9107500000027358
lookup-client,lookup,1.5525419999562473
lookup-client,lookup,1.907374999973399
lookup-client,lookup,1.2392499999691609
lookup-client,lookup,1.214291999986017
