client,method,latency(ms)
trade-client,trade,6.860415999994984
trade-client,trade,0.5340000000160217
trade-client,trade,0.35879199998589684
trade-client,trade,0.44879199998604236
trade-client,trade,0.4186250000088876
trade-client,trade,0.44579199999361663
trade-client,trade,0.32629200001110803
trade-client,trade,0.3467500000056134
trade-client,trade,0.38137499996082624
trade-client,trade,0.4739170000220838
trade-client,trade,0.5824579999966772
trade-client,trade,0.36758400000280744
trade-client,trade,0.44879199998604236
trade-client,trade,0.3821660000085103
trade-client,trade,0.309332999961498
trade-client,trade,0.3540419999694677
trade-client,trade,0.2913330000069436
trade-client,trade,0.4520409999599906
trade-client,trade,0.4752080000116621
trade-client,trade,0.5562499999882675
trade-client,trade,0.5984580000131245
trade-client,trade,0.3983749999747488
trade-client,trade,0.44791699997404066
trade-client,trade,0.41049999998676867
trade-client,trade,0.4446250000000873
trade-client,trade,0.37595899999587346
trade-client,trade,0.42958299997053473
trade-client,trade,0.3925409999965268
trade-client,trade,0.3407080000101814
trade-client,trade,0.45462499997483974
trade-client,trade,0.5287080000471178
trade-client,trade,0.4114590000199314
trade-client,trade,0.5215410000118936
trade-client,trade,0.5756250000104046
trade-client,trade,1.1466249999898537
trade-client,trade,2.094208000016806
trade-client,trade,0.9882500000344407
trade-client,trade,0.7348750000346627
trade-client,trade,1.0066670000128397
trade-client,trade,0.6679580000081842
trade-client,trade,1.4915830000177266
trade-client,trade,0.7194159999812655
trade-client,trade,1.3572500000123
trade-client,trade,1.0702079999873604
trade-client,trade,1.7767079999657653
trade-client,trade,2.7817919999506557
trade-client,trade,0.8350829999699272
trade-client,trade,1.24204200000122
trade-client,trade,0.43454199999359844
trade-client,trade,0.5616660000100637
trade-client,trade,0.5797090000214666
trade-client,trade,1.0738330000208407
trade-client,trade,0.8527080000249043
trade-client,trade,0.9701660000018819
trade-client,trade,0.5031249999660758
trade-client,trade,0.9112079999908929
trade-client,trade,1.0526670000103877
trade-client,trade,2.168666000045505
trade-client,trade,1.1727090000022145
trade-client,trade,1.4832919999889782
trade-client,trade,0.8039580000058777
trade-client,trade,0.6857910000235279
trade-client,trade,0.7772499999987303
trade-client,trade,1.099875000022621
trade-client,trade,1.337458999955743
trade-client,trade,3.837625000016942
trade-client,trade,1.8338749999884385
trade-client,trade,3.2017089999953896
trade-client,trade,1.9894580000254791
trade-client,trade,1.152292000028865
trade-client,trade,0.9719590000258904
trade-client,trade,0.8102500000291002
trade-client,trade,0.7942500000126529
trade-client,trade,1.3368749999926877
trade-client,trade,0.9590839999873424
trade-client,trade,0.781832999962262
trade-client,trade,1.6195830000356182
trade-client,trade,1.2274590000060925
trade-client,trade,1.3945420000140984
trade-client,trade,0.960291000012603
trade-client,trade,0.5382499999768697
trade-client,trade,0.40770800001155294
trade-client,trade,0.8544169999709084
trade-client,trade,5.28954200001408
trade-client,trade,0.5720000000337677
trade-client,trade,0.892667000016445
trade-client,trade,0.8862500000077489
trade-client,trade,0.8302090000142925
trade-client,trade,0.923833999991075
trade-client,trade,1.1120830000095339
trade-client,trade,0.7470420000004196
trade-client,trade,0.8677919999513506
trade-client,trade,1.0111660000120537
trade-client,trade,1.562082999953418
trade-client,trade,3.0289160000052107
trade-client,trade,1.5004580000095302
trade-client,trade,1.429874999985259
trade-client,trade,0.937000000021726
trade-client,trade,0.6583330000466958
trade-client,trade,1.5366249999715365
trade-client,trade,1.9189999999866814
trade-client,trade,0.6563339999843265
trade-client,trade,0.5811669999502556
trade-client,trade,1.428665999981149
trade-client,trade,0.9772089999842137
trade-client,trade,1.0149170000204322
trade-client,trade,0.8899169999949663
trade-client,trade,0.851417000035326
trade-client,trade,1.0254580000150781
trade-client,trade,1.1787079999976413
trade-client,trade,2.1098749999737265
trade-client,trade,1.4633750000143664
trade-client,trade,0.9668750000173532
trade-client,trade,1.2229999999817665
trade-client,trade,0.903290999985984
trade-client,trade,1.3267090000113058
trade-client,trade,0.8600829999636517
trade-client,trade,1.3635409999892545
trade-client,trade,0.9053750000020955
trade-client,trade,0.7041250000270338
trade-client,trade,0.6701249999991887
trade-client,trade,1.3667499999883148
trade-client,trade,0.911750000000211
trade-client,trade,0.8527080000249043
trade-client,trade,0.5965839999930722
trade-client,trade,1.3079160000302181
trade-client,trade,1.4733329999785383
trade-client,trade,1.4050000000338514
trade-client,trade,1.059917000020505
trade-client,trade,1.162458000010247
trade-client,trade,0.7680830000253991
trade-client,trade,1.7644589999576965
trade-client,trade,4.705624999985503
trade-client,trade,1.1962909999851945
trade-client,trade,2.0030000000019754
trade-client,trade,1.0383750000073633
trade-client,trade,1.0638329999892449
trade-client,trade,1.1053750000087348
trade-client,trade,1.307291000046007
trade-client,trade,2.2430419999750484
trade-client,trade,1.2693749999925785
trade-client,trade,0.7981249999602369
trade-client,trade,1.4615829999797825
trade-client,trade,1.1617920000048798
trade-client,trade,2.1339170000373997
trade-client,trade,2.085916999988058
trade-client,trade,1.101709000010942
trade-client,trade,1.156207999997605
trade-client,trade,1.3529999999946085
trade-client,trade,1.2693330000388414
trade-client,trade,1.9810000000006767
trade-client,trade,1.118667000014284
trade-client,trade,1.7479169999887745
trade-client,trade,1.5587919999688893
trade-client,trade,1.0448749999909523
trade-client,trade,0.9295830000155547
trade-client,trade,0.8949159999929179
trade-client,trade,1.913750000028358
trade-client,trade,1.3395839999930104
trade-client,trade,0.9247909999885451
trade-client,trade,1.3876250000066648
trade-client,trade,1.8872500000384207
trade-client,trade,1.6534580000211463
trade-client,trade,0.7780839999895761
trade-client,trade,1.1380830000007336
trade-client,trade,1.0542499999814936
trade-client,trade,0.9480420000045342
trade-client,trade,0.8070000000088839
trade-client,trade,2.4853749999920183
trade-client,trade,0.727457999971648
trade-client,trade,1.1144999999714855
trade-client,trade,1.0360410000203046
trade-client,trade,1.175082999964161
trade-client,trade,1.4069580000182214
trade-client,trade,0.7837910000034753
trade-client,trade,0.8427919999576261
trade-client,trade,0.6422920000090926
trade-client,trade,1.068875000044045
trade-client,trade,1.8176659999653566
trade-client,trade,0.9854580000023816
trade-client,trade,1.657832999967468
trade-client,trade,2.11820900000248
trade-client,trade,1.5019589999951677
trade-client,trade,1.018082999962644
trade-client,trade,1.0464169999977457
trade-client,trade,2.7276659999984076
trade-client,trade,0.7675410000160809
trade-client,trade,0.8032090000256176
trade-client,trade,0.8895000000279651
trade-client,trade,0.7091670000249906
trade-client,trade,2.5774580000188507
trade-client,trade,1.0217079999961243
trade-client,trade,1.4027080000005299
trade-client,trade,0.786291999986588
trade-client,trade,1.3295410000182528
trade-client,trade,1.1264159999768708
trade-client,trade,1.062417000014193
trade-client,trade,1.5451250000069194
trade-client,trade,1.6586660000257325
trade-client,trade,2.0480830000337846
trade-client,trade,1.2806249999925967
trade-client,trade,1.2465830000110145
trade-client,trade,1.0333330000094065
trade-client,trade,1.0199160000183838
trade-client,trade,0.9369169999899896
trade-client,trade,0.922166999998808
trade-client,trade,1.2422499999615866
trade-client,trade,1.0178750000022774
trade-client,trade,0.7242909999831681
trade-client,trade,1.30520800001932
trade-client,trade,0.8260419999714941
trade-client,trade,1.1827089999769669
trade-client,trade,1.1321250000264627
trade-client,trade,0.9071250000260989
trade-client,trade,1.2776670000107515
trade-client,trade,0.6669580000107089
trade-client,trade,0.660709000044335
trade-client,trade,0.7597500000429136
trade-client,trade,0.5864579999865782
trade-client,trade,0.7426249999866741
trade-client,trade,2.1810420000178965
trade-client,trade,0.5663750000053369
trade-client,trade,0.9902909999937037
trade-client,trade,1.550041000029978
trade-client,trade,3.5795420000113154
trade-client,trade,1.9916669999702208
trade-client,trade,0.9570830000029673
trade-client,trade,0.6302090000076532
trade-client,trade,2.4095420000094236
trade-client,trade,2.0527089999973214
trade-client,trade,1.164791000007881
trade-client,trade,2.032374999998865
trade-client,trade,1.2851249999812353
trade-client,trade,1.2616249999837237
trade-client,trade,0.8231250000108048
trade-client,trade,2.1284999999693355
trade-client,trade,1.1549580000291826
trade-client,trade,2.009624999971038
trade-client,trade,1.9267089999743803
trade-client,trade,1.9246670000256927
trade-client,trade,1.2261250000165091
trade-client,trade,1.3032090000137941
trade-client,trade,1.1326250000252003
trade-client,trade,2.271625000048516
trade-client,trade,3.314457999977094
trade-client,trade,1.7541670000014165
trade-client,trade,1.5709169999809092
trade-client,trade,1.6712089999941782
trade-client,trade,7.1956250000084765
trade-client,trade,1.8368329999702837
trade-client,trade,2.5295000000369328
trade-client,trade,1.7420000000356595
trade-client,trade,2.7351250000151595
trade-client,trade,1.0422920000223712
trade-client,trade,3.256625000005897
trade-client,trade,0.9161670000139566
trade-client,trade,0.8031250000044565
trade-client,trade,0.5388750000179243
trade-client,trade,0.37420799998244547
trade-client,trade,1.0797919999845362
trade-client,trade,0.47558400001435075
trade-client,trade,0.43933299997434005
trade-client,trade,1.350542000011501
trade-client,trade,1.1638749999747233
trade-client,trade,0.6158749999940483
trade-client,trade,0.5063749999862921
trade-client,trade,1.014249999968797
trade-client,trade,1.3185409999891817
trade-client,trade,1.2581670000031409
trade-client,trade,0.8218330000318019
trade-client,trade,0.9358750000387772
trade-client,trade,0.8535000000051696
trade-client,trade,1.9265829999994821
trade-client,trade,0.7091249999575666
trade-client,trade,1.146417000029487
trade-client,trade,1.465999999993528
trade-client,trade,0.8930829999940215
trade-client,trade,1.1920419999569276
trade-client,trade,1.1468750000176442
trade-client,trade,1.2863329999959205
trade-client,trade,2.242249999994783
trade-client,trade,1.1896670000055565
trade-client,trade,0.6615830000100686
trade-client,trade,1.07458399997995
trade-client,trade,1.2886659999935546
trade-client,trade,2.1893329999898015
trade-client,trade,2.014874999986205
trade-client,trade,1.484542000014244
trade-client,trade,2.3142079999729503
trade-client,trade,2.1776670000122067
trade-client,trade,5.285167000010915
trade-client,trade,5.250250000017331
trade-client,trade,1.0836249999783831
trade-client,trade,1.2834590000352364
trade-client,trade,2.5416670000026897
trade-client,trade,1.2929170000006707
trade-client,trade,1.705958999991708
trade-client,trade,1.1017500000320979
trade-client,trade,0.8599579999781781
trade-client,trade,0.8590420000018639
trade-client,trade,0.8193329999812704
trade-client,trade,0.9025829999700363
trade-client,trade,0.7235410000134834
trade-client,trade,0.7110839999882046
trade-client,trade,0.625541000033536
trade-client,trade,1.220999999986816
trade-client,trade,1.0742499999878419
trade-client,trade,1.485000000002401
trade-client,trade,0.7662500000265027
trade-client,trade,0.9729580000339411
trade-client,trade,1.4742500000011205
trade-client,trade,3.4798749999822576
trade-client,trade,3.3227920000058475
trade-client,trade,2.120542000000114
trade-client,trade,3.6565419999874393
trade-client,trade,110.20254200002455
trade-client,trade,3.503958999999668
trade-client,trade,1.6573749999793108
trade-client,trade,1.365707999980259
trade-client,trade,1.8910829999754242
trade-client,trade,1.6941669999823716
trade-client,trade,1.282082999978229
trade-client,trade,1.8687080000177048
trade-client,trade,0.9433750000198415
trade-client,trade,1.7564999999990505
trade-client,trade,0.696666000010282
trade-client,trade,0.9464999999977408
trade-client,trade,1.5113329999962843
trade-client,trade,0.7390839999743548
trade-client,trade,0.9022500000241962
trade-client,trade,1.0112909999975273
trade-client,trade,0.990999999999076
trade-client,trade,1.9418749999999818
trade-client,trade,2.123250000011012
trade-client,trade,1.2482500000032815
trade-client,trade,1.1150839999913842
trade-client,trade,0.9989170000039849
trade-client,trade,1.534457999980532
trade-client,trade,0.7141660000229422
trade-client,trade,0.6980410000210213
trade-client,trade,0.7342499999936081
trade-client,trade,2.448375000028591
trade-client,trade,0.830583000038132
trade-client,trade,1.68258399997967
trade-client,trade,1.4219999999909305
trade-client,trade,1.8686249999859683
trade-client,trade,1.7821669999875667
trade-client,trade,0.8268750000297587
trade-client,trade,1.1909579999951347
trade-client,trade,1.2184580000393908
trade-client,trade,1.549750000037875
trade-client,trade,1.7784169999686128
trade-client,trade,2.126332999978331
trade-client,trade,1.712124999983189
trade-client,trade,2.009541999996145
trade-client,trade,3.199542000004385
trade-client,trade,1.2504160000048614
trade-client,trade,0.8892500000001746
trade-client,trade,1.1661660000186203
trade-client,trade,2.1358750000217697
trade-client,trade,2.2529999999960637
trade-client,trade,0.7093329999747766
trade-client,trade,1.9171249999772044
trade-client,trade,0.8557089999499112
trade-client,trade,1.2155000000007021
trade-client,trade,1.9034169999940787
trade-client,trade,0.842832999978782
trade-client,trade,1.3837920000128179
trade-client,trade,0.5827500000350483
trade-client,trade,0.8525000000076943
trade-client,trade,2.0601249999572246
trade-client,trade,2.8474999999730244
trade-client,trade,1.3088750000065374
trade-client,trade,1.0774999999512147
trade-client,trade,1.0501670000166996
trade-client,trade,1.5810419999979786
trade-client,trade,1.0752919999958976
trade-client,trade,0.8555829999750131
trade-client,trade,1.3830000000325526
trade-client,trade,1.2857499999654465
trade-client,trade,0.67754200000536
trade-client,trade,1.8261249999795837
trade-client,trade,0.7512500000075306
trade-client,trade,0.7685410000135562
trade-client,trade,2.720791999990979
trade-client,trade,1.4045000000351138
trade-client,trade,3.5367080000128226
trade-client,trade,1.2140000000044893
trade-client,trade,2.0957090000024436
trade-client,trade,0.9429159999854164
trade-client,trade,0.8920419999753904
trade-client,trade,3.2459589999689342
trade-client,trade,0.959709000028397
trade-client,trade,1.7429999999762913
trade-client,trade,1.2490000000298096
trade-client,trade,1.1674579999976231
trade-client,trade,0.6028749999700267
trade-client,trade,1.1516659999983858
trade-client,trade,1.30283400000053
trade-client,trade,0.7624579999969683
trade-client,trade,0.7489170000098966
trade-client,trade,1.3486660000125994
trade-client,trade,1.0982090000197786
trade-client,trade,2.5155409999797484
trade-client,trade,1.5082079999615416
trade-client,trade,0.6339999999909196
trade-client,trade,1.3401670000234844
trade-client,trade,1.7037910000112788
trade-client,trade,0.798499999973501
trade-client,trade,0.9660839999696691
trade-client,trade,0.6316250000395485
trade-client,trade,1.2354170000321574
trade-client,trade,0.8754579999958878
trade-client,trade,1.185249999991811
trade-client,trade,1.1637090000249373
trade-client,trade,1.8326250000200162
trade-client,trade,0.8842089999916425
trade-client,trade,1.3562500000148248
trade-client,trade,0.9325830000079804
trade-client,trade,5.327583999985563
trade-client,trade,1.8640000000118562
trade-client,trade,0.7115420000332051
trade-client,trade,1.1814579999622765
trade-client,trade,1.3264589999835152
trade-client,trade,1.4417079999589077
trade-client,trade,1.794458000006216
trade-client,trade,1.2414999999919019
trade-client,trade,1.3082920000329068
trade-client,trade,1.3927080000257774
trade-client,trade,2.906749999965541
trade-client,trade,0.9945420000008198
trade-client,trade,1.2112919999935912
trade-client,trade,0.8134579999818925
trade-client,trade,1.2308340000117823
trade-client,trade,1.6008339999871168
trade-client,trade,1.3850000000275031
trade-client,trade,0.850916999979745
trade-client,trade,1.3486249999914435
trade-client,trade,1.1052500000232612
trade-client,trade,1.3702919999900587
trade-client,trade,1.593083999978262
trade-client,trade,1.216624999983651
trade-client,trade,1.3829160000113916
trade-client,trade,1.3104999999882239
trade-client,trade,3.297540999994908
trade-client,trade,1.11850000001823
trade-client,trade,1.9981660000212287
trade-client,trade,3.532000000006974
trade-client,trade,4.170916000020952
trade-client,trade,3.838749999999891
trade-client,trade,0.995249999959924
trade-client,trade,1.0254169999939222
trade-client,trade,2.1098330000199894
trade-client,trade,2.3768330000280002
trade-client,trade,0.8599159999675976
trade-client,trade,0.8668330000318747
trade-client,trade,0.9795000000281107
trade-client,trade,1.9391250000353466
trade-client,trade,1.493374999995467
trade-client,trade,1.2118340000029093
trade-client,trade,2.095499999995809
trade-client,trade,1.3840839999943455
trade-client,trade,0.71087499998157
trade-client,trade,1.789709000036055
trade-client,trade,1.5722079999704874
trade-client,trade,11.136584000041694
trade-client,trade,1.2256660000389275
trade-client,trade,0.7442500000252039
trade-client,trade,1.3732080000181668
trade-client,trade,2.2923330000139686
trade-client,trade,1.1015830000360438
trade-client,trade,0.7620839999731288
trade-client,trade,1.247708999983388
trade-client,trade,0.9032500000216714
trade-client,trade,1.2824170000271806
trade-client,trade,2.0591249999597494
trade-client,trade,0.9081669999773112
trade-client,trade,1.3500839999665004
trade-client,trade,1.7725420000260783
trade-client,trade,1.9458749999898828
trade-client,trade,4.712541000003512
trade-client,trade,1.0274580000100286
trade-client,trade,5.609834000040337
trade-client,trade,1.3661249999472602
trade-client,trade,0.6701249999991887
trade-client,trade,0.6282909999981712
trade-client,trade,1.3789160000214906
trade-client,trade,0.882332999992741
trade-client,trade,0.9911660000057054
trade-client,trade,1.4413339999919117
trade-client,trade,1.94437499999367
trade-client,trade,1.0101249999934225
trade-client,trade,1.0230829999500202
trade-client,trade,0.9359590000030948
trade-client,trade,0.9460420000095837
trade-client,trade,0.7213330000013229
trade-client,trade,0.9006249999856664
trade-client,trade,0.8597500000178115
trade-client,trade,4.080541999996967
trade-client,trade,1.196250000020882
trade-client,trade,1.166917000034573
trade-client,trade,0.8712919999993574
trade-client,trade,2.1974580000119204
trade-client,trade,0.6443750000357795
trade-client,trade,0.7883330000026945
trade-client,trade,0.7495419999941078
trade-client,trade,1.2661670000397862
trade-client,trade,0.7537500000012187
trade-client,trade,1.1290410000128759
trade-client,trade,0.6268749999662759
trade-client,trade,1.093625000009979
trade-client,trade,0.7213330000013229
trade-client,trade,1.0553330000107053
trade-client,trade,1.0339170000293052
trade-client,trade,1.2207500000158689
trade-client,trade,0.8982909999986077
trade-client,trade,0.7185000000049513
trade-client,trade,0.7662080000159222
trade-client,trade,1.4906249999739885
trade-client,trade,1.4377919999901678
trade-client,trade,1.6136250000045038
trade-client,trade,1.1944159999757176
trade-client,trade,1.0565410000253905
trade-client,trade,0.8012089999738237
trade-client,trade,2.397499999972297
trade-client,trade,0.8751249999932043
trade-client,trade,0.8392080000021451
trade-client,trade,0.7916669999872283
trade-client,trade,1.0749580000037895
trade-client,trade,0.9124580000161586
trade-client,trade,2.3164169999745354
trade-client,trade,1.3068330000010064
trade-client,trade,0.9292909999771837
trade-client,trade,1.0395420000008926
trade-client,trade,1.1944999999968786
trade-client,trade,1.018375000001015
trade-client,trade,1.2864999999919746
trade-client,trade,0.9568330000320202
trade-client,trade,1.2060829999995804
trade-client,trade,2.9139160000113407
trade-client,trade,1.2537499999893953
trade-client,trade,0.7272500000112814
trade-client,trade,1.1625419999745645
trade-client,trade,1.330332999998518
trade-client,trade,1.0057080000365204
trade-client,trade,0.7567499999936445
trade-client,trade,0.8839170000101149
trade-client,trade,1.8625409999799558
trade-client,trade,1.0192500000130167
trade-client,trade,0.8532090000130665
trade-client,trade,0.7719580000298265
trade-client,trade,1.616792000049827
trade-client,trade,1.2319169999841506
trade-client,trade,0.8385839999505151
trade-client,trade,0.7389579999994567
trade-client,trade,0.9539579999682246
trade-client,trade,1.6307500000039
trade-client,trade,2.34841700000743
trade-client,trade,0.8852079999996931
trade-client,trade,0.8331669999961377
trade-client,trade,0.8077090000142562
trade-client,trade,1.265499999988151
trade-client,trade,0.7615829999849666
trade-client,trade,1.1361250000163636
trade-client,trade,1.1111670000332197
trade-client,trade,1.6219580000438327
trade-client,trade,1.072374999978365
trade-client,trade,3.5212089999845375
trade-client,trade,1.3726249999876927
trade-client,trade,1.288250000015978
trade-client,trade,0.7834169999796359
trade-client,trade,0.7004999999935535
trade-client,trade,0.838457999975617
trade-client,trade,1.1947919999784062
trade-client,trade,1.9948749999798565
trade-client,trade,1.2417910000408483
trade-client,trade,0.7124580000095193
trade-client,trade,0.951332999989063
trade-client,trade,0.7572500000492255
trade-client,trade,1.2186250000354448
trade-client,trade,1.146124999991116
trade-client,trade,1.2741250000090076
trade-client,trade,0.8509589999903255
trade-client,trade,1.7371249999769134
trade-client,trade,1.5625839999984237
trade-client,trade,1.5319999999974243
trade-client,trade,1.2834160000352313
trade-client,trade,1.595249999979842
trade-client,trade,1.265250000017204
trade-client,trade,1.2328340000067328
trade-client,trade,1.254874999972344
trade-client,trade,0.9543340000277567
trade-client,trade,1.4063339999665914
trade-client,trade,1.2743750000367982
trade-client,trade,0.9175000000141154
trade-client,trade,1.06625000000804
trade-client,trade,1.03445899998178
trade-client,trade,1.0553330000107053
trade-client,trade,0.9863750000249638
trade-client,trade,0.8310000000051332
trade-client,trade,1.4941669999757323
trade-client,trade,0.8587909999846488
trade-client,trade,1.0409580000327878
trade-client,trade,0.773834000028728
trade-client,trade,0.8209590000092248
trade-client,trade,1.009833000011895
trade-client,trade,1.5197090000356184
trade-client,trade,1.0841249999771208
trade-client,trade,1.346458000000439
trade-client,trade,2.752208000003975
trade-client,trade,0.7580000000189102
trade-client,trade,1.2787919999937003
trade-client,trade,1.269666000041525
trade-client,trade,0.6789170000160993
trade-client,trade,0.822083000002749
trade-client,trade,0.9881249999921238
trade-client,trade,0.8515000000102191
trade-client,trade,1.1202919999959704
trade-client,trade,1.7623749999984284
trade-client,trade,0.7979579999641828
trade-client,trade,0.9863750000249638
trade-client,trade,0.9987499999510874
trade-client,trade,0.7960420000472368
trade-client,trade,2.3194170000238046
trade-client,trade,1.4540839999881428
trade-client,trade,0.9225829999763846
trade-client,trade,0.8014580000121896
trade-client,trade,1.0407909999798903
trade-client,trade,0.8451250000121036
trade-client,trade,0.8987080000224523
trade-client,trade,0.7513749999930042
trade-client,trade,0.7666669999935039
trade-client,trade,0.7243750000043292
trade-client,trade,1.3986249999788924
trade-client,trade,0.6372089999899799
trade-client,trade,1.0362500000269392
trade-client,trade,0.9132499999964239
trade-client,trade,0.6822080000006281
trade-client,trade,1.078208999956587
trade-client,trade,1.0193749999984902
trade-client,trade,0.9852079999745911
trade-client,trade,0.6637089999799173
trade-client,trade,0.6376250000243999
trade-client,trade,1.5716249999968568
trade-client,trade,2.0236670000031154
trade-client,trade,0.7882500000278014
trade-client,trade,0.9398749999718348
trade-client,trade,1.0455839999963246
trade-client,trade,2.9531250000331966
trade-client,trade,1.1048329999994166
trade-client,trade,1.0527089999641248
trade-client,trade,0.9963749999997162
trade-client,trade,0.7932910000363336
trade-client,trade,1.975875000027827
trade-client,trade,0.7464170000162085
trade-client,trade,0.539833000004819
trade-client,trade,0.8507499999836909
trade-client,trade,1.1344590000135213
trade-client,trade,0.750750000008793
trade-client,trade,1.0449579999658454
trade-client,trade,1.1037919999807855
trade-client,trade,1.396750000026259
trade-client,trade,3.0455409999490257
trade-client,trade,2.6604170000155136
trade-client,trade,2.779500000031021
trade-client,trade,4.227791000005254
trade-client,trade,1.3040420000152153
trade-client,trade,1.217084000018076
trade-client,trade,2.233374999946136
trade-client,trade,1.2805829999820162
trade-client,trade,1.0599169999636615
trade-client,trade,1.1280840000154058
trade-client,trade,1.7190830000117785
trade-client,trade,2.299375000006876
trade-client,trade,2.2595830000113892
trade-client,trade,1.3580419999925653
trade-client,trade,0.9474999999952161
trade-client,trade,1.039124999977048
trade-client,trade,1.8993749999935972
trade-client,trade,0.7868330000064816
trade-client,trade,1.022915999953966
trade-client,trade,1.3162500000021282
trade-client,trade,1.3312500000211003
trade-client,trade,1.0926670000230843
trade-client,trade,1.0937910000166085
trade-client,trade,1.0482499999966421
trade-client,trade,0.7250830000202768
trade-client,trade,1.9958750000341752
trade-client,trade,0.7377499999847714
trade-client,trade,1.029000000016822
trade-client,trade,1.4259170000059385
trade-client,trade,1.1255829999754496
trade-client,trade,1.276083000050221
trade-client,trade,1.185707999979968
trade-client,trade,0.861750000012762
trade-client,trade,1.3778750000028595
trade-client,trade,1.513291999970079
trade-client,trade,1.0810840000203825
trade-client,trade,0.9687500000268301
trade-client,trade,0.7509999999797401
trade-client,trade,1.0282920000008744
trade-client,trade,1.3413750000381697
trade-client,trade,1.3050830000338465
trade-client,trade,1.026749999994081
trade-client,trade,1.0167910000404845
trade-client,trade,0.8626250000247637
trade-client,trade,1.5717910000034863
trade-client,trade,1.5574999999898864
trade-client,trade,0.5744590000062999
trade-client,trade,0.8202089999826967
trade-client,trade,1.3619590000075732
trade-client,trade,0.6737499999758256
trade-client,trade,0.9323329999801899
trade-client,trade,0.8165830000166352
trade-client,trade,0.7792080000399437
trade-client,trade,1.3056659999506337
trade-client,trade,0.9738330000459428
trade-client,trade,1.3128749999964384
trade-client,trade,0.7850410000287411
trade-client,trade,1.8134590000045137
trade-client,trade,1.357124999969983
trade-client,trade,1.0783750000200598
trade-client,trade,1.1757089999946402
trade-client,trade,0.9332500000027721
trade-client,trade,0.9840410000379052
trade-client,trade,1.0344999999460924
trade-client,trade,1.4126250000003893
trade-client,trade,0.9819170000469057
trade-client,trade,1.844000000005508
trade-client,trade,0.9750000000394721
trade-client,trade,0.9633750000261898
trade-client,trade,1.0905419999858168
trade-client,trade,0.70058300002529
trade-client,trade,1.2852909999878648
trade-client,trade,1.4108750000332293
trade-client,trade,0.8012499999949796
trade-client,trade,1.0442920000173217
trade-client,trade,0.6989170000224476
trade-client,trade,2.112208000028204
trade-client,trade,2.420499999971071
trade-client,trade,0.7892079999578527
trade-client,trade,0.9743330000446804
trade-client,trade,0.8146670000428458
trade-client,trade,1.6768339999657655
trade-client,trade,1.8556250000187902
trade-client,trade,1.037292000034995
trade-client,trade,0.7931669999834412
trade-client,trade,1.447457999972812
trade-client,trade,0.8430839999959971
trade-client,trade,0.7265830000164897
trade-client,trade,1.321458999996139
trade-client,trade,1.251999999965392
trade-client,trade,1.5502910000009251
trade-client,trade,1.079125000046588
trade-client,trade,0.859083999955601
trade-client,trade,0.8475829999952111
trade-client,trade,0.8512080000286915
trade-client,trade,0.6407919999560363
trade-client,trade,1.2288340000168319
trade-client,trade,0.7960830000115493
trade-client,trade,1.340166999966641
trade-client,trade,1.05216700001165
trade-client,trade,0.9010410000200864
trade-client,trade,0.9837919999995393
trade-client,trade,1.2080000000196378
trade-client,trade,1.018958000031489
trade-client,trade,1.4967079999905764
trade-client,trade,1.0500839999849632
trade-client,trade,0.8280000000127075
trade-client,trade,0.8765000000039436
trade-client,trade,2.968624999994063
trade-client,trade,0.8692090000295138
trade-client,trade,0.7691249999766114
trade-client,trade,0.9166659999664262
trade-client,trade,1.1441669999499027
trade-client,trade,1.029167000012876
trade-client,trade,1.0994999999525135
trade-client,trade,1.5331250000372165
trade-client,trade,0.7428749999576212
trade-client,trade,1.5006250000055843
trade-client,trade,1.1107079999987945
trade-client,trade,1.4174579999917114
trade-client,trade,1.170915999978206
trade-client,trade,0.7964580000248134
trade-client,trade,1.6205830000330934
trade-client,trade,1.0752499999853171
trade-client,trade,0.5778749999763022
trade-client,trade,0.6656670000211307
trade-client,trade,1.3673330000187889
trade-client,trade,2.040999999962878
trade-client,trade,0.6903749999764841
trade-client,trade,0.7448750000094151
trade-client,trade,0.7616670000061276
trade-client,trade,0.9234590000346543
trade-client,trade,1.564083000005212
trade-client,trade,0.6750829999759844
trade-client,trade,1.216542000008758
trade-client,trade,0.7454169999618898
trade-client,trade,0.8521249999944303
trade-client,trade,1.4436669999895457
trade-client,trade,1.2570829999845046
trade-client,trade,0.790499999993699
trade-client,trade,1.0673340000266762
trade-client,trade,1.393208000024515
trade-client,trade,3.7939590000064527
trade-client,trade,1.8203749999656793
trade-client,trade,0.9680410000214579
trade-client,trade,1.003665999974146
trade-client,trade,1.39737500001047
trade-client,trade,0.8469999999647371
trade-client,trade,1.1165829999981725
trade-client,trade,0.943333000009261
trade-client,trade,1.2969580000117276
trade-client,trade,1.0983749999695647
trade-client,trade,0.8296249999943939
trade-client,trade,1.559499999984837
trade-client,trade,0.9005830000319293
trade-client,trade,0.970250000023043
trade-client,trade,0.830167000003712
trade-client,trade,1.5026670000111153
trade-client,trade,1.2917909999714539
trade-client,trade,1.1252090000084536
trade-client,trade,1.336207999997896
trade-client,trade,1.0336249999909342
trade-client,trade,1.0411670000394224
trade-client,trade,1.2994169999842597
trade-client,trade,0.7728749999955653
trade-client,trade,1.5188749999879292
trade-client,trade,0.7303749999891807
trade-client,trade,0.9672909999949297
trade-client,trade,1.0506669999585938
trade-client,trade,1.0464590000083263
trade-client,trade,1.1633750000328291
trade-client,trade,2.020165999965684
trade-client,trade,1.854874999992262
trade-client,trade,2.5081669999735823
trade-client,trade,1.066792000017358
trade-client,trade,0.6657089999748678
trade-client,trade,1.2506669999652331
trade-client,trade,0.7969999999772881
trade-client,trade,1.8781249999619831
trade-client,trade,1.7015829999991183
trade-client,trade,1.089458000024024
trade-client,trade,1.0736670000142112
trade-client,trade,0.8450419999803671
trade-client,trade,1.3653749999775755
trade-client,trade,0.717916000041896
trade-client,trade,0.8596670000429185
trade-client,trade,0.8904579999580164
trade-client,trade,0.6489579999993111
trade-client,trade,0.721124999984113
trade-client,trade,0.8874170000012782
trade-client,trade,1.3626250000129403
trade-client,trade,0.9100830000079441
trade-client,trade,2.058167000029698
trade-client,trade,1.1867910000091797
trade-client,trade,1.5053750000220134
trade-client,trade,0.5868750000104228
trade-client,trade,0.8058340000047792
trade-client,trade,1.108499999986634
trade-client,trade,0.7221660000027441
trade-client,trade,1.196499999991829
trade-client,trade,1.0178329999916969
trade-client,trade,1.3004589999923155
trade-client,trade,1.2115419999645383
trade-client,trade,0.746958000036102
trade-client,trade,0.7483750000005784
trade-client,trade,1.2077499999918473
trade-client,trade,1.4457910000373886
trade-client,trade,1.9507499999917854
trade-client,trade,1.329875000010361
trade-client,trade,1.1362090000375247
trade-client,trade,1.1750419999998485
trade-client,trade,1.66212499999574
trade-client,trade,1.139458000011473
trade-client,trade,1.5959579999957896
trade-client,trade,5.310667000003377
trade-client,trade,1.0597080000138703
trade-client,trade,1.890416999970057
trade-client,trade,0.9307079999985035
trade-client,trade,0.819457999966744
trade-client,trade,0.5939999999782231
trade-client,trade,0.733792000005451
trade-client,trade,1.7111669999962942
trade-client,trade,1.2181249999798638
trade-client,trade,1.421499999992193
trade-client,trade,1.104499999996733
trade-client,trade,0.9616250000021864
trade-client,trade,1.0336670000015147
trade-client,trade,1.026834000015242
trade-client,trade,1.0506670000154372
trade-client,trade,0.678041000014673
trade-client,trade,1.1307089999945674
trade-client,trade,1.1582079999925554
trade-client,trade,1.4059589999533273
trade-client,trade,0.9297500000116088
trade-client,trade,1.0511660000247502
trade-client,trade,0.8652910000250813
trade-client,trade,1.2985839999828386
trade-client,trade,1.6388750000260188
trade-client,trade,2.001167000003079
trade-client,trade,2.0312089999947602
trade-client,trade,1.534834000040064
trade-client,trade,0.8321669999986625
trade-client,trade,1.290374999996402
trade-client,trade,1.6794160000017655
trade-client,trade,1.163082999994458
trade-client,trade,1.2197499999615502
trade-client,trade,0.5922080000004826
trade-client,trade,0.9740410000063093
trade-client,trade,1.2608330000034584
trade-client,trade,1.15820899998198
trade-client,trade,0.9946250000325563
trade-client,trade,1.1146669999675396
trade-client,trade,1.0462910000228476
trade-client,trade,0.6293750000168075
trade-client,trade,1.4748749999853317
trade-client,trade,0.7375420000244048
trade-client,trade,0.8582500000215987
trade-client,trade,1.9158749999519387
trade-client,trade,1.4414170000236481
trade-client,trade,3.611792000015157
trade-client,trade,1.024874999984604
trade-client,trade,1.0669170000028316
trade-client,trade,1.058291999981975
trade-client,trade,0.857500000051914
trade-client,trade,1.0700830000018868
trade-client,trade,1.1821669999676487
trade-client,trade,1.0509159999969597
trade-client,trade,0.7211660000052689
trade-client,trade,0.811249999969732
trade-client,trade,1.0677079999936723
trade-client,trade,1.0120000000028995
trade-client,trade,0.7644579999919188
trade-client,trade,1.1636250000037762
trade-client,trade,1.053957999999966
trade-client,trade,1.045457999964583
trade-client,trade,1.5390419999903315
trade-client,trade,0.9501250000312211
trade-client,trade,1.0146249999820611
trade-client,trade,0.9780830000067908
trade-client,trade,0.9491250000337459
trade-client,trade,1.9233330000361093
trade-client,trade,1.7714999999611791
trade-client,trade,1.3559170000121412
trade-client,trade,1.0354579999898306
trade-client,trade,0.6227920000014819
trade-client,trade,0.9636249999971369
trade-client,trade,1.3992909999842595
trade-client,trade,1.0173750000035398
trade-client,trade,1.3982080000118913
trade-client,trade,1.273332999971899
trade-client,trade,1.1764999999854808
trade-client,trade,0.7957909999731783
trade-client,trade,1.118958000006387
trade-client,trade,1.3158750000457076
trade-client,trade,0.9686249999845131
trade-client,trade,1.4826249999941865
trade-client,trade,1.5962089999561613
trade-client,trade,2.917667000019719
trade-client,trade,1.4593330000138849
trade-client,trade,1.6384589999915988
trade-client,trade,0.9684999999990396
trade-client,trade,0.8327079999617126
trade-client,trade,0.8109999999987849
trade-client,trade,1.1589999999728207
trade-client,trade,1.1237919999871337
trade-client,trade,1.1512080000102287
trade-client,trade,0.7917500000189648
trade-client,trade,2.8510420000316117
trade-client,trade,1.7450419999818223
trade-client,trade,0.67970800000694
trade-client,trade,0.9920839999608688
trade-client,trade,1.412208000033388
trade-client,trade,0.7909170000175436
trade-client,trade,0.9659160000410338
trade-client,trade,1.0500000000206455
trade-client,trade,0.9572909999633339
trade-client,trade,0.8276660000205993
trade-client,trade,1.4619579999930465
trade-client,trade,1.3792500000135988
trade-client,trade,0.9308749999945576
trade-client,trade,0.794833000043127
trade-client,trade,0.8821669999861115
trade-client,trade,1.0795000000030086
trade-client,trade,1.2627080000129354
trade-client,trade,3.3973330000094393
trade-client,trade,1.6929999999888423
trade-client,trade,1.3018750000242107
trade-client,trade,1.6586250000045766
trade-client,trade,1.1174169999890182
trade-client,trade,1.832083000010698
trade-client,trade,0.9836250000034852
trade-client,trade,0.9727500000167311
trade-client,trade,1.2542919999987134
trade-client,trade,0.9945840000114003
trade-client,trade,0.8138750000057371
trade-client,trade,1.0508750000326472
trade-client,trade,0.7831249999981083
trade-client,trade,0.8095840000237331
trade-client,trade,1.2493329999756497
trade-client,trade,1.1131669999713267
trade-client,trade,0.8859169999482219
trade-client,trade,1.1786249999659049
trade-client,trade,0.8794999999963693
trade-client,trade,1.7237919999502083
trade-client,trade,1.4746250000143846
trade-client,trade,1.2863329999959205
trade-client,trade,1.3417089999734344
trade-client,trade,0.6711670000072445
trade-client,trade,0.6587080000031165
trade-client,trade,1.112707999993745
trade-client,trade,1.8330839999975979
trade-client,trade,2.513666000027115
trade-client,trade,1.3857920000077684
trade-client,trade,3.6232080000218048
trade-client,trade,0.7084580000196183
trade-client,trade,0.7621249999942847
trade-client,trade,1.984875000005104
trade-client,trade,1.3328750000027867
trade-client,trade,0.8521249999944303
trade-client,trade,1.1069160000261036
trade-client,trade,1.4057089999823802
trade-client,trade,1.2704999999755273
trade-client,trade,0.8696250000070904
trade-client,trade,0.7850000000075852
trade-client,trade,1.0197909999760668
trade-client,trade,1.0296670000116137
trade-client,trade,0.9260420000032354
trade-client,trade,0.7367499999872962
trade-client,trade,0.7348339999566633
trade-client,trade,1.0433749999947395
trade-client,trade,0.8686669999633523
trade-client,trade,0.8808340000427961
trade-client,trade,1.729666000017005
trade-client,trade,0.6070000000022446
trade-client,trade,0.8638339999720301
trade-client,trade,2.2323750000055043
trade-client,trade,1.4442080000094393
trade-client,trade,1.371875000018008
trade-client,trade,0.9503750000021682
trade-client,trade,1.5029159999926378
trade-client,trade,1.4419999999972788
trade-client,trade,1.6200000000026193
trade-client,trade,1.486957999986771
trade-client,trade,1.8577079999886337
trade-client,trade,0.7210420000092199
trade-client,trade,0.792375000003176
trade-client,trade,0.7079999999746178
trade-client,trade,2.365166999993562
trade-client,trade,0.9629170000380327
trade-client,trade,0.9517910000340635
trade-client,trade,1.2832909999929143
trade-client,trade,1.9194579999748385
trade-client,trade,0.7546250000132204
trade-client,trade,0.8305839999707132
trade-client,trade,1.059709000003295
trade-client,trade,0.8770840000238422
trade-client,trade,0.7517079999956877
trade-client,trade,0.6935420000218073
trade-client,trade,0.5668339999829186
trade-client,trade,0.6417079999891939
trade-client,trade,1.8119999999726133
trade-client,trade,0.5801670000096237
trade-client,trade,0.913874999980635
trade-client,trade,0.7867920000421691
trade-client,trade,0.7575000000201726
trade-client,trade,0.6861249999587926
trade-client,trade,1.0429999999814754
trade-client,trade,0.7309160000090742
trade-client,trade,1.200458000027993
trade-client,trade,1.1535410000078627
trade-client,trade,1.5017919999991136
trade-client,trade,2.07666699998299
trade-client,trade,1.2909589999594573
trade-client,trade,0.9947080000074493
trade-client,trade,1.278084000034596
trade-client,trade,1.022166999973706
trade-client,trade,1.0194160000196462
trade-client,trade,1.4361660000190568
trade-client,trade,2.949250000028769
trade-client,trade,0.869541999975354
trade-client,trade,0.6348329999923408
trade-client,trade,0.786042000015641
trade-client,trade,1.2790000000109103
trade-client,trade,1.033165999956509
trade-client,trade,1.3982499999656284
trade-client,trade,2.317291999986537
trade-client,trade,1.3269159999822477
trade-client,trade,1.8303749999972752
trade-client,trade,1.0182910000366974
trade-client,trade,1.5934169999809455
trade-client,trade,0.8310830000368696
trade-client,trade,0.8905420000360209
trade-client,trade,1.2162909999915428
trade-client,trade,3.565041999991081
trade-client,trade,2.197500000022501
trade-client,trade,1.2178329999983362
trade-client,trade,0.7238750000055916
trade-client,trade,1.1450000000081673
trade-client,trade,4.150666999976238
trade-client,trade,1.0379999999940992
trade-client,trade,0.8080409999706717
trade-client,trade,1.664332999951057
trade-client,trade,2.1926670000311788
trade-client,trade,1.0976670000104605
trade-client,trade,1.1105840000027456
trade-client,trade,1.4434170000185986
trade-client,trade,0.9422919999906298
trade-client,trade,0.6159170000046288
trade-client,trade,0.9632079999732923
trade-client,trade,2.4232499999925494
trade-client,trade,1.6171249999956672
trade-client,trade,0.7557920000067497
trade-client,trade,1.070874999982152
trade-client,trade,1.4076670000235936
trade-client,trade,1.4125000000149157
trade-client,trade,0.7767499999999927
trade-client,trade,1.7221250000147847
trade-client,trade,2.9317909999804215
trade-client,trade,1.8735839999521886
trade-client,trade,1.4478339999755008
trade-client,trade,0.7472080000070491
trade-client,trade,0.7508330000405294
trade-client,trade,2.5613329999600865
trade-client,trade,0.5263329999820598
trade-client,trade,1.2243339999713498
trade-client,trade,1.3605419999862534
trade-client,trade,1.5923749999728898
trade-client,trade,1.2050419999809492
trade-client,trade,5.918790999999146
trade-client,trade,0.9591250000084983
trade-client,trade,2.446166999959587
trade-client,trade,0.67929199997252
trade-client,trade,1.2349579999977323
trade-client,trade,0.7352089999699274
trade-client,trade,0.8445420000384729
trade-client,trade,1.6176670000049853
trade-client,trade,0.6832910000298398
trade-client,trade,1.7032499999913853
trade-client,trade,1.5015420000281665
trade-client,trade,2.525583000021925
trade-client,trade,1.1650000000145155
trade-client,trade,0.8912499999951251
trade-client,trade,0.970042000005833
trade-client,trade,1.480208999964816
trade-client,trade,0.7909999999924366
trade-client,trade,0.6558749999499014
trade-client,trade,1.429874999985259
trade-client,trade,1.2168750000114414
trade-client,trade,0.525125000024218
trade-client,trade,0.5785000000173568
trade-client,trade,0.5175420000114173
trade-client,trade,1.8579590000058488
trade-client,trade,1.6187499999773536
trade-client,trade,1.3496660000100746
trade-client,trade,0.9827089999703276
trade-client,trade,0.9358340000176213
trade-client,trade,1.6755419999867627
trade-client,trade,0.733874999980344
trade-client,trade,1.2614169999665137
trade-client,trade,1.2262919999557198
trade-client,trade,1.1649589999933596
trade-client,trade,0.9474579999846355
trade-client,trade,0.7823340000072676
trade-client,trade,1.076667000006637
trade-client,trade,1.2875830000211863
trade-client,trade,1.7698750000363361
trade-client,trade,0.45958300000847885
trade-client,trade,0.9459169999672667
trade-client,trade,0.6521249999877909
trade-client,trade,0.37300000002460365
trade-client,trade,0.6621669999731239
trade-client,trade,1.275667000015801
trade-client,trade,1.649917000008827
trade-client,trade,1.1289169999599835
trade-client,trade,0.7287500000074942
trade-client,trade,0.8377909999808253
trade-client,trade,1.4563329999646157
trade-client,trade,0.7872500000303262
trade-client,trade,0.8107080000172573
trade-client,trade,0.7886669999948026
trade-client,trade,0.8727500000418331
trade-client,trade,1.2838749999559695
trade-client,trade,0.9666670000001432
trade-client,trade,0.748417000011159
trade-client,trade,0.39649999996527185
trade-client,trade,0.6260000000111177
trade-client,trade,1.1134169999991173
trade-client,trade,1.1349999999765714
trade-client,trade,0.9398340000075223
trade-client,trade,0.5357090000188691
trade-client,trade,0.3855409999573567
trade-client,trade,0.4667079999762791
trade-client,trade,0.7496249999690008
trade-client,trade,4.221332999975402
trade-client,trade,0.5715829999530797
trade-client,trade,0.4356249999659667
trade-client,trade,0.5427079999549278
trade-client,trade,0.6267080000270653
trade-client,trade,0.4885419999709484
trade-client,trade,0.443041999972138
trade-client,trade,1.4867919999801416
trade-client,trade,1.0795000000030086
trade-client,trade,0.6753750000143555
trade-client,trade,0.6049169999755577
trade-client,trade,0.5974579999588059
trade-client,trade,0.5887080000093192
trade-client,trade,0.5860830000301576
trade-client,trade,0.5306250000103319
trade-client,trade,0.5531670000209488
trade-client,trade,0.8192089999852215
trade-client,trade,0.9771669999736332
trade-client,trade,0.6014580000055503
trade-client,trade,0.6306249999852298
trade-client,trade,0.8586249999780193
trade-client,trade,1.0207910000303855
trade-client,trade,2.2778750000043146
trade-client,trade,1.2006670000346276
trade-client,trade,1.5439160000028096
trade-client,trade,1.052000000015596
trade-client,trade,1.0139579999872694
trade-client,trade,0.8575840000162316
trade-client,trade,2.2660829999949783
trade-client,trade,0.767291999977715
trade-client,trade,0.6855830000063179
trade-client,trade,0.49616699999432967
trade-client,trade,0.7429589999787822
trade-client,trade,1.5827910000325573
trade-client,trade,1.4650839999603704
trade-client,trade,0.716834000002109
trade-client,trade,0.5966670000248087
trade-client,trade,0.608166999995774
trade-client,trade,1.7975000000092223
trade-client,trade,1.352458999974715
trade-client,trade,0.4245000000082655
trade-client,trade,0.5290830000035385
trade-client,trade,0.7689999999911379
trade-client,trade,0.48187499999130523
trade-client,trade,0.8110420000093654
trade-client,trade,0.5657909999854382
trade-client,trade,0.5742080000459282
trade-client,trade,0.4747910000446609
trade-client,trade,0.8314579999932903
trade-client,trade,0.6205839999893215
trade-client,trade,0.545499999986987
trade-client,trade,0.8692499999938263
trade-client,trade,0.8982500000342952
trade-client,trade,0.575125000011667
trade-client,trade,0.43887499998618296
trade-client,trade,0.8496669999544793
trade-client,trade,0.8102079999616763
trade-client,trade,1.1674589999870477
trade-client,trade,0.5812090000176795
trade-client,trade,0.5894580000358474
trade-client,trade,0.825583999983337
trade-client,trade,0.5761670000197228
trade-client,trade,0.41408300000966847
trade-client,trade,0.526666999974168
trade-client,trade,0.9821250000072723
trade-client,trade,2.1905830000150672
trade-client,trade,0.9421249999945758
trade-client,trade,1.3727079999625857
trade-client,trade,0.4545410000105221
trade-client,trade,0.4923749999647953
trade-client,trade,0.9014169999659316
trade-client,trade,0.9678750000148284
trade-client,trade,1.0638749999998254
trade-client,trade,2.1447080000029928
trade-client,trade,1.5050830000404858
trade-client,trade,1.1801250000189611
trade-client,trade,1.3709579999954258
trade-client,trade,1.0455829999500565
trade-client,trade,0.7926669999847036
trade-client,trade,0.9395420000259946
trade-client,trade,2.118332999998529
trade-client,trade,1.566292000006797
trade-client,trade,0.867916000004243
trade-client,trade,1.2972920000038357
trade-client,trade,1.9783330000109345
trade-client,trade,2.9787080000005517
trade-client,trade,1.5162919999625046
trade-client,trade,0.9442089999538439
trade-client,trade,1.4947079999956259
trade-client,trade,0.7541659999787953
trade-client,trade,0.9322500000052969
trade-client,trade,1.5877499999987776
trade-client,trade,0.8487080000350034
trade-client,trade,0.9463330000016867
trade-client,trade,0.6739579999930356
trade-client,trade,0.8049589999927775
trade-client,trade,2.1030409999980293
trade-client,trade,1.742416000013236
trade-client,trade,1.1675829999830967
trade-client,trade,0.9990410000000338
trade-client,trade,0.8400840000035714
trade-client,trade,0.7954170000061822
trade-client,trade,1.0227079999935995
trade-client,trade,0.9538330000395945
trade-client,trade,1.0638329999892449
trade-client,trade,1.0188330000460155
trade-client,trade,0.6515000000035798
trade-client,trade,3.3668750000401815
trade-client,trade,1.5587500000151522
trade-client,trade,1.3722499999744286
trade-client,trade,0.8442079999895213
trade-client,trade,0.6562499999631655
trade-client,trade,0.9599999999636566
trade-client,trade,1.794375000031323
trade-client,trade,0.7189159999825279
trade-client,trade,0.9292499999560278
trade-client,trade,0.8453339999618947
trade-client,trade,0.964291000002504
trade-client,trade,0.8669999999710853
trade-client,trade,1.0366669999939404
trade-client,trade,1.3892499999883512
trade-client,trade,0.5985419999774422
trade-client,trade,0.6950409999717522
trade-client,trade,0.9095830000092064
trade-client,trade,0.9375000000204636
trade-client,trade,0.9825829999954294
trade-client,trade,0.7116659999724106
trade-client,trade,1.199874999997519
trade-client,trade,0.9781659999816839
trade-client,trade,1.338499999974374
trade-client,trade,0.8152080000058959
trade-client,trade,1.003582999999253
trade-client,trade,1.0686660000374104
trade-client,trade,1.068083999996361
trade-client,trade,1.2619590000326752
trade-client,trade,0.861374999999498
trade-client,trade,1.0061250000035216
trade-client,trade,0.7607499999835454
trade-client,trade,0.9119579999605776
trade-client,trade,1.038749999963784
trade-client,trade,0.7469589999686832
trade-client,trade,0.70016699999087
trade-client,trade,0.7749160000116717
trade-client,trade,0.5589589999885902
trade-client,trade,1.0118340000531134
trade-client,trade,0.759125000001859
trade-client,trade,0.9590829999979178
trade-client,trade,0.8614999999849715
trade-client,trade,1.047499999970114
trade-client,trade,1.152290999982597
trade-client,trade,1.0364999999978863
trade-client,trade,1.0775000000080581
trade-client,trade,1.9131249999873035
trade-client,trade,2.736999999967793
trade-client,trade,1.8501659999969888
trade-client,trade,1.3954589999798372
trade-client,trade,1.5738750000195978
trade-client,trade,1.2527920000025006
trade-client,trade,0.8611659999928634
trade-client,trade,0.9449170000266349
trade-client,trade,1.210708000030536
trade-client,trade,0.767332999998871
trade-client,trade,1.037666000001991
trade-client,trade,0.6810840000071039
trade-client,trade,1.685500000007778
trade-client,trade,0.6059579999941889
trade-client,trade,2.007499999990614
trade-client,trade,0.7502500000100554
trade-client,trade,1.2211249999722895
trade-client,trade,1.0580000000004475
trade-client,trade,1.8663750000200707
trade-client,trade,1.183749999995598
trade-client,trade,0.8960830000432907
trade-client,trade,0.8432500000026266
trade-client,trade,0.8720830000470414
trade-client,trade,1.6619170000353733
trade-client,trade,1.312624999968648
trade-client,trade,1.3526249999813444
trade-client,trade,0.8929579999517046
trade-client,trade,0.9805000000255859
trade-client,trade,0.7419169999707265
trade-client,trade,1.028750000045875
trade-client,trade,0.988916999972389
trade-client,trade,0.8668749999856118
trade-client,trade,0.8627500000102373
trade-client,trade,1.3140840000005483
trade-client,trade,1.235833000009734
trade-client,trade,1.0565419999579717
trade-client,trade,0.9312089999866657
trade-client,trade,1.0414580000315254
trade-client,trade,1.392334000001938
trade-client,trade,1.3677919999963706
trade-client,trade,0.930667000034191
trade-client,trade,2.1850420000077975
trade-client,trade,0.6889170000476952
trade-client,trade,1.0095000000092114
trade-client,trade,1.070874999982152
trade-client,trade,0.6620419999876503
trade-client,trade,1.141582999991897
trade-client,trade,0.7350000000201362
trade-client,trade,0.6308750000130203
trade-client,trade,1.5695409999807453
trade-client,trade,1.1035410000204138
trade-client,trade,0.9693750000110413
trade-client,trade,1.5841670000327213
trade-client,trade,1.2095829999907437
trade-client,trade,0.707291000026089
trade-client,trade,2.2762500000226282
trade-client,trade,0.8498749999716892
trade-client,trade,0.638083000012557
trade-client,trade,1.0050000000205728
trade-client,trade,0.8943749999730244
trade-client,trade,0.8340410000187148
trade-client,trade,1.704290999953173
trade-client,trade,0.9327089999828786
trade-client,trade,0.7724999999823012
trade-client,trade,1.3742919999799597
trade-client,trade,1.1885829999869202
trade-client,trade,0.798874999986765
trade-client,trade,0.9724169999572041
trade-client,trade,0.974499999983891
trade-client,trade,0.9013339999910386
trade-client,trade,1.0255410000468146
trade-client,trade,1.7432500000040818
trade-client,trade,0.637499999982083
trade-client,trade,3.4874999999487954
trade-client,trade,1.1694589999819982
trade-client,trade,1.3851250000129767
trade-client,trade,1.361542000040572
trade-client,trade,1.2625840000168864
trade-client,trade,1.0407499999587344
trade-client,trade,1.124917000026926
trade-client,trade,0.840707999998358
trade-client,trade,2.128459000005023
trade-client,trade,0.9245829999713351
trade-client,trade,0.7560000000239597
trade-client,trade,1.2928750000469336
trade-client,trade,1.133624999965832
trade-client,trade,1.3162500000021282
trade-client,trade,0.8417500000064138
trade-client,trade,0.9732909999797812
trade-client,trade,1.012708000018847
trade-client,trade,1.6808330000230853
trade-client,trade,1.1554999999816573
trade-client,trade,0.9907080000175483
trade-client,trade,1.3410839999892232
trade-client,trade,0.6592910000335905
trade-client,trade,0.8789170000227386
trade-client,trade,0.9500410000100601
trade-client,trade,0.7394999999519314
trade-client,trade,1.6816250000033506
trade-client,trade,1.317082999946706
trade-client,trade,0.8291249999956563
trade-client,trade,1.3998340000398457
trade-client,trade,0.7523749999904794
trade-client,trade,1.419542000007823
trade-client,trade,0.8740419999639926
trade-client,trade,1.0904579999646558
trade-client,trade,1.3544170000159284
trade-client,trade,0.7381249999980355
trade-client,trade,0.9773329999802627
trade-client,trade,0.9142499999938991
trade-client,trade,5.967083000030016
trade-client,trade,0.8552080000185924
trade-client,trade,1.193624999984877
trade-client,trade,0.9380420000297818
trade-client,trade,0.7255410000084339
trade-client,trade,0.9401249999996253
trade-client,trade,0.769375000004402
trade-client,trade,1.2083330000223214
trade-client,trade,1.252207999982602
trade-client,trade,1.0593750000111868
trade-client,trade,1.1157079999861708
trade-client,trade,1.0585420000097656
trade-client,trade,0.9356250000109867
trade-client,trade,1.3185829999997623
trade-client,trade,1.8537500000093132
trade-client,trade,2.248374999965108
trade-client,trade,0.9601250000059736
trade-client,trade,0.7084999999733554
trade-client,trade,1.35508400001072
trade-client,trade,1.1595419999821388
trade-client,trade,1.2809999999490174
trade-client,trade,1.3944579999929374
trade-client,trade,1.0991659999604053
trade-client,trade,0.8854580000274836
trade-client,trade,1.0558339999988675
trade-client,trade,0.8791669999936857
trade-client,trade,4.57024999997202
trade-client,trade,1.3526250000381879
trade-client,trade,1.4570829999911439
trade-client,trade,0.9635829999865564
trade-client,trade,1.4194580000435053
trade-client,trade,2.0272080000154347
trade-client,trade,1.3135419999912301
trade-client,trade,1.4411250000421205
trade-client,trade,1.269417000003159
trade-client,trade,1.3184579999574453
trade-client,trade,1.6471659999979238
trade-client,trade,1.5006670000161648
trade-client,trade,0.7267500000125438
trade-client,trade,0.8877079999933812
trade-client,trade,0.9506250000299588
trade-client,trade,1.308832999995957
trade-client,trade,1.0502499999915926
trade-client,trade,0.6719589999875097
trade-client,trade,1.5276670000048398
trade-client,trade,0.9655829999815069
trade-client,trade,1.5208749999828797
trade-client,trade,2.824083000007249
trade-client,trade,1.5170419999890328
trade-client,trade,0.9882090000132848
trade-client,trade,1.100207999968461
trade-client,trade,1.139625000007527
trade-client,trade,0.836332999995193
trade-client,trade,0.7873330000052192
trade-client,trade,0.6676660000266565
trade-client,trade,1.1152090000337012
trade-client,trade,0.6409999999732463
trade-client,trade,1.3961669999957849
trade-client,trade,1.3762920000317536
trade-client,trade,0.8505829999876369
trade-client,trade,1.196332999995775
trade-client,trade,0.7291249999639149
trade-client,trade,1.5215000000239343
trade-client,trade,0.7390420000206177
trade-client,trade,0.9609580000073947
trade-client,trade,1.7399999999838656
trade-client,trade,1.3768750000053842
trade-client,trade,0.832500000001346
trade-client,trade,1.1623750000353539
trade-client,trade,1.1907079999673442
trade-client,trade,2.5473750000060136
trade-client,trade,1.0847500000181753
trade-client,trade,1.2926659999834555
trade-client,trade,1.0528330000170172
trade-client,trade,1.440916999968067
trade-client,trade,0.8799999999951069
trade-client,trade,0.8431250000171531
trade-client,trade,1.0515829999917514
trade-client,trade,1.010249999978896
trade-client,trade,2.4117499999647407
trade-client,trade,2.912209000044186
trade-client,trade,1.4657920000331615
trade-client,trade,1.2639589999707823
trade-client,trade,0.7994579999603957
trade-client,trade,1.3867079999840826
trade-client,trade,0.9074170000076265
trade-client,trade,1.0105000000066866
trade-client,trade,0.8682079999857706
trade-client,trade,1.4719999999783795
trade-client,trade,0.6895000000213258
trade-client,trade,1.0569169999712358
trade-client,trade,1.378583000018807
trade-client,trade,1.4921250000270447
trade-client,trade,1.1577079999938178
trade-client,trade,1.2219589999631353
trade-client,trade,0.9484159999715303
trade-client,trade,1.1812079999913294
trade-client,trade,1.4132499999846004
trade-client,trade,1.4419999999972788
trade-client,trade,0.8746249999944666
trade-client,trade,0.7880000000000109
trade-client,trade,2.269041999966248
trade-client,trade,1.268959000015002
trade-client,trade,1.2321669999550977
trade-client,trade,0.7711250000284053
trade-client,trade,0.8268329999623347
trade-client,trade,1.1352920000149425
trade-client,trade,2.82950000001847
trade-client,trade,0.6283330000087517
trade-client,trade,1.5608339999744203
trade-client,trade,1.2719590000074277
trade-client,trade,1.0417080000024725
trade-client,trade,1.3306660000012016
trade-client,trade,1.3465829999859125
trade-client,trade,1.0954160000551383
trade-client,trade,1.0468750000427463
trade-client,trade,1.0619170000154554
trade-client,trade,1.2730409999903713
trade-client,trade,1.476458000013281
trade-client,trade,0.8397500000114633
trade-client,trade,1.8291260000182774
trade-client,trade,1.967750000005708
trade-client,trade,2.188667000041278
trade-client,trade,0.9339169999975638
trade-client,trade,0.8250000000202817
trade-client,trade,0.8578339999871787
trade-client,trade,1.602165999997851
trade-client,trade,1.1205829999880734
trade-client,trade,0.8583329999964917
trade-client,trade,0.7731669999770929
trade-client,trade,1.4551660000279298
trade-client,trade,0.9895830000345995
trade-client,trade,1.0863329999892812
trade-client,trade,1.1957500000221444
trade-client,trade,0.9370839999860436
trade-client,trade,0.8973329999548696
trade-client,trade,0.9304170000064005
trade-client,trade,0.8375419999993028
trade-client,trade,1.0135420000096929
trade-client,trade,0.8589999999912834
trade-client,trade,3.6686660000100346
trade-client,trade,1.21045899999217
trade-client,trade,1.0680000000320433
trade-client,trade,1.434542000026795
trade-client,trade,1.476041999978861
trade-client,trade,0.754834000019855
trade-client,trade,0.9878750000211767
trade-client,trade,1.139041999977053
trade-client,trade,1.3965830000302049
trade-client,trade,0.8430839999959971
trade-client,trade,0.7762089999800992
trade-client,trade,1.647708000007242
trade-client,trade,0.8528330000103779
trade-client,trade,1.4287500000023101
trade-client,trade,1.0598329999993439
trade-client,trade,0.8963750000248183
trade-client,trade,0.7768340000211538
trade-client,trade,0.8110420000093654
trade-client,trade,0.7938329999888083
trade-client,trade,0.8502919999955338
trade-client,trade,1.0256669999648693
trade-client,trade,0.7648339999946074
trade-client,trade,2.3254590000192366
trade-client,trade,0.7086659999799849
trade-client,trade,1.1085839999509517
trade-client,trade,1.4103749999776483
trade-client,trade,0.8609999999862339
trade-client,trade,1.6492080000034548
trade-client,trade,0.7286250000220207
trade-client,trade,0.5780000000186192
trade-client,trade,0.9372499999926731
trade-client,trade,1.039124999977048
trade-client,trade,1.0155829999689558
trade-client,trade,1.3094169999590122
trade-client,trade,0.70037500000808
trade-client,trade,1.081124999984695
trade-client,trade,0.8937919999993937
trade-client,trade,1.3288330000023052
trade-client,trade,1.5379170000073827
trade-client,trade,0.9424159999866788
trade-client,trade,1.7925419999755832
trade-client,trade,1.729457999999795
trade-client,trade,0.9416670000064187
trade-client,trade,1.0765420000211634
trade-client,trade,0.8665419999829282
trade-client,trade,0.922290999994857
trade-client,trade,0.9291249999705542
trade-client,trade,1.6130409999846052
trade-client,trade,0.7822910000072625
trade-client,trade,0.884541999994326
trade-client,trade,0.9567500000002838
trade-client,trade,0.7684999999924003
trade-client,trade,2.2382079999943016
trade-client,trade,1.1277499999664542
trade-client,trade,1.2226670000359263
trade-client,trade,0.8209169999986443
trade-client,trade,1.1186250000037035
trade-client,trade,0.775707999991937
trade-client,trade,1.2576670000044032
trade-client,trade,122.6371669999935
trade-client,trade,10.920833999989554
trade-client,trade,1.8785419999858277
trade-client,trade,1.7120829999726084
trade-client,trade,1.702208000040173
trade-client,trade,2.023042000018904
trade-client,trade,1.2971670000183622
trade-client,trade,1.3977089999457348
trade-client,trade,2.3006669999858786
trade-client,trade,2.2338329999911366
trade-client,trade,1.0890830000107599
trade-client,trade,1.5737499999772808
trade-client,trade,1.108542000054058
trade-client,trade,0.9772500000053697
trade-client,trade,1.3916670000071463
trade-client,trade,1.697916000011901
trade-client,trade,1.1548749999974461
trade-client,trade,1.497207999989314
trade-client,trade,1.5546660000040902
trade-client,trade,1.2556249999988722
trade-client,trade,1.3371250000204782
trade-client,trade,1.8702919999782353
trade-client,trade,1.578458999972554
trade-client,trade,1.5658749999829524
trade-client,trade,1.1487919999808582
trade-client,trade,1.0003329999790367
trade-client,trade,1.7249160000005759
trade-client,trade,1.1948329999995622
trade-client,trade,0.7516249999639513
trade-client,trade,1.2450000000399086
trade-client,trade,1.2042910000218399
trade-client,trade,1.200083000014729
trade-client,trade,1.1053329999981543
trade-client,trade,1.3297909999892
trade-client,trade,1.0216670000318118
trade-client,trade,1.9647500000132823
trade-client,trade,1.6649579999921116
trade-client,trade,1.4818329999570778
trade-client,trade,1.524541000037516
trade-client,trade,0.7917499999621214
trade-client,trade,1.6160410000338743
trade-client,trade,0.7825000000138971
trade-client,trade,0.983082999994167
trade-client,trade,1.2517910000156007
trade-client,trade,1.2814579999940179
trade-client,trade,1.4640829999734706
trade-client,trade,0.7579169999871738
trade-client,trade,0.9948329999929229
trade-client,trade,1.526540999975623
trade-client,trade,1.4919589999635718
trade-client,trade,1.0826669999914884
trade-client,trade,1.9982910000067022
trade-client,trade,1.2722499999995307
trade-client,trade,1.7977079999695889
trade-client,trade,1.4864590000343014
trade-client,trade,3.435458000012659
trade-client,trade,1.1676249999936772
trade-client,trade,0.9907909999924414
trade-client,trade,0.6954589999850214
trade-client,trade,1.1397089999718446
trade-client,trade,1.12899999999172
trade-client,trade,0.8492499999874781
trade-client,trade,1.31712500001413
trade-client,trade,1.777250000031927
trade-client,trade,1.545249999992393
trade-client,trade,1.260291999983565
trade-client,trade,0.8130420000043159
trade-client,trade,1.3055000000008476
trade-client,trade,1.384332999975868
trade-client,trade,0.7204170000250087
trade-client,trade,1.286041000014393
trade-client,trade,1.0803750000150103
trade-client,trade,2.775125000027856
trade-client,trade,0.7604169999808619
trade-client,trade,1.1662079999723574
trade-client,trade,0.8784579999883135
trade-client,trade,2.066791999993711
trade-client,trade,1.4485410000020238
trade-client,trade,1.9719590000022436
trade-client,trade,1.395042000012836
trade-client,trade,1.1978750000025684
trade-client,trade,1.9552090000161115
trade-client,trade,0.8589170000163904
trade-client,trade,0.5178750000141008
trade-client,trade,0.6975829999760208
trade-client,trade,1.1545830000159185
trade-client,trade,1.0772499999802676
trade-client,trade,0.8703749999767751
trade-client,trade,0.9590829999979178
trade-client,trade,0.9977500000104556
trade-client,trade,1.3480419999609694
trade-client,trade,0.972375000003467
trade-client,trade,0.7632909999983895
trade-client,trade,0.9647920000475096
trade-client,trade,0.7587079999780144
trade-client,trade,0.9755830000131027
trade-client,trade,1.3181250000116052
trade-client,trade,0.899375000017244
trade-client,trade,1.444959000025392
trade-client,trade,0.7956670000339727
trade-client,trade,0.6770420000066224
trade-client,trade,1.1898329999553425
trade-client,trade,1.4360000000124273
trade-client,trade,0.827999999955864
trade-client,trade,0.7599580000032802
trade-client,trade,0.8592499999622305
trade-client,trade,1.2331249999988358
trade-client,trade,1.2387500000272667
trade-client,trade,1.0028749999833053
trade-client,trade,0.49074999998310886
trade-client,trade,0.5587910000031115
trade-client,trade,0.7702089999952477
trade-client,trade,0.7794579999540474
trade-client,trade,1.4466670000388149
trade-client,trade,0.9394580000048336
trade-client,trade,0.7830000000126347
trade-client,trade,0.7352499999910833
trade-client,trade,0.71908400002485
trade-client,trade,1.4582499999846732
trade-client,trade,1.0686250000162545
trade-client,trade,0.9395419999691512
trade-client,trade,0.8456670000214217
trade-client,trade,0.8915829999978087
trade-client,trade,1.194084000019302
trade-client,trade,2.526459000023351
trade-client,trade,0.8244999999647007
trade-client,trade,0.8414170000037302
trade-client,trade,0.9799580000162678
trade-client,trade,1.9859999999880529
trade-client,trade,1.198791000035726
trade-client,trade,0.9916670000507111
trade-client,trade,1.1736659999996846
trade-client,trade,1.0059169999863116
trade-client,trade,0.9227499999724387
trade-client,trade,1.116957999954593
trade-client,trade,1.0710409999887816
trade-client,trade,0.9557910000239644
trade-client,trade,0.9310840000011922
trade-client,trade,1.0355840000215721
trade-client,trade,1.2614589999770942
trade-client,trade,1.0673749999909887
trade-client,trade,0.8268749999729152
trade-client,trade,0.7918329999938578
trade-client,trade,1.9964590000540738
trade-client,trade,1.0179160000234333
trade-client,trade,0.7617499999810207
trade-client,trade,1.1729999999943175
trade-client,trade,1.1281669999902988
trade-client,trade,0.9644159999879776
trade-client,trade,1.228083000000879
trade-client,trade,1.4118329999632806
trade-client,trade,1.7890409999949952
trade-client,trade,1.972333000026083
trade-client,trade,0.9043750000046202
trade-client,trade,1.3412499999958527
trade-client,trade,0.8568750000108594
trade-client,trade,1.2888339999790333
trade-client,trade,0.8801249999805805
trade-client,trade,1.0443340000279022
trade-client,trade,1.1081250000302134
trade-client,trade,1.7028749999781212
trade-client,trade,1.1590419999834012
trade-client,trade,1.0889170000041304
trade-client,trade,1.2682500000096297
trade-client,trade,1.173625000035372
trade-client,trade,0.9742080000023634
trade-client,trade,0.9689579999871967
trade-client,trade,0.9760410000012598
trade-client,trade,0.9627910000062911
trade-client,trade,1.4799169999832884
trade-client,trade,0.8043749999728789
trade-client,trade,0.928499999986343
trade-client,trade,1.0398750000035761
trade-client,trade,1.129333999983828
trade-client,trade,0.7119999999645188
trade-client,trade,0.6161659999861513
trade-client,trade,0.7958329999837588
trade-client,trade,0.9585829999991802
trade-client,trade,1.0098750000224754
trade-client,trade,0.7361669999568221
trade-client,trade,1.1611670000206686
trade-client,trade,1.8389589999969758
trade-client,trade,0.9835839999823293
trade-client,trade,1.1012919999870974
trade-client,trade,1.4620420000142076
trade-client,trade,1.3973329999998896
trade-client,trade,1.145708999956696
trade-client,trade,1.0927499999979773
trade-client,trade,1.6844159999891417
trade-client,trade,1.20224999994889
trade-client,trade,1.0586669999952392
trade-client,trade,0.8262079999781236
trade-client,trade,1.2280409999902986
trade-client,trade,1.2520829999971284
trade-client,trade,1.6665830000306414
trade-client,trade,1.1431249999986903
trade-client,trade,0.7564160000015363
trade-client,trade,0.6613749999928586
trade-client,trade,1.3078750000090622
trade-client,trade,0.79624999995076
trade-client,trade,0.7485419999966325
trade-client,trade,1.2078749999773208
trade-client,trade,0.9050000000456748
trade-client,trade,1.5466659999674448
trade-client,trade,1.0447920000160593
trade-client,trade,1.239333999990322
trade-client,trade,0.9717500000192558
trade-client,trade,0.8320000000026084
trade-client,trade,0.9985840000013013
trade-client,trade,0.9544580000238057
trade-client,trade,0.8772500000304717
trade-client,trade,0.976875000048949
trade-client,trade,0.7366659999661351
trade-client,trade,0.9592920000045524
trade-client,trade,0.7015840000121898
trade-client,trade,1.365540999984205
trade-client,trade,0.8197919999588521
trade-client,trade,0.8895000000279651
trade-client,trade,0.5963749999864376
trade-client,trade,0.5332500000463369
trade-client,trade,0.822208000045066
trade-client,trade,1.1282920000326158
trade-client,trade,0.9484590000283788
trade-client,trade,0.6632500000023356
trade-client,trade,1.3455420000241247
trade-client,trade,1.042749999953685
trade-client,trade,1.2712500000020555
trade-client,trade,0.593832999982169
trade-client,trade,0.8054580000020906
trade-client,trade,0.7453750000081527
trade-client,trade,0.591291999967325
trade-client,trade,0.7065409999995609
trade-client,trade,0.5302920000076483
trade-client,trade,0.8049589999927775
trade-client,trade,0.7253329999912239
trade-client,trade,0.8050830000456699
trade-client,trade,0.5713329999821326
trade-client,trade,0.8349169999632977
trade-client,trade,0.7663339999908203
trade-client,trade,1.139625000007527
trade-client,trade,0.8914580000123351
trade-client,trade,0.99095899997792
trade-client,trade,0.8489580000059505
trade-client,trade,0.9725839999532582
trade-client,trade,1.0046250000073087
trade-client,trade,1.459875000023203
trade-client,trade,0.9223749999591746
trade-client,trade,2.0873750000305336
trade-client,trade,0.9355839999898308
trade-client,trade,1.5668749999804277
trade-client,trade,0.8497499999862157
trade-client,trade,1.2477920000151244
trade-client,trade,1.3057909999929507
trade-client,trade,0.9438330000079986
trade-client,trade,0.8103749999577303
trade-client,trade,1.341166000031535
trade-client,trade,1.1382920000073682
trade-client,trade,1.0934170000496124
trade-client,trade,1.2030000000322616
trade-client,trade,0.9246669999924961
trade-client,trade,1.222874999996293
trade-client,trade,1.580750000016451
trade-client,trade,2.5563329999727102
trade-client,trade,0.7302089999825512
trade-client,trade,0.6905420000293816
trade-client,trade,1.3917089999608834
trade-client,trade,1.0978750000276705
trade-client,trade,0.7418330000064088
trade-client,trade,1.1797089999845412
trade-client,trade,1.42995900000642
trade-client,trade,0.732042000038291
trade-client,trade,1.1259169999675578
trade-client,trade,0.9237499999699139
trade-client,trade,1.143874999968375
trade-client,trade,0.8856249999666943
trade-client,trade,1.0434579999696325
trade-client,trade,0.8979170000316117
trade-client,trade,0.9971669999799815
trade-client,trade,0.9702080000124624
trade-client,trade,0.5275419999861697
trade-client,trade,0.6151660000455195
trade-client,trade,0.930457999970713
trade-client,trade,2.250290999995741
trade-client,trade,1.371957999992901
trade-client,trade,0.744417000021258
trade-client,trade,0.9534170000051745
trade-client,trade,0.8044579999477719
trade-client,trade,1.0020409999924595
trade-client,trade,0.9146250000071632
trade-client,trade,0.886625000021013
trade-client,trade,1.1315419999959886
trade-client,trade,0.8679580000148235
trade-client,trade,1.3327920000278937
trade-client,trade,0.7534169999985352
trade-client,trade,0.7114590000014687
trade-client,trade,0.8947080000325514
trade-client,trade,0.6580419999977494
trade-client,trade,0.7344169999896621
trade-client,trade,1.4182080000182395
trade-client,trade,0.7890420000080667
trade-client,trade,2.227333999996972
trade-client,trade,1.2866249999774482
trade-client,trade,1.2277089999770396
trade-client,trade,1.0760420000224258
trade-client,trade,1.0925000000270302
trade-client,trade,0.7698750000031396
trade-client,trade,1.1809999999741194
trade-client,trade,1.4572079999766174
trade-client,trade,0.8278749999703905
trade-client,trade,1.2856250000368163
trade-client,trade,0.7487089999926866
trade-client,trade,1.2159579999888592
trade-client,trade,1.0454170000002705
trade-client,trade,0.6057909999981348
trade-client,trade,0.7798329999673115
trade-client,trade,0.6267499999808024
trade-client,trade,0.9786670000266895
trade-client,trade,1.0743330000195783
trade-client,trade,0.765666000006604
trade-client,trade,0.8100420000118902
trade-client,trade,1.026916999990135
trade-client,trade,0.7874169999695368
trade-client,trade,0.9719580000364658
trade-client,trade,1.108833000046161
trade-client,trade,0.9918330000004971
trade-client,trade,1.2651669999854676
trade-client,trade,1.6369169999848054
trade-client,trade,0.6630419999851256
trade-client,trade,1.4212909999855583
trade-client,trade,1.1253330000045025
trade-client,trade,0.7856660000129523
trade-client,trade,0.9993750000489854
trade-client,trade,0.6490000000098917
trade-client,trade,0.8264159999953336
trade-client,trade,0.5787499999883039
trade-client,trade,1.6688750000071195
trade-client,trade,1.8663749999632273
trade-client,trade,0.9860839999760174
trade-client,trade,0.9254579999833368
trade-client,trade,1.7719999999599167
trade-client,trade,0.9425420000184204
trade-client,trade,1.1423749999721622
trade-client,trade,0.9648329999549787
trade-client,trade,0.9755420000487902
trade-client,trade,1.9159999999942556
trade-client,trade,1.734125000041331
trade-client,trade,1.3960839999640484
trade-client,trade,2.0770829999605667
trade-client,trade,1.2080829999945308
trade-client,trade,1.9103329999552443
trade-client,trade,2.852834000009352
trade-client,trade,1.2473749999912798
trade-client,trade,0.8529579999958514
trade-client,trade,0.978291999956582
trade-client,trade,1.5594579999742564
trade-client,trade,3.224124999974265
trade-client,trade,1.4981250000118962
trade-client,trade,1.2604170000258819
trade-client,trade,0.914082999997845
trade-client,trade,1.3328750000027867
trade-client,trade,1.193624999984877
trade-client,trade,1.2237500000082946
trade-client,trade,0.7674579999843445
trade-client,trade,0.8175830000141104
trade-client,trade,1.9198339999775271
trade-client,trade,0.983082999994167
trade-client,trade,1.026292000005924
trade-client,trade,0.9502909999810072
trade-client,trade,1.0660000000370928
trade-client,trade,3.4909579999862217
trade-client,trade,0.9997909999697185
trade-client,trade,0.7909590000281241
trade-client,trade,0.9239579999871239
trade-client,trade,1.219458000036866
trade-client,trade,1.4276250000193613
trade-client,trade,0.960291000012603
trade-client,trade,0.8588750000058099
trade-client,trade,1.0681670000280974
trade-client,trade,0.9232500000280197
trade-client,trade,1.6108749999830252
trade-client,trade,1.009874999965632
trade-client,trade,0.9254170000190243
trade-client,trade,0.9076660000459924
trade-client,trade,0.7709999999860884
trade-client,trade,0.6887499999947977
trade-client,trade,1.21458299997812
trade-client,trade,1.6171249999956672
trade-client,trade,1.196250000020882
trade-client,trade,1.2975000000210457
trade-client,trade,1.3880829999948219
trade-client,trade,0.8839159999638468
trade-client,trade,1.0991659999604053
trade-client,trade,0.9104999999749452
trade-client,trade,1.148375000013857
trade-client,trade,1.4270419999888873
trade-client,trade,0.9840420000273298
trade-client,trade,0.8219999999710126
trade-client,trade,0.8184170000049562
trade-client,trade,2.882833999990453
trade-client,trade,1.4821660000166048
trade-client,trade,0.798499999973501
trade-client,trade,1.0359999999991487
trade-client,trade,1.1928330000046117
trade-client,trade,1.0523329999614361
trade-client,trade,1.0319999999524043
trade-client,trade,1.2704170000006343
trade-client,trade,1.896625000028962
trade-client,trade,0.7206669999959558
trade-client,trade,1.1595839999927193
trade-client,trade,1.1858750000328655
trade-client,trade,1.0712920000059967
trade-client,trade,1.0239580000188653
trade-client,trade,1.7268750000312139
trade-client,trade,1.0423339999761083
trade-client,trade,2.6781249999885404
trade-client,trade,1.1342500000068867
trade-client,trade,0.9567500000002838
trade-client,trade,1.5549160000318807
trade-client,trade,1.018290999979854
trade-client,trade,0.9653339999999844
trade-client,trade,0.7762500000012551
trade-client,trade,1.1074170000142658
trade-client,trade,2.215165999984947
trade-client,trade,1.6435420000107115
trade-client,trade,0.7442920000357844
trade-client,trade,1.1459589999844866
trade-client,trade,2.7916249999861975
trade-client,trade,1.2139579999939087
trade-client,trade,1.2831669999968653
trade-client,trade,3.627542000003814
trade-client,trade,1.2780839999777527
trade-client,trade,0.7884999999987485
trade-client,trade,1.4402499999732754
trade-client,trade,2.2973330000013448
trade-client,trade,3.75987500001429
trade-client,trade,1.7370829999663329
trade-client,trade,1.3845830000036585
trade-client,trade,1.5126669999858677
trade-client,trade,1.198249999958989
trade-client,trade,1.193624999984877
trade-client,trade,0.7252080000057504
trade-client,trade,0.9081669999773112
trade-client,trade,0.8672080000451388
trade-client,trade,1.5487500000403998
trade-client,trade,0.9878330000105962
trade-client,trade,1.7669999999725405
trade-client,trade,1.6717920000246522
trade-client,trade,1.393084000028466
trade-client,trade,0.936666999962199
trade-client,trade,1.0036250000098335
trade-client,trade,0.4511249999836764
trade-client,trade,1.1070420000010017
trade-client,trade,0.8286249999969186
trade-client,trade,0.7910830000241731
trade-client,trade,0.8670830000028218
trade-client,trade,2.629459000047518
trade-client,trade,1.5681250000056934
trade-client,trade,2.116707999959999
trade-client,trade,1.2384999999994761
trade-client,trade,0.9859160000473821
trade-client,trade,2.645583000003171
trade-client,trade,4.002124999999523
trade-client,trade,0.637916000016503
trade-client,trade,3.2095419999791375
trade-client,trade,1.5494589999889286
trade-client,trade,1.2784999999553293
trade-client,trade,0.8826659999954245
trade-client,trade,1.9751250000012988
trade-client,trade,1.1939579999875605
trade-client,trade,1.0789579999936905
trade-client,trade,1.2077080000381102
trade-client,trade,0.9300409999468684
trade-client,trade,1.6608340000061617
trade-client,trade,1.2360420000163685
trade-client,trade,1.4492499999505526
trade-client,trade,1.0770000000093205
trade-client,trade,0.7810829999925772
trade-client,trade,1.2256669999715086
trade-client,trade,1.2084170000434824
trade-client,trade,0.8775000000014188
trade-client,trade,2.104291000023295
trade-client,trade,1.0365840000190474
trade-client,trade,1.1255409999648691
trade-client,trade,0.9137499999951615
trade-client,trade,1.4968749999866304
trade-client,trade,0.8396669999797268
trade-client,trade,0.8548750000159089
trade-client,trade,1.2742079999839007
trade-client,trade,0.9738339999785239
trade-client,trade,0.934667000024092
trade-client,trade,0.6697090000216122
trade-client,trade,1.0823329999993803
trade-client,trade,1.227833000029932
trade-client,trade,1.4877499999670363
trade-client,trade,0.9227080000187016
trade-client,trade,0.8250839999845994
trade-client,trade,0.6211669999629521
trade-client,trade,1.3291249999838328
trade-client,trade,1.9368339999914497
trade-client,trade,1.6097089999789205
trade-client,trade,1.193999999998141
trade-client,trade,1.5838750000511936
trade-client,trade,1.746500000024298
trade-client,trade,1.150166000002173
trade-client,trade,0.7584169999859114
trade-client,trade,1.1473749999595384
trade-client,trade,1.5917919999992591
trade-client,trade,0.9540830000105416
trade-client,trade,0.5872499999668435
trade-client,trade,0.5863339999905293
trade-client,trade,0.7749999999759893
trade-client,trade,3.71800000004896
trade-client,trade,1.2961250000103064
trade-client,trade,1.376250000021173
trade-client,trade,1.5860409999959302
trade-client,trade,0.7900420000055419
trade-client,trade,0.7922909999820149
trade-client,trade,1.5044579999994312
trade-client,trade,1.361167000027308
trade-client,trade,0.9316669999748228
trade-client,trade,0.7005829999684465
trade-client,trade,1.1579160000110278
trade-client,trade,1.1255000000005566
trade-client,trade,0.817499999982374
trade-client,trade,1.145790999999008
trade-client,trade,0.6292499999744905
trade-client,trade,0.865624999960346
trade-client,trade,1.4761250000105974
trade-client,trade,1.2318750000304135
trade-client,trade,0.6956670000022314
trade-client,trade,0.830457999995815
trade-client,trade,0.9151250000059008
trade-client,trade,1.0255839999899763
trade-client,trade,1.0067919999983133
trade-client,trade,1.7753749999656065
trade-client,trade,1.112250000005588
trade-client,trade,0.8505419999664809
trade-client,trade,1.0220419999882324
trade-client,trade,0.8483750000323198
trade-client,trade,0.6581670000400663
trade-client,trade,2.2269169999731275
trade-client,trade,0.8452499999975771
trade-client,trade,0.8894999999711217
trade-client,trade,0.6114159999697222
trade-client,trade,0.9791250000148466
trade-client,trade,1.1310420000540944
trade-client,trade,1.5085829999748057
trade-client,trade,0.6832499999518404
trade-client,trade,1.116957999954593
trade-client,trade,1.133290999973724
trade-client,trade,1.717250000012882
trade-client,trade,0.8342080000147689
trade-client,trade,0.9400000000141517
trade-client,trade,1.2462920000189115
trade-client,trade,1.1614160000021911
trade-client,trade,1.1384590000034223
trade-client,trade,1.2116249999962747
trade-client,trade,1.023833999965973
trade-client,trade,0.9972910000328739
trade-client,trade,4.056291000040346
trade-client,trade,1.062332999993032
trade-client,trade,0.8715829999914604
trade-client,trade,1.1890000000107648
trade-client,trade,1.6998750000425389
trade-client,trade,0.6674169999882906
trade-client,trade,0.8932920000006561
trade-client,trade,1.2469999999780157
trade-client,trade,1.6508749999957217
trade-client,trade,1.0127909999937401
trade-client,trade,1.087541999993391
trade-client,trade,1.6317089999802192
trade-client,trade,1.0093750000237378
trade-client,trade,1.8694590000336575
trade-client,trade,0.844707999988259
trade-client,trade,1.0147909999886906
trade-client,trade,1.0298340000076678
trade-client,trade,1.9547080000279493
trade-client,trade,0.9748329999865746
trade-client,trade,0.9951659999956064
trade-client,trade,0.9790419999831101
trade-client,trade,1.0850410000102784
trade-client,trade,0.8451669999658407
trade-client,trade,0.9437919999868427
trade-client,trade,0.6909580000069582
trade-client,trade,0.8437909999656767
trade-client,trade,1.2673329999870475
trade-client,trade,1.788500000031945
trade-client,trade,0.6975420000117083
trade-client,trade,1.1850420000314443
trade-client,trade,0.7557910000173251
trade-client,trade,1.0252499999978681
trade-client,trade,1.1990000000423606
trade-client,trade,0.6350830000201313
trade-client,trade,1.3142500000071777
trade-client,trade,1.4605409999717267
trade-client,trade,2.1245840000005956
trade-client,trade,0.8859590000156459
trade-client,trade,1.0502910000127486
trade-client,trade,0.8273749999716529
trade-client,trade,0.7756670000276245
trade-client,trade,0.8881249999603824
trade-client,trade,1.1726249999810534
trade-client,trade,0.7157499999834727
trade-client,trade,0.7047910000324009
trade-client,trade,0.9276669999849219
trade-client,trade,2.180750000036369
trade-client,trade,0.8295829999838134
trade-client,trade,1.1001669999473052
trade-client,trade,1.104916000031153
trade-client,trade,1.462000000003627
trade-client,trade,0.6133329999897796
trade-client,trade,0.6303330000037022
trade-client,trade,0.8086250000474138
trade-client,trade,1.2399579999851085
trade-client,trade,1.2908329999845591
trade-client,trade,2.296750000027714
trade-client,trade,3.637709000031464
trade-client,trade,0.8248330000242277
trade-client,trade,0.8317090000105054
trade-client,trade,0.8867500000064865
trade-client,trade,1.8878750000226319
trade-client,trade,1.1134579999634298
trade-client,trade,0.8065419999638834
trade-client,trade,1.0908329999779198
trade-client,trade,0.8964169999785554
trade-client,trade,1.1767920000238519
trade-client,trade,1.011667000000216
trade-client,trade,0.6961249999903885
trade-client,trade,0.8637080000539754
trade-client,trade,0.7135000000175751
trade-client,trade,1.4552499999922475
trade-client,trade,0.9797079999884772
trade-client,trade,0.9711249999782012
trade-client,trade,0.8689169999911428
trade-client,trade,0.803000000018983
trade-client,trade,0.972084000011364
trade-client,trade,0.8813329999952657
trade-client,trade,1.0437500000080036
trade-client,trade,1.3235000000122454
trade-client,trade,0.7474579999779962
trade-client,trade,1.436209000019062
trade-client,trade,1.0107499999776337
trade-client,trade,0.5425419999482983
trade-client,trade,1.1106250000239015
trade-client,trade,0.9313329999827147
trade-client,trade,1.2317910000092525
trade-client,trade,0.9479169999622172
trade-client,trade,1.1773749999974825
trade-client,trade,1.6967909999721087
trade-client,trade,1.3314589999708915
trade-client,trade,1.1719579999862617
trade-client,trade,1.08691700000918
trade-client,trade,0.888750000001437
trade-client,trade,0.6677089999698183
trade-client,trade,1.280040999972698
trade-client,trade,0.746375000005628
trade-client,trade,0.959707999982129
trade-client,trade,0.9428330000105234
trade-client,trade,0.9093749999919964
trade-client,trade,1.3159169999994447
trade-client,trade,0.8918750000361797
trade-client,trade,1.2188749999495485
trade-client,trade,0.8797080000135793
trade-client,trade,1.5262079999729394
trade-client,trade,1.4459589999660238
trade-client,trade,1.1552920000212907
trade-client,trade,0.9922919999780788
trade-client,trade,0.9598329999676025
trade-client,trade,1.1777089999895907
trade-client,trade,0.9344580000174574
trade-client,trade,0.9630000000129257
trade-client,trade,0.9230829999751222
trade-client,trade,0.6051249999927677
trade-client,trade,1.3527500000236614
trade-client,trade,0.7579169999871738
trade-client,trade,0.8895839999922828
trade-client,trade,1.0950000000207183
trade-client,trade,1.3404999999693246
trade-client,trade,1.1764999999854808
trade-client,trade,0.7344590000002427
trade-client,trade,1.2567079999712405
trade-client,trade,0.7966250000208674
trade-client,trade,1.0780000000067957
trade-client,trade,2.0265830000312235
trade-client,trade,0.8193750000486943
trade-client,trade,0.9689580000440401
trade-client,trade,1.413791000004494
trade-client,trade,1.7127090000030876
trade-client,trade,1.1166659999730655
trade-client,trade,0.6114589999697273
trade-client,trade,0.7084590000090429
trade-client,trade,1.540666999972018
trade-client,trade,1.0987499999828287
trade-client,trade,0.9842910000088523
trade-client,trade,1.2506249999546526
trade-client,trade,0.9135409999885269
trade-client,trade,1.7099169999710284
trade-client,trade,0.6266249999953288
trade-client,trade,1.2225000000398722
trade-client,trade,1.1558330000411843
trade-client,trade,2.959125000018048
trade-client,trade,0.9811670000203776
trade-client,trade,1.041374999999789
trade-client,trade,0.8133750000069995
trade-client,trade,1.2652920000277845
trade-client,trade,1.3465829999859125
trade-client,trade,1.072665999970468
trade-client,trade,1.016625000033855
trade-client,trade,1.0171669999863298
trade-client,trade,1.0604999999941356
trade-client,trade,1.1168329999691196
trade-client,trade,1.871542000003501
trade-client,trade,1.1869580000052338
trade-client,trade,0.9722500000179934
trade-client,trade,0.7892919999790138
trade-client,trade,1.66212499999574
trade-client,trade,1.0577080000189198
trade-client,trade,1.4274170000021513
trade-client,trade,1.012291999984427
trade-client,trade,0.5692499999554457
trade-client,trade,0.9596670000178165
trade-client,trade,1.1362909999661497
trade-client,trade,0.8229170000504382
trade-client,trade,1.129082999966613
trade-client,trade,1.869458000044233
trade-client,trade,1.5343750000056389
trade-client,trade,1.0567499999751817
trade-client,trade,1.0588330000018686
trade-client,trade,1.2036659999807853
trade-client,trade,0.9002499999724023
trade-client,trade,1.7157909999809817
trade-client,trade,0.8695000000216169
trade-client,trade,0.7172499999796855
trade-client,trade,0.8533330000091155
trade-client,trade,0.8701669999595651
trade-client,trade,1.020707999998649
trade-client,trade,0.932417000001351
trade-client,trade,1.2199999999893407
trade-client,trade,0.8547499999735919
trade-client,trade,0.8014580000121896
trade-client,trade,1.5734590000420212
trade-client,trade,1.0616249999770844
trade-client,trade,0.8034580000071401
trade-client,trade,1.2683749999951033
trade-client,trade,0.8226659999763797
trade-client,trade,0.9770419999881597
trade-client,trade,2.0218749999685315
trade-client,trade,0.8373750000032487
trade-client,trade,0.9030420000044614
trade-client,trade,1.4367500000389555
trade-client,trade,1.3910839999766722
trade-client,trade,1.346791999992547
trade-client,trade,0.9714170000165723
trade-client,trade,0.9083749999945212
trade-client,trade,2.163833999986764
trade-client,trade,1.7424999999775537
trade-client,trade,1.3887499999896136
trade-client,trade,1.6074580000235983
trade-client,trade,0.7851670000036393
trade-client,trade,1.2489590000086537
trade-client,trade,1.9226669999738988
trade-client,trade,1.118584000039391
trade-client,trade,0.6429160000038792
trade-client,trade,0.5323750000343352
trade-client,trade,0.868083000000297
trade-client,trade,1.3460839999765994
trade-client,trade,1.1449590000438548
trade-client,trade,1.062374999946769
trade-client,trade,0.7840409999744224
trade-client,trade,0.5791670000121485
trade-client,trade,2.79845799997247
trade-client,trade,0.6701660000203447
trade-client,trade,1.4481669999781843
trade-client,trade,1.3373330000376882
trade-client,trade,0.8154159999662625
trade-client,trade,1.3532090000012431
trade-client,trade,0.788249999970958
trade-client,trade,1.0550829999829148
trade-client,trade,0.9234999999989668
trade-client,trade,0.7757500000025175
trade-client,trade,0.8812500000203727
trade-client,trade,1.0132500000281652
trade-client,trade,1.2752089999708005
trade-client,trade,1.6575829999965208
trade-client,trade,1.0815830000296955
trade-client,trade,1.0623750000036125
trade-client,trade,0.9557500000028085
trade-client,trade,1.1739589999706368
trade-client,trade,0.7857500000341133
trade-client,trade,0.8335419999525584
trade-client,trade,1.1124579999659545
trade-client,trade,1.4667500000200562
trade-client,trade,1.0273340000139797
trade-client,trade,1.4211250000357722
trade-client,trade,1.3982499999656284
trade-client,trade,1.6176670000049853
trade-client,trade,0.715291000005891
trade-client,trade,1.5530420000118283
trade-client,trade,0.7361670000136655
trade-client,trade,1.0231249999606007
trade-client,trade,0.8868339999708041
trade-client,trade,1.0000830000080896
trade-client,trade,1.3812500000085493
trade-client,trade,1.0254169999939222
trade-client,trade,1.3016670000070008
trade-client,trade,0.7475829999634698
trade-client,trade,0.8337090000054559
trade-client,trade,1.0172500000180662
trade-client,trade,1.3024579999978414
trade-client,trade,2.1837079999613707
trade-client,trade,3.012083999976767
trade-client,trade,1.1671660000160955
trade-client,trade,2.698959000042578
trade-client,trade,2.1603329999493326
trade-client,trade,2.4886669999659716
trade-client,trade,1.2659170000119957
trade-client,trade,1.2635839999575182
trade-client,trade,1.9583330000045862
trade-client,trade,2.0085830000198257
trade-client,trade,1.060375000008662
trade-client,trade,1.0921250000137661
trade-client,trade,1.139792000003581
trade-client,trade,1.6436249999856045
trade-client,trade,1.1777920000213271
trade-client,trade,1.1379169999941041
trade-client,trade,0.9435420000158956
trade-client,trade,1.4043339999716409
trade-client,trade,1.080957999988641
trade-client,trade,0.8972910000011325
trade-client,trade,1.093458000013925
trade-client,trade,1.7952500000433247
trade-client,trade,1.8838749999758875
trade-client,trade,1.7208340000252065
trade-client,trade,1.8522080000025198
trade-client,trade,2.396832999977505
trade-client,trade,1.0186250000288055
trade-client,trade,1.2531669999589212
trade-client,trade,1.130959000022358
trade-client,trade,1.1276669999915612
trade-client,trade,0.8537090000118042
trade-client,trade,1.465832999997474
trade-client,trade,1.2409579999825837
trade-client,trade,1.758792000032372
trade-client,trade,1.2429999999881147
trade-client,trade,1.7668330000333299
trade-client,trade,1.540959000010389
trade-client,trade,0.8455839999896853
trade-client,trade,2.107249999994565
trade-client,trade,1.9473339999649397
trade-client,trade,1.028625000003558
trade-client,trade,1.3342080000029455
trade-client,trade,0.8392909999770382
trade-client,trade,1.161040999988927
trade-client,trade,1.6424159999814947
trade-client,trade,0.9466250000400578
trade-client,trade,1.4547499999935098
trade-client,trade,0.9817499999940082
trade-client,trade,0.5615000000034343
trade-client,trade,0.901124999984404
trade-client,trade,1.0632089999944583
trade-client,trade,0.8404590000168355
trade-client,trade,1.7004169999950136
trade-client,trade,0.9364580000124079
trade-client,trade,2.1844999999984793
trade-client,trade,0.7921249999753854
trade-client,trade,0.8135000000493164
trade-client,trade,1.0161250000351174
trade-client,trade,0.9957920000260856
trade-client,trade,1.3904999999567735
trade-client,trade,1.1651670000105696
trade-client,trade,1.004125000008571
trade-client,trade,1.4482500000099208
trade-client,trade,1.8779580000227725
trade-client,trade,1.2408329999971102
trade-client,trade,1.0874999999828106
trade-client,trade,0.6359999999858701
trade-client,trade,0.8219169999961196
trade-client,trade,1.6988749999882202
trade-client,trade,0.9160000000179025
trade-client,trade,0.8842920000233789
trade-client,trade,1.3668750000306318
trade-client,trade,1.5802500000177133
trade-client,trade,0.9082500000090477
trade-client,trade,1.110084000004008
trade-client,trade,2.0062919999759288
trade-client,trade,1.2510419999784972
trade-client,trade,1.3513339999917662
trade-client,trade,1.7122909999898184
trade-client,trade,1.0974580000038259
trade-client,trade,0.8315000000038708
trade-client,trade,0.7767079999894122
trade-client,trade,1.231458000006569
trade-client,trade,1.0628339999811942
trade-client,trade,1.1382499999967877
trade-client,trade,0.648207999972783
trade-client,trade,0.8742919999917831
trade-client,trade,1.457790999950248
trade-client,trade,1.731124999992062
trade-client,trade,1.0712089999742602
trade-client,trade,1.680999999962296
trade-client,trade,0.5966249999573847
trade-client,trade,1.0299169999825608
trade-client,trade,0.9547919999590704
trade-client,trade,1.6119590000016615
trade-client,trade,1.0816669999940132
trade-client,trade,0.8831669999835867
trade-client,trade,0.7845420000194281
trade-client,trade,1.3370419999887417
trade-client,trade,1.085124999974596
trade-client,trade,1.1030409999648327
trade-client,trade,1.2985830000502574
trade-client,trade,0.7025419999990845
trade-client,trade,0.9256249999793909
trade-client,trade,1.5437079999855996
trade-client,trade,0.9877500000357031
trade-client,trade,0.8997919999842452
trade-client,trade,0.7627500000353393
trade-client,trade,1.5260830000443093
trade-client,trade,0.9391669999558871
trade-client,trade,2.5797079999847483
trade-client,trade,0.727457999971648
trade-client,trade,0.7035829999608723
trade-client,trade,0.9466669999937949
trade-client,trade,1.1804170000004888
trade-client,trade,0.6730000000061409
trade-client,trade,1.2202080000065507
trade-client,trade,0.9062080000035166
trade-client,trade,0.8083749999627798
trade-client,trade,1.351041000020814
trade-client,trade,0.5388330000073438
trade-client,trade,1.1126659999831645
trade-client,trade,1.1267919999795595
trade-client,trade,0.8222920000093836
trade-client,trade,1.1883340000053977
trade-client,trade,0.8525830000394308
trade-client,trade,0.7042919999662445
trade-client,trade,0.7032499999581887
trade-client,trade,1.1348749999910979
trade-client,trade,1.273458000014216
trade-client,trade,0.805250000041724
trade-client,trade,1.6055830000141214
trade-client,trade,0.8609580000324968
trade-client,trade,0.6670419999750266
trade-client,trade,1.0092919999920014
trade-client,trade,0.9695830000282513
trade-client,trade,1.84687500001246
trade-client,trade,1.1685410000268348
trade-client,trade,1.2092089999669042
trade-client,trade,1.0154999999940628
trade-client,trade,0.769375000004402
trade-client,trade,0.8437079999907837
trade-client,trade,0.8502079999743728
trade-client,trade,0.5951250000180153
trade-client,trade,1.0217090000423923
trade-client,trade,1.3839169999982914
trade-client,trade,0.7102499999973588
trade-client,trade,0.999665999984245
trade-client,trade,0.6431250000105138
trade-client,trade,1.1675840000293647
trade-client,trade,0.7393749999664578
trade-client,trade,0.723624999977801
trade-client,trade,1.3831669999717633
trade-client,trade,1.037208000013834
trade-client,trade,1.110374999996111
trade-client,trade,0.840707999998358
trade-client,trade,1.0249580000163405
trade-client,trade,0.7434999999986758
trade-client,trade,3.5832499999628453
trade-client,trade,0.8209579999629568
trade-client,trade,0.945583000032002
trade-client,trade,0.696457999993072
trade-client,trade,1.3871659999722397
trade-client,trade,0.8631659999878138
trade-client,trade,0.8890839999935451
trade-client,trade,0.8967079999706584
trade-client,trade,0.8559579999882772
trade-client,trade,1.2058749999823704
trade-client,trade,2.4660830000016176
trade-client,trade,1.1638750000315667
trade-client,trade,1.0647089999906711
trade-client,trade,0.9828750000338005
trade-client,trade,1.352499999995871
trade-client,trade,0.9562909999658586
trade-client,trade,1.0570409999672847
trade-client,trade,1.382207999995444
trade-client,trade,0.7963340000287644
trade-client,trade,0.7859589999839045
trade-client,trade,1.105416999962472
trade-client,trade,0.6847920000154772
trade-client,trade,1.2689160000149968
trade-client,trade,0.8474579999528942
trade-client,trade,0.6857920000129525
trade-client,trade,0.9502920000272752
trade-client,trade,1.1968339999839372
trade-client,trade,1.1342500000068867
trade-client,trade,0.9815420000336417
trade-client,trade,1.1104580000278474
trade-client,trade,1.3201660000277116
trade-client,trade,2.2195000000237997
trade-client,trade,1.2016670000321028
trade-client,trade,0.6636250000155997
trade-client,trade,1.075167000010424
trade-client,trade,1.1005000000068321
trade-client,trade,0.8847089999903801
trade-client,trade,1.296124999953463
trade-client,trade,0.9176660000207448
trade-client,trade,0.9285000000431864
trade-client,trade,0.631750000025022
trade-client,trade,0.7924589999674936
trade-client,trade,1.0065420000273662
trade-client,trade,1.373917000023539
trade-client,trade,1.1403749999772117
trade-client,trade,1.2148340000521785
trade-client,trade,0.9242499999686515
trade-client,trade,1.1307500000157233
trade-client,trade,2.1408329999985654
trade-client,trade,1.9943330000273818
trade-client,trade,0.6833329999835769
trade-client,trade,2.484958000025017
trade-client,trade,0.8475829999952111
trade-client,trade,1.0962499999891406
trade-client,trade,0.9387919999994665
trade-client,trade,1.5393329999824346
trade-client,trade,1.3500000000021828
trade-client,trade,0.8178749999956381
trade-client,trade,2.3002919999726146
trade-client,trade,0.9972909999760304
trade-client,trade,1.262999999994463
trade-client,trade,1.5094590000330754
trade-client,trade,0.5487079999966227
trade-client,trade,0.9049999999888314
trade-client,trade,1.1264579999874513
trade-client,trade,0.719750000030217
trade-client,trade,0.8587919999740734
trade-client,trade,1.1786660000439042
trade-client,trade,0.715082999988681
trade-client,trade,1.2507499999969696
trade-client,trade,1.216833000000861
trade-client,trade,1.2374169999702644
trade-client,trade,1.0372919999781516
trade-client,trade,1.4175410000234479
trade-client,trade,0.9736250000287328
trade-client,trade,0.6829170000060003
trade-client,trade,1.0802090000083808
trade-client,trade,0.9874170000330196
trade-client,trade,0.9212499999762258
trade-client,trade,1.622874999952728
trade-client,trade,0.5289589999506461
trade-client,trade,0.9132090000321114
trade-client,trade,1.0671660000411975
trade-client,trade,2.2740829999747803
trade-client,trade,1.1086249999721076
trade-client,trade,0.8213330000330643
trade-client,trade,1.281333999997969
trade-client,trade,3.0019170000059603
trade-client,trade,1.4646669999933692
trade-client,trade,0.6237910000095326
trade-client,trade,1.0741250000023683
trade-client,trade,0.9263329999953385
trade-client,trade,1.1122079999950074
trade-client,trade,1.0575000000017099
trade-client,trade,0.6885000000238506
trade-client,trade,1.0054170000444174
trade-client,trade,1.6086250000171276
trade-client,trade,1.0777499999790052
trade-client,trade,1.8150000000218824
trade-client,trade,2.543083000034585
trade-client,trade,1.4332089999697928
trade-client,trade,1.0856249999733336
trade-client,trade,2.2905420000256527
trade-client,trade,2.0652910000080738
trade-client,trade,0.9731659999943076
trade-client,trade,0.937082999996619
trade-client,trade,1.0531249999985448
trade-client,trade,1.2709160000099473
trade-client,trade,0.8312910000540796
trade-client,trade,1.4131660000202828
trade-client,trade,1.681875000031141
trade-client,trade,5.439207999984319
trade-client,trade,1.4173330000062379
trade-client,trade,1.5945000000101572
trade-client,trade,0.9331669999710357
trade-client,trade,0.974708000001101
trade-client,trade,0.8137499999634201
trade-client,trade,1.637082999991435
trade-client,trade,0.9145000000216896
trade-client,trade,0.7302500000037071
trade-client,trade,0.6431249999536703
trade-client,trade,2.2948330000076567
trade-client,trade,0.7945419999941805
trade-client,trade,0.9883749999630709
trade-client,trade,1.194082999973034
trade-client,trade,0.9613749999743959
trade-client,trade,0.9214159999828553
trade-client,trade,1.0421250000263171
trade-client,trade,0.8392919999664628
trade-client,trade,1.0921249999569227
trade-client,trade,1.1567089999857672
trade-client,trade,1.4375839999729578
trade-client,trade,1.2165829999730704
trade-client,trade,1.0495420000324884
trade-client,trade,0.859708000007231
trade-client,trade,0.7189590000393764
trade-client,trade,0.7281670000338636
trade-client,trade,1.5360829999622183
trade-client,trade,0.6214169999907426
trade-client,trade,0.8231250000108048
trade-client,trade,1.7471250000085092
trade-client,trade,1.2074580000103197
trade-client,trade,1.2849590000314492
trade-client,trade,0.5822910000006232
trade-client,trade,1.139957999953367
trade-client,trade,1.2728330000300048
trade-client,trade,3.201499999988755
trade-client,trade,1.154167000038342
trade-client,trade,0.7314580000183923
trade-client,trade,1.3921249999953034
trade-client,trade,1.079041999958008
trade-client,trade,1.0681250000175169
trade-client,trade,1.208041999973375
trade-client,trade,0.9323329999801899
trade-client,trade,0.9088329999826783
trade-client,trade,1.775041999962923
trade-client,trade,0.7947910000325464
trade-client,trade,1.1345839999989948
trade-client,trade,0.7623340000009193
trade-client,trade,0.6049169999755577
trade-client,trade,0.5960419999837541
trade-client,trade,1.043458000026476
trade-client,trade,1.239832999999635
trade-client,trade,1.8356670000230224
trade-client,trade,0.8564999999975953
trade-client,trade,0.8695829999965099
trade-client,trade,1.1714999999981046
trade-client,trade,1.357417000008354
trade-client,trade,0.8341250000398759
trade-client,trade,0.8719580000047245
trade-client,trade,1.198375000001306
trade-client,trade,0.9621670000115046
trade-client,trade,0.9743330000446804
trade-client,trade,0.6319999999959691
trade-client,trade,0.7852919999891128
trade-client,trade,1.4372919999914302
trade-client,trade,1.2932500000033542
trade-client,trade,0.8112909999908879
trade-client,trade,2.829415999997309
trade-client,trade,0.964165999960187
trade-client,trade,0.9504579999770613
trade-client,trade,1.2030420000428421
trade-client,trade,0.688083000000006
trade-client,trade,0.8068750000234104
trade-client,trade,1.7364579999821217
trade-client,trade,0.7829999999557913
trade-client,trade,1.0215830000106507
trade-client,trade,0.5662910000410193
trade-client,trade,0.980749999996533
trade-client,trade,2.3285830000077112
trade-client,trade,0.9923329999992347
trade-client,trade,0.9684590000347271
trade-client,trade,1.2639999999919382
trade-client,trade,1.6004579999844282
trade-client,trade,1.0492500000509608
trade-client,trade,1.0234999999738648
trade-client,trade,1.137875000040367
trade-client,trade,1.4463750000004438
trade-client,trade,1.160292000008667
trade-client,trade,0.9321669999735605
trade-client,trade,1.00187499998583
trade-client,trade,1.2531250000051841
trade-client,trade,1.235624999992524
trade-client,trade,0.7893339999895943
trade-client,trade,0.6102920000330414
trade-client,trade,0.7736250000220934
trade-client,trade,1.163291000011668
trade-client,trade,3.6113749999913125
trade-client,trade,0.9689579999871967
trade-client,trade,0.7763749999867287
trade-client,trade,1.1299169999574588
trade-client,trade,1.241458999970746
trade-client,trade,1.3005419999672085
trade-client,trade,0.8023340000136159
trade-client,trade,0.8353750000082982
trade-client,trade,1.1706670000535269
trade-client,trade,0.8104579999894668
trade-client,trade,0.7007090000001881
trade-client,trade,0.7248330000493297
trade-client,trade,1.198084000009203
trade-client,trade,1.2580000000070868
trade-client,trade,0.70912500001441
trade-client,trade,0.6807920000255763
trade-client,trade,1.0570830000347087
trade-client,trade,0.6014169999843944
trade-client,trade,1.1737909999851581
trade-client,trade,1.5925000000152068
trade-client,trade,0.6351669999844489
trade-client,trade,1.015916999961064
trade-client,trade,0.8914999999660722
trade-client,trade,1.302417000033529
trade-client,trade,1.3228329999606103
trade-client,trade,0.9344169999963015
trade-client,trade,0.7223749999525353
trade-client,trade,1.039165999998204
trade-client,trade,0.6943749999663851
trade-client,trade,3.3218749999832653
trade-client,trade,2.4752500000317923
trade-client,trade,2.023750000034852
trade-client,trade,0.8332919999816113
trade-client,trade,1.2896250000267173
trade-client,trade,1.1326249999683569
trade-client,trade,2.1990420000292943
trade-client,trade,1.2265409999940857
trade-client,trade,0.9615000000167129
trade-client,trade,0.6529589999786367
trade-client,trade,0.7030829999621346
trade-client,trade,1.0892909999711264
trade-client,trade,1.2905840000030366
trade-client,trade,0.9852499999851716
trade-client,trade,1.2227920000213999
trade-client,trade,0.8451670000226841
trade-client,trade,0.6073339999943528
trade-client,trade,0.8894580000173846
trade-client,trade,0.7843749999665306
trade-client,trade,1.0899170000016056
trade-client,trade,1.0622909999824515
trade-client,trade,2.092750000031174
trade-client,trade,2.070457999991504
trade-client,trade,0.8261250000032305
trade-client,trade,1.61841699997467
trade-client,trade,0.9900000000016007
trade-client,trade,0.8907500000532309
trade-client,trade,1.2015420000466293
trade-client,trade,2.1736670000223057
trade-client,trade,1.1215829999855487
trade-client,trade,0.7382079999729285
trade-client,trade,0.6641249999574939
trade-client,trade,0.842333999969469
trade-client,trade,1.3947500000313084
trade-client,trade,0.8609590000219214
trade-client,trade,0.6574999999884312
trade-client,trade,0.9095409999986259
trade-client,trade,0.7744159999560907
trade-client,trade,1.3009590000478966
trade-client,trade,0.968000000000302
trade-client,trade,0.9000829999763482
trade-client,trade,0.9700829999701455
trade-client,trade,0.8141250000335276
trade-client,trade,1.2005830000134665
trade-client,trade,1.18125000000191
trade-client,trade,0.8113330000014685
trade-client,trade,0.7251250000308573
trade-client,trade,0.7756250000170439
trade-client,trade,0.7593749999728061
trade-client,trade,1.5726670000049126
trade-client,trade,0.876208000022416
trade-client,trade,0.801250000051823
trade-client,trade,0.9415840000315256
trade-client,trade,2.1118329999580965
trade-client,trade,1.1888340000041353
trade-client,trade,1.0566250000465516
trade-client,trade,1.3915409999754047
trade-client,trade,1.0092919999920014
trade-client,trade,0.6886250000093241
trade-client,trade,0.8857500000090113
trade-client,trade,1.51379200002566
trade-client,trade,0.9039170000164631
trade-client,trade,1.6598329999624184
trade-client,trade,0.573083000006136
trade-client,trade,0.7545830000026399
trade-client,trade,0.8119999999962602
trade-client,trade,0.8186250000221662
trade-client,trade,1.104124999983469
trade-client,trade,1.2266670000258273
trade-client,trade,0.8692079999832458
trade-client,trade,1.0460830000056376
trade-client,trade,0.9061250000286236
trade-client,trade,1.5534999999999854
trade-client,trade,0.9175830000458518
trade-client,trade,1.1786249999659049
trade-client,trade,1.3913750000256186
trade-client,trade,0.685624999960055
trade-client,trade,0.8109999999987849
trade-client,trade,0.8004169999935584
trade-client,trade,0.5477919999634651
trade-client,trade,2.007417000015721
trade-client,trade,2.0074169999588776
trade-client,trade,0.8197079999945345
trade-client,trade,1.3497919999849728
trade-client,trade,1.1453750000214313
trade-client,trade,0.8371249999754582
trade-client,trade,1.1892499999817119
trade-client,trade,1.0616670000445083
trade-client,trade,1.300915999991048
trade-client,trade,1.004333000025781
trade-client,trade,1.6515419999905134
trade-client,trade,0.9478750000084801
trade-client,trade,1.2217920000239246
trade-client,trade,0.7140000000163127
trade-client,trade,0.8647089999840318
trade-client,trade,0.8451250000121036
trade-client,trade,1.3407500000539585
trade-client,trade,1.3981249999801548
trade-client,trade,1.0802500000295367
trade-client,trade,1.412708999964707
trade-client,trade,0.9012080000161404
trade-client,trade,1.0428329999854213
trade-client,trade,1.3382079999928465
trade-client,trade,1.2074169999891637
trade-client,trade,0.8993330000066635
trade-client,trade,0.9132079999858433
trade-client,trade,1.3664999999605243
trade-client,trade,1.2983340000118915
trade-client,trade,0.9475420000057966
trade-client,trade,0.7277089999888631
trade-client,trade,1.5645830000039496
trade-client,trade,3.120749999993677
trade-client,trade,0.8492919999980586
trade-client,trade,0.9456249999857391
trade-client,trade,1.0500000000206455
trade-client,trade,1.0711660000310985
trade-client,trade,0.8974170000328741
trade-client,trade,1.2984580000079404
trade-client,trade,1.0660000000370928
trade-client,trade,1.364958999999999
trade-client,trade,0.9089169999469959
trade-client,trade,1.1318749999986721
trade-client,trade,0.8332919999816113
trade-client,trade,0.6957080000233873
trade-client,trade,0.7607089999623895
trade-client,trade,0.8608750000007603
trade-client,trade,0.6866669999681108
trade-client,trade,0.9437080000225251
trade-client,trade,0.6926249999992251
trade-client,trade,1.4331670000160557
trade-client,trade,1.106333999985054
trade-client,trade,0.6529999999997926
trade-client,trade,1.0294589999944037
trade-client,trade,0.9096659999840995
trade-client,trade,1.7882500000041546
trade-client,trade,0.7187090000115859
trade-client,trade,0.7108750000384134
trade-client,trade,0.7022500000175569
trade-client,trade,1.3458750000268083
trade-client,trade,1.2360420000163685
trade-client,trade,1.5015839999819036
trade-client,trade,1.1962499999640386
trade-client,trade,0.6042079999701855
trade-client,trade,1.120874999969601
trade-client,trade,0.9980419999919832
trade-client,trade,0.9507500000154323
trade-client,trade,1.1440420000212725
trade-client,trade,0.821792000010646
trade-client,trade,1.0067080000339956
trade-client,trade,1.162666000027457
trade-client,trade,1.2831660000074407
trade-client,trade,0.7135000000175751
trade-client,trade,1.2368750000177897
trade-client,trade,1.5182909999680305
trade-client,trade,0.9460420000095837
trade-client,trade,0.9310420000474551
trade-client,trade,1.3184169999931328
trade-client,trade,3.178875000003245
trade-client,trade,4.876500000023043
trade-client,trade,0.9976670000355625
trade-client,trade,0.9054580000338319
trade-client,trade,0.8046250000006694
trade-client,trade,1.2569159999884505
trade-client,trade,0.8037499999886677
trade-client,trade,0.7818749999728425
trade-client,trade,0.9215000000040163
trade-client,trade,0.6676250000055006
trade-client,trade,1.7051660000220181
trade-client,trade,1.2296669999614096
trade-client,trade,1.1317089999920427
trade-client,trade,1.175166999985322
trade-client,trade,1.9020830000044953
trade-client,trade,1.0947499999929278
trade-client,trade,0.868083000000297
trade-client,trade,0.9840000000167493
trade-client,trade,1.002208000045357
trade-client,trade,0.9369590000005701
trade-client,trade,1.3250419999621954
trade-client,trade,1.3577090000467251
trade-client,trade,1.733666000006906
trade-client,trade,0.9006660000068223
trade-client,trade,1.0612079999532398
trade-client,trade,0.6842500000061591
trade-client,trade,0.7175830000392125
trade-client,trade,0.9283750000008695
trade-client,trade,0.648415999989993
trade-client,trade,0.955707999992228
trade-client,trade,0.9859169999799633
trade-client,trade,0.7192079999640555
trade-client,trade,1.2162090000060743
trade-client,trade,1.436500000011165
trade-client,trade,1.108041999998477
trade-client,trade,1.382374999991498
trade-client,trade,1.3305839999588898
trade-client,trade,1.8345419999832302
trade-client,trade,1.194457999986298
trade-client,trade,0.9894579999922826
trade-client,trade,0.7389999999531938
trade-client,trade,1.5630830000077367
trade-client,trade,1.2419580000369024
trade-client,trade,1.584750000006352
trade-client,trade,0.8196669999733786
trade-client,trade,1.0563339999976051
trade-client,trade,0.8233749999817519
trade-client,trade,0.9524160000182746
trade-client,trade,1.8249999999966349
trade-client,trade,1.1518750000050204
trade-client,trade,0.8367919999727746
trade-client,trade,2.0422910000092998
trade-client,trade,1.3855839999905584
trade-client,trade,1.2205419999986589
trade-client,trade,0.817291999965164
trade-client,trade,1.6757920000145532
trade-client,trade,0.5494170000019949
trade-client,trade,0.6823749999966822
trade-client,trade,1.3280420000114646
trade-client,trade,0.9072920000221529
trade-client,trade,1.103957999987415
trade-client,trade,0.5752499999971405
trade-client,trade,0.8435000000304171
trade-client,trade,0.665000000026339
trade-client,trade,1.5380840000034368
trade-client,trade,2.3068750000447835
trade-client,trade,1.4278749999903084
trade-client,trade,0.4617089999783275
trade-client,trade,2.9662499999858483
trade-client,trade,0.9581249999541797
trade-client,trade,0.8550000000013824
trade-client,trade,1.3272080000206188
trade-client,trade,1.8401669999548176
trade-client,trade,1.7886249999605752
trade-client,trade,1.4482500000099208
trade-client,trade,0.8326249999868196
trade-client,trade,1.67283299998644
trade-client,trade,1.4873749999537722
trade-client,trade,0.9638340000037715
trade-client,trade,0.809333000006518
trade-client,trade,1.7677079999884882
trade-client,trade,1.2943340000219905
trade-client,trade,0.7278749999954925
trade-client,trade,0.9110409999948388
trade-client,trade,0.8814999999913198
trade-client,trade,0.8715829999914604
trade-client,trade,1.7319159999829026
trade-client,trade,0.9414589999892087
trade-client,trade,1.8385839999837117
trade-client,trade,0.8356669999898259
trade-client,trade,1.2968340000156786
trade-client,trade,0.9656669999458245
trade-client,trade,0.8725829999889356
trade-client,trade,0.8890839999935451
trade-client,trade,0.7729159999598778
trade-client,trade,0.8369579999794041
trade-client,trade,0.6926249999992251
trade-client,trade,1.3635839999892596
trade-client,trade,0.9087079999972048
trade-client,trade,0.7495419999941078
trade-client,trade,1.074750000043423
trade-client,trade,0.9747499999548381
trade-client,trade,0.7682090000002972
trade-client,trade,0.8670830000028218
trade-client,trade,0.6519579999917369
trade-client,trade,0.9736250000287328
trade-client,trade,1.8660829999816997
trade-client,trade,1.6114160000029187
trade-client,trade,0.6430410000461961
trade-client,trade,0.6109579999815651
trade-client,trade,1.0834999999929096
trade-client,trade,0.706583999999566
trade-client,trade,1.1307080000051428
trade-client,trade,1.037125000038941
trade-client,trade,7.68720800004985
trade-client,trade,2.6972090000185744
trade-client,trade,1.444584000012128
trade-client,trade,0.9561250000160726
trade-client,trade,0.7959999999798129
trade-client,trade,0.6255409999766925
trade-client,trade,1.2452920000214363
trade-client,trade,0.8025829999951384
trade-client,trade,0.9429579999959969
trade-client,trade,0.874250000038046
trade-client,trade,0.79295800003365
trade-client,trade,2.4565410000150223
trade-client,trade,1.2235419999910846
trade-client,trade,0.8594160000257034
trade-client,trade,0.8925409999847034
trade-client,trade,1.8614589999970121
trade-client,trade,0.8973750000222935
trade-client,trade,0.8793750000108957
trade-client,trade,1.066375000050357
trade-client,trade,1.396709000005103
trade-client,trade,0.7366250000018226
trade-client,trade,1.1556249999671309
trade-client,trade,0.7267500000125438
trade-client,trade,1.028542000028665
trade-client,trade,1.031124999997246
trade-client,trade,0.9811250000097971
trade-client,trade,1.3468329999568596
trade-client,trade,1.204250000000684
trade-client,trade,1.2019160000136253
trade-client,trade,1.1155409999901167
trade-client,trade,1.9921659999795338
trade-client,trade,0.6214999999656357
trade-client,trade,0.7798330000241549
trade-client,trade,2.0899590000453827
trade-client,trade,1.0481660000323245
trade-client,trade,0.9493329999941125
trade-client,trade,1.3787500000148611
trade-client,trade,0.6178340000246862
trade-client,trade,1.1111250000226391
trade-client,trade,1.3684999999554748
trade-client,trade,1.4058749999890097
trade-client,trade,0.8228750000398577
trade-client,trade,0.9102500000039981
trade-client,trade,0.5642499999680695
trade-client,trade,0.6743330000062997
trade-client,trade,0.8085829999799898
trade-client,trade,1.0537090000184435
trade-client,trade,1.5239589999964664
trade-client,trade,1.6689579999820126
trade-client,trade,1.6910420000044724
trade-client,trade,0.7960419999903934
trade-client,trade,0.6264589999886994
trade-client,trade,0.8024169999885089
trade-client,trade,1.373833000002378
trade-client,trade,0.7256669999833321
trade-client,trade,1.6455840000162425
trade-client,trade,3.442500000005566
trade-client,trade,0.8348750000095606
trade-client,trade,0.8344999999962965
trade-client,trade,12.908874999993714
trade-client,trade,3.413208999972994
trade-client,trade,2.2055830000340393
trade-client,trade,2.9306249999763168
trade-client,trade,2.079292000018995
trade-client,trade,3.745666999975583
trade-client,trade,1.6742500000077598
trade-client,trade,1.2728749999837419
trade-client,trade,1.8399580000050264
trade-client,trade,1.1503750000088075
trade-client,trade,1.0049580000099922
trade-client,trade,1.4927080000006754
trade-client,trade,1.6941249999717911
trade-client,trade,1.1770840000053795
trade-client,trade,1.0493329999690104
trade-client,trade,1.237749999972948
trade-client,trade,2.076417000012043
trade-client,trade,1.0622080000075584
trade-client,trade,1.762458999962746
trade-client,trade,1.6942080000035276
trade-client,trade,2.0107089999896743
trade-client,trade,1.3924170000336744
trade-client,trade,0.5412499999692955
trade-client,trade,0.9828750000338005
trade-client,trade,1.1428749999708998
trade-client,trade,1.0592499999688698
trade-client,trade,1.555916000029356
trade-client,trade,0.6675419999737642
trade-client,trade,1.2778329999605376
trade-client,trade,1.999500000010812
trade-client,trade,1.3279169999691476
trade-client,trade,1.1425420000250597
trade-client,trade,1.0245419999819205
trade-client,trade,1.1544579999736015
trade-client,trade,1.0062499999889951
trade-client,trade,1.957291999985955
trade-client,trade,0.6851669999718979
trade-client,trade,1.059707999957027
trade-client,trade,0.8504159999915828
trade-client,trade,0.9248750000097061
trade-client,trade,0.6700830000454516
trade-client,trade,0.6599170000072263
trade-client,trade,0.9137080000414244
trade-client,trade,1.1677090000148382
trade-client,trade,0.8878749999894353
trade-client,trade,0.7992079999894486
trade-client,trade,0.9084579999694142
trade-client,trade,0.7928750000019136
trade-client,trade,0.9732500000154687
trade-client,trade,1.3262499999768806
trade-client,trade,0.9014999999976681
trade-client,trade,0.7856670000023769
trade-client,trade,1.038666999988891
trade-client,trade,0.6300419999547557
trade-client,trade,0.9304170000064005
trade-client,trade,0.9407499999838365
trade-client,trade,1.1262920000376653
trade-client,trade,1.263292000032834
trade-client,trade,0.9023749999528263
trade-client,trade,1.066666999975041
trade-client,trade,1.2458329999844864
trade-client,trade,1.2117499999817483
trade-client,trade,1.4187920000381382
trade-client,trade,0.9132920000070044
trade-client,trade,0.6942089999597556
trade-client,trade,0.7811259999925824
trade-client,trade,1.1140420000401718
trade-client,trade,0.9467080000149508
trade-client,trade,0.82412500000828
trade-client,trade,0.7361669999568221
trade-client,trade,0.7955840000022363
trade-client,trade,1.294459000007464
trade-client,trade,1.225207999993927
trade-client,trade,0.767083999960505
trade-client,trade,0.9570000000280743
trade-client,trade,0.815832999990107
trade-client,trade,0.9456249999857391
trade-client,trade,0.7166249999954744
trade-client,trade,1.0404999999877873
trade-client,trade,0.8513750000247455
trade-client,trade,0.7310839999945529
trade-client,trade,1.486584000019775
trade-client,trade,1.1947500000246691
trade-client,trade,0.855417000025227
trade-client,trade,1.1052080000126807
trade-client,trade,0.8036250000031941
trade-client,trade,0.9482500000217442
trade-client,trade,0.7259999999860156
trade-client,trade,1.3013749999686297
trade-client,trade,0.9139580000123715
trade-client,trade,1.0373329999993075
trade-client,trade,1.0709580000138885
trade-client,trade,0.784457999998267
trade-client,trade,1.125000000001819
trade-client,trade,1.010082999982842
trade-client,trade,1.2730000000260588
trade-client,trade,1.3695000000097934
trade-client,trade,0.7514590000141652
trade-client,trade,1.10637500000621
trade-client,trade,1.3088339999853815
trade-client,trade,0.7922909999820149
trade-client,trade,0.7657079999603411
trade-client,trade,1.0954580000088754
trade-client,trade,0.6117909999829862
trade-client,trade,2.1993749999751344
trade-client,trade,1.2097909999511103
trade-client,trade,1.3900410000360353
trade-client,trade,1.4527910000197153
trade-client,trade,1.0168339999836462
trade-client,trade,1.3221250000015061
trade-client,trade,1.1972919999720943
trade-client,trade,0.7845409999731601
trade-client,trade,0.8637499999508691
trade-client,trade,1.1279170000193517
trade-client,trade,1.3693330000137394
trade-client,trade,1.6947500000128457
trade-client,trade,2.059125000016593
trade-client,trade,0.7855829999812158
trade-client,trade,0.9372499999926731
trade-client,trade,0.7679170000187696
trade-client,trade,1.3747500000249602
trade-client,trade,0.9223749999591746
trade-client,trade,0.5724170000007689
trade-client,trade,0.8168329999875823
trade-client,trade,0.6896250000067994
trade-client,trade,0.9462909999911062
trade-client,trade,1.455333999956565
trade-client,trade,0.7480829999622074
trade-client,trade,0.846832999968683
trade-client,trade,1.0560409999698095
trade-client,trade,1.1707920000390004
trade-client,trade,1.0258330000283422
trade-client,trade,0.8007910000173979
trade-client,trade,0.7430830000316746
trade-client,trade,0.9405410000340453
trade-client,trade,0.6995840000172393
trade-client,trade,1.4864580000448768
trade-client,trade,1.1880829999881826
trade-client,trade,0.9769170000026861
trade-client,trade,0.9880000000066502
trade-client,trade,0.905625000029886
trade-client,trade,0.7775410000476768
trade-client,trade,1.1070829999653142
trade-client,trade,0.8392910000338816
trade-client,trade,0.894583999979659
trade-client,trade,0.938749999988886
trade-client,trade,0.9732089999943128
trade-client,trade,1.0972919999971964
trade-client,trade,0.6182079999916823
trade-client,trade,1.0817909999900621
trade-client,trade,1.1542080000026544
trade-client,trade,0.7615829999849666
trade-client,trade,1.4822500000377659
trade-client,trade,1.975458999993407
trade-client,trade,0.9049999999888314
trade-client,trade,1.4136249999978645
trade-client,trade,0.7872080000197457
trade-client,trade,0.7537920000117992
trade-client,trade,2.1282499999983884
trade-client,trade,1.3928750000218315
trade-client,trade,1.8242080000163696
trade-client,trade,0.8067089999599375
trade-client,trade,1.1487090000059652
trade-client,trade,0.9955839999520322
trade-client,trade,1.1439580000001115
trade-client,trade,0.8356669999898259
trade-client,trade,1.6942089999929522
trade-client,trade,1.0678329999791458
trade-client,trade,0.9749580000288915
trade-client,trade,1.145749999977852
trade-client,trade,1.0549170000331287
trade-client,trade,1.1747080000077403
trade-client,trade,0.8707499999900392
trade-client,trade,1.2149170000270715
trade-client,trade,1.9437500000094587
trade-client,trade,0.842333999969469
trade-client,trade,1.0280000000193468
trade-client,trade,0.7483329999899979
trade-client,trade,0.4958330000022215
trade-client,trade,1.6615420000221093
trade-client,trade,0.6740830000353526
trade-client,trade,0.7899170000200684
trade-client,trade,0.8767499999748907
trade-client,trade,0.7878330000039568
trade-client,trade,0.8622090000471871
trade-client,trade,1.1182079999798589
trade-client,trade,1.3003330000174174
trade-client,trade,1.2257909999675576
trade-client,trade,1.079167000000325
trade-client,trade,1.0520839999799136
trade-client,trade,1.2350840000294738
trade-client,trade,1.225750000003245
trade-client,trade,0.9055419999981495
trade-client,trade,0.9364169999912519
trade-client,trade,1.3188749999812899
trade-client,trade,1.5236670000149388
trade-client,trade,1.440500000001066
trade-client,trade,1.0102090000145836
trade-client,trade,0.9472919999780061
trade-client,trade,0.6690409999805524
trade-client,trade,0.882916000023215
trade-client,trade,1.436834000003273
trade-client,trade,1.836083000000599
trade-client,trade,0.9932919999755541
trade-client,trade,1.9447080000531969
trade-client,trade,1.0872500000118634
trade-client,trade,7.256166999979996
trade-client,trade,2.946915999984867
trade-client,trade,0.9601660000271295
trade-client,trade,2.1434159999671465
trade-client,trade,1.3787080000042806
trade-client,trade,1.7075410000302327
trade-client,trade,1.045333999968534
trade-client,trade,2.0035409999650255
trade-client,trade,0.9710420000033082
trade-client,trade,0.869459000000461
trade-client,trade,1.1197919999972328
trade-client,trade,1.6294590000143216
trade-client,trade,2.1753329999683046
trade-client,trade,0.8662920000119811
trade-client,trade,2.197582999997394
trade-client,trade,0.9294590000195058
trade-client,trade,1.6827499999862994
trade-client,trade,1.1927919999834558
trade-client,trade,2.1402910000460906
trade-client,trade,2.8045829999996386
trade-client,trade,0.9064999999850443
trade-client,trade,2.266916999985824
trade-client,trade,2.1450829999594134
trade-client,trade,2.426542000023346
trade-client,trade,1.0914580000189744
trade-client,trade,2.2186670000223785
trade-client,trade,0.9937500000205546
trade-client,trade,3.4913329999994858
trade-client,trade,1.415542000017922
trade-client,trade,2.696916000047622
trade-client,trade,2.6429580000240094
trade-client,trade,2.7563750000467735
trade-client,trade,1.194666000003508
trade-client,trade,2.1734999999694082
trade-client,trade,1.4707500000099571
trade-client,trade,1.2535840000396092
trade-client,trade,1.8173749999732536
trade-client,trade,1.9663329999843882
trade-client,trade,2.34699999998611
trade-client,trade,1.8433340000001408
trade-client,trade,1.275958000007904
trade-client,trade,1.1333329999843045
trade-client,trade,2.1456670000361555
trade-client,trade,1.6507500000102482
trade-client,trade,1.4973340000210555
trade-client,trade,2.286957999956485
trade-client,trade,1.2370000000032633
trade-client,trade,1.1488339999914388
trade-client,trade,0.8796250000386863
trade-client,trade,1.926125000011325
trade-client,trade,2.3636249999867687
trade-client,trade,1.2388339999915843
trade-client,trade,1.446416999954181
trade-client,trade,1.1174159999995936
trade-client,trade,1.0824159999742733
trade-client,trade,1.0266250000086075
trade-client,trade,1.9643329999894377
trade-client,trade,0.7040840000058779
trade-client,trade,1.4354170000387967
trade-client,trade,1.1075419999997393
trade-client,trade,0.9707500000217806
trade-client,trade,1.3756249999801184
trade-client,trade,0.8567499999685424
trade-client,trade,1.2563330000148198
trade-client,trade,1.230040999985249
trade-client,trade,0.8171250000259533
trade-client,trade,0.8116249999829961
trade-client,trade,1.1833340000180215
trade-client,trade,0.9918339999899217
trade-client,trade,2.1002089999910822
trade-client,trade,1.1133749999885367
trade-client,trade,1.880292000009831
trade-client,trade,1.068374999988464
trade-client,trade,1.0428749999960019
trade-client,trade,0.9017910000466145
trade-client,trade,1.4107079999803318
trade-client,trade,1.4784169999870755
trade-client,trade,0.9450420000121085
trade-client,trade,1.0454580000214264
trade-client,trade,0.9014999999976681
trade-client,trade,0.9229579999896487
trade-client,trade,1.6571670000189442
trade-client,trade,1.026582999998027
trade-client,trade,1.0790830000360074
trade-client,trade,0.9958329999903981
trade-client,trade,1.1172499999929641
trade-client,trade,3.023999999982152
trade-client,trade,1.242499999989377
trade-client,trade,0.9832920000008016
trade-client,trade,1.796500000011747
trade-client,trade,1.1215829999855487
trade-client,trade,1.027125000007345
trade-client,trade,0.980584000046747
trade-client,trade,1.9891660000439515
trade-client,trade,2.1550000000161162
trade-client,trade,1.879541999983303
trade-client,trade,1.9285829999944326
trade-client,trade,1.5719579999995403
trade-client,trade,1.4284999999745196
trade-client,trade,0.7166660000166303
trade-client,trade,1.4587500000402542
trade-client,trade,1.919291999968209
trade-client,trade,1.28412499998376
trade-client,trade,0.6017500000439213
trade-client,trade,1.3217079999776615
trade-client,trade,1.2948330000313035
trade-client,trade,2.0874999999591637
trade-client,trade,1.0176250000313303
trade-client,trade,0.6224170000450613
trade-client,trade,1.1675000000082036
trade-client,trade,2.7577910000218253
trade-client,trade,0.866040999994766
trade-client,trade,0.6646660000342308
trade-client,trade,0.8797500000241598
trade-client,trade,1.5262090000192075
trade-client,trade,0.9881249999921238
trade-client,trade,1.1037919999807855
trade-client,trade,1.0692919999542028
trade-client,trade,0.8724169999823062
trade-client,trade,1.2329999999565189
trade-client,trade,0.6476670000097329
trade-client,trade,1.3942920000431513
trade-client,trade,1.1548749999974461
trade-client,trade,1.4963749999878928
trade-client,trade,1.4903750000030414
trade-client,trade,1.0357079999607777
trade-client,trade,0.8711660000244592
trade-client,trade,1.9787499999779357
trade-client,trade,1.9246250000151122
trade-client,trade,1.615916999980982
trade-client,trade,1.3449170000399135
trade-client,trade,1.3807909999741241
trade-client,trade,0.8381670000403574
trade-client,trade,0.6316250000395485
trade-client,trade,0.9687080000162496
trade-client,trade,1.276958999994804
trade-client,trade,2.423040999985915
trade-client,trade,1.009791999990739
trade-client,trade,0.8698330000243004
trade-client,trade,0.8650000000329783
trade-client,trade,1.0112090000120588
trade-client,trade,2.0862499999907413
trade-client,trade,0.7182499999771608
trade-client,trade,1.0453329999791094
trade-client,trade,1.027040999986184
trade-client,trade,1.8212079999671005
trade-client,trade,1.010208000025159
trade-client,trade,0.7759169999985716
trade-client,trade,1.4855829999760317
trade-client,trade,1.0096670000052654
trade-client,trade,1.246332999983224
trade-client,trade,0.9775409999974727
trade-client,trade,1.1806250000176988
trade-client,trade,1.1290420000023005
trade-client,trade,1.116833000025963
trade-client,trade,1.2394589999757955
trade-client,trade,2.1781670000109443
trade-client,trade,1.0547079999696507
trade-client,trade,1.401125000029424
trade-client,trade,1.0461659999805306
trade-client,trade,1.1927079999622947
trade-client,trade,1.3086250000355903
trade-client,trade,1.9547499999816864
trade-client,trade,1.2532920000012382
trade-client,trade,1.3518750000116597
trade-client,trade,1.0276250000060827
trade-client,trade,1.5393329999824346
trade-client,trade,1.0422500000117907
trade-client,trade,0.7509579999691596
trade-client,trade,1.0553750000212858
trade-client,trade,1.4454170000135491
trade-client,trade,1.1882499999842366
trade-client,trade,1.3637079999853086
trade-client,trade,1.5419590000078642
trade-client,trade,1.2054999999691063
trade-client,trade,1.4717079999968519
trade-client,trade,0.8043749999728789
trade-client,trade,1.7002910000201155
trade-client,trade,1.164166999956251
trade-client,trade,1.5181250000182445
trade-client,trade,1.1099169999511105
trade-client,trade,1.343999999960488
trade-client,trade,1.1658750000265172
trade-client,trade,0.8155410000085794
trade-client,trade,1.5738330000090173
trade-client,trade,1.9421660000489283
trade-client,trade,2.4934590000498247
trade-client,trade,0.8409170000049926
trade-client,trade,0.9566249999579668
trade-client,trade,1.4303749999839965
trade-client,trade,1.0042080000403075
trade-client,trade,1.5141669999820806
trade-client,trade,1.306291999981113
trade-client,trade,1.328375000014148
trade-client,trade,0.953583000011804
trade-client,trade,1.2995000000159962
trade-client,trade,0.7244999999898027
trade-client,trade,3.177584000013667
trade-client,trade,1.1502920000339145
trade-client,trade,1.0211250000224936
trade-client,trade,0.8707079999794587
trade-client,trade,1.1901660000148695
trade-client,trade,1.0930839999900854
trade-client,trade,1.2146249999887004
trade-client,trade,0.7932089999940217
trade-client,trade,1.2851670000486592
trade-client,trade,0.7684170000175072
trade-client,trade,0.9559999999737556
trade-client,trade,1.8752089999907184
trade-client,trade,1.000042000043777
trade-client,trade,1.5042079999716407
trade-client,trade,1.0323329999550879
trade-client,trade,0.9958340000366661
trade-client,trade,1.0905000000320797
trade-client,trade,0.8584159999713847
trade-client,trade,0.7807500000467371
trade-client,trade,1.0609579999822927
trade-client,trade,2.104416999998193
trade-client,trade,0.9267500000191831
trade-client,trade,0.7464999999911015
trade-client,trade,1.1277500000232976
trade-client,trade,1.8884579999962625
trade-client,trade,1.0065840000379467
trade-client,trade,0.7682919999751903
trade-client,trade,1.2806249999925967
trade-client,trade,0.8866249999641695
trade-client,trade,3.1549999999924694
trade-client,trade,1.7555829999764683
trade-client,trade,0.9666660000107186
trade-client,trade,0.9699580000415153
trade-client,trade,1.064082999960192
trade-client,trade,1.3704579999966882
trade-client,trade,1.5287919999877886
trade-client,trade,1.373833000002378
trade-client,trade,3.3759589999817763
trade-client,trade,0.9808330000282695
trade-client,trade,1.6187920000447775
trade-client,trade,1.246250000008331
trade-client,trade,0.8535420000157501
trade-client,trade,2.301417000012407
trade-client,trade,1.3645830000541537
trade-client,trade,1.2472920000163867
trade-client,trade,0.949791000039113
trade-client,trade,2.6583750000099826
trade-client,trade,1.8895000000043183
trade-client,trade,0.8244590000003882
trade-client,trade,0.870040999984667
trade-client,trade,0.8052499999848806
trade-client,trade,1.1182080000367023
trade-client,trade,1.2353330000109963
trade-client,trade,1.3411250000103792
trade-client,trade,0.919834000001174
trade-client,trade,1.1506669999903352
trade-client,trade,1.0592919999794503
trade-client,trade,0.6149999999820466
trade-client,trade,0.6235839999817472
trade-client,trade,1.0431659999881049
trade-client,trade,1.1254159999793956
trade-client,trade,1.6470420000018748
trade-client,trade,1.3305839999588898
trade-client,trade,1.4462080000043898
trade-client,trade,1.0445419999882688
trade-client,trade,1.5455419999739206
trade-client,trade,1.1807500000031723
trade-client,trade,1.9364580000456044
trade-client,trade,1.2979580000092028
trade-client,trade,1.2963749999812535
trade-client,trade,0.7592919999979131
trade-client,trade,0.9016249999831416
trade-client,trade,1.1249999999449756
trade-client,trade,0.9522919999653823
trade-client,trade,0.7581250000043838
trade-client,trade,0.8401669999784644
trade-client,trade,1.1479160000362754
trade-client,trade,0.9523340000328062
trade-client,trade,1.4635420000104205
trade-client,trade,0.8828750000020591
trade-client,trade,1.256832999956714
trade-client,trade,1.179750000005697
trade-client,trade,1.7571249999832617
trade-client,trade,1.7996249999896463
trade-client,trade,1.9933749999836436
trade-client,trade,2.8239170000006197
trade-client,trade,1.5770830000292335
trade-client,trade,1.521874999980355
trade-client,trade,5.449624999982916
trade-client,trade,5.385541999999077
trade-client,trade,4.752250000024105
trade-client,trade,7.847707999985687
trade-client,trade,2.440499999977419
trade-client,trade,2.511665999975321
trade-client,trade,4.455124999992677
trade-client,trade,3.2110419999753503
trade-client,trade,3.749833999961538
trade-client,trade,2.199874999973872
trade-client,trade,2.6416250000238506
trade-client,trade,4.935666999983823
trade-client,trade,9.571125000036318
trade-client,trade,5.742708000013863
trade-client,trade,1.6200840000237804
trade-client,trade,4.541125000002921
trade-client,trade,3.6005829999794514
trade-client,trade,1.5938340000047901
trade-client,trade,1.4342919999990045
trade-client,trade,1.6459579999832386
trade-client,trade,1.5261249999980464
trade-client,trade,2.2795830000177375
trade-client,trade,1.5469589999952404
trade-client,trade,3.353415999981735
trade-client,trade,2.087875000029271
trade-client,trade,1.9006660000400188
trade-client,trade,2.3522079999906964
trade-client,trade,2.0357079999939742
trade-client,trade,2.3017910000362463
trade-client,trade,2.3285830000077112
trade-client,trade,2.220374999978958
trade-client,trade,2.29637500001445
trade-client,trade,2.8091249999988577
trade-client,trade,7.279291999964244
trade-client,trade,2.8943329999719936
trade-client,trade,1.4479580000283931
trade-client,trade,1.2078330000235837
trade-client,trade,3.512958000044364
trade-client,trade,0.9027079999555099
trade-client,trade,0.9377079999808302
trade-client,trade,1.2637909999853036
trade-client,trade,1.2179579999838097
trade-client,trade,1.179958000022907
trade-client,trade,0.9922090000031858
trade-client,trade,0.8219169999961196
trade-client,trade,1.1363749999873107
trade-client,trade,1.319375000036871
trade-client,trade,0.93933300001936
trade-client,trade,0.9799169999951118
trade-client,trade,1.0117500000319524
trade-client,trade,0.7921250000322289
trade-client,trade,1.4334580000081587
trade-client,trade,1.0148749999530082
trade-client,trade,1.0782079999671623
trade-client,trade,1.1834580000140704
trade-client,trade,0.9631670000089798
trade-client,trade,0.8495829999901616
trade-client,trade,0.9208330000092246
trade-client,trade,1.6944170000101622
trade-client,trade,1.1705410000217853
trade-client,trade,2.102500000034979
trade-client,trade,1.1828339999624404
trade-client,trade,1.31529199995839
trade-client,trade,1.2192920000302365
trade-client,trade,1.1429170000383237
trade-client,trade,0.9769999999775791
trade-client,trade,1.0056670000153645
trade-client,trade,2.0533330000489514
trade-client,trade,1.2672919999658916
trade-client,trade,1.2598750000165637
trade-client,trade,1.9522499999879983
trade-client,trade,1.4374579999980597
trade-client,trade,0.8650419999867154
trade-client,trade,1.0200410000038573
trade-client,trade,1.35899999997946
trade-client,trade,1.5567080000096212
trade-client,trade,1.4188750000130312
trade-client,trade,1.059834000045612
trade-client,trade,1.1520000000473374
trade-client,trade,1.1144169999965925
trade-client,trade,1.127166000003399
trade-client,trade,1.769166999963545
trade-client,trade,0.9230420000108097
trade-client,trade,0.5934999999794854
trade-client,trade,1.58508399999846
trade-client,trade,1.4628339999944728
trade-client,trade,1.291957999967508
trade-client,trade,0.9960830000181886
trade-client,trade,1.9121670000004087
trade-client,trade,0.9944580000365022
trade-client,trade,0.987000000009175
trade-client,trade,0.8106249999855208
trade-client,trade,1.9557919999897422
trade-client,trade,1.1635000000183027
trade-client,trade,0.7964999999785505
trade-client,trade,0.7888750000120126
trade-client,trade,1.0500419999743826
trade-client,trade,1.5395419999890692
trade-client,trade,1.4879579999842463
trade-client,trade,1.0554589999856034
trade-client,trade,1.0366249999833599
trade-client,trade,0.842541999986679
trade-client,trade,1.0028749999833053
trade-client,trade,1.0036669999635706
trade-client,trade,0.6463340000095741
trade-client,trade,1.1480409999649055
trade-client,trade,1.0023749999845677
trade-client,trade,1.9080829999893467
trade-client,trade,1.2802080000255955
trade-client,trade,2.413792000027115
trade-client,trade,0.8144170000150552
trade-client,trade,1.664833000006638
trade-client,trade,1.0067079999771522
trade-client,trade,1.7325409999671137
trade-client,trade,0.8634580000261849
trade-client,trade,0.869749999992564
trade-client,trade,1.8918749999556894
trade-client,trade,1.3982909999867843
trade-client,trade,0.997707999999875
trade-client,trade,0.7319999999708671
trade-client,trade,1.7342919999805417
trade-client,trade,1.6869579999934103
trade-client,trade,1.5227920000029371
trade-client,trade,2.3126669999555816
trade-client,trade,2.1345829999859234
trade-client,trade,2.701791999982106
trade-client,trade,0.5826670000033118
trade-client,trade,2.105916999994406
trade-client,trade,0.7892909999895892
trade-client,trade,1.6965419999905862
trade-client,trade,1.4747920000104386
trade-client,trade,1.3290000000552027
trade-client,trade,1.5150419999940823
trade-client,trade,2.575583000009374
trade-client,trade,1.1176249999493848
trade-client,trade,1.5676250000069558
trade-client,trade,1.4735830000063288
trade-client,trade,1.1344160000135162
trade-client,trade,1.3190000000236068
trade-client,trade,1.6612079999731577
trade-client,trade,1.0104169999749502
trade-client,trade,1.195541999948091
trade-client,trade,0.702625000030821
trade-client,trade,1.06658299995388
trade-client,trade,1.456083000050512
trade-client,trade,1.4418750000118052
trade-client,trade,0.6133329999897796
trade-client,trade,0.8560419999525948
trade-client,trade,0.9524170000076992
trade-client,trade,0.8032920000005106
trade-client,trade,1.3232919999950354
trade-client,trade,1.3524580000421338
trade-client,trade,1.5468330000203423
trade-client,trade,1.018208000004961
trade-client,trade,1.720916000010675
trade-client,trade,1.1092920000237427
trade-client,trade,0.9865420000210179
trade-client,trade,1.4035419999913756
trade-client,trade,1.4631249999865759
trade-client,trade,1.0755419999668447
trade-client,trade,1.3636669999641526
trade-client,trade,2.4940410000340307
trade-client,trade,3.4394159999919793
trade-client,trade,1.455457999952614
trade-client,trade,0.9737080000036258
trade-client,trade,1.1207499999841275
trade-client,trade,1.2126670000043305
trade-client,trade,1.453666000031717
trade-client,trade,1.0587919999807127
trade-client,trade,0.6818749999979445
trade-client,trade,0.9047919999716214
trade-client,trade,1.3856250000117143
trade-client,trade,1.4246670000375161
trade-client,trade,0.9541250000211221
trade-client,trade,0.8545419999563819
trade-client,trade,0.9974160000183474
trade-client,trade,2.005750000023454
trade-client,trade,1.1073339999825293
trade-client,trade,1.790458000016315
trade-client,trade,1.207042000032743
trade-client,trade,1.1650829999894086
trade-client,trade,1.1220420000199738
trade-client,trade,1.917375000004995
trade-client,trade,1.8832910000128322
trade-client,trade,1.240375000008953
trade-client,trade,0.9147499999926367
trade-client,trade,1.0045409999861477
trade-client,trade,1.1012080000227797
trade-client,trade,0.865665999981502
trade-client,trade,1.104499999996733
trade-client,trade,0.9782079999922644
trade-client,trade,0.7812079999780508
trade-client,trade,0.817625000024691
trade-client,trade,2.4445829999990565
trade-client,trade,2.2492500000339533
trade-client,trade,0.9967500000129803
trade-client,trade,1.181874999986121
trade-client,trade,1.2490420000403901
trade-client,trade,1.23187499997357
trade-client,trade,0.8651670000290324
trade-client,trade,1.8200829999841517
trade-client,trade,1.4082499999972242
trade-client,trade,0.6582089999938034
trade-client,trade,1.3147500000059154
trade-client,trade,0.987082999984068
trade-client,trade,1.0783749999632164
trade-client,trade,1.1264170000231388
trade-client,trade,1.0188749999997526
trade-client,trade,0.6727090000140379
trade-client,trade,1.5160419999915575
trade-client,trade,1.3561659999936637
trade-client,trade,0.8137920000308441
trade-client,trade,0.8235829999989619
trade-client,trade,0.8651250000184518
trade-client,trade,0.9924159999741278
trade-client,trade,1.0832910000431184
trade-client,trade,0.9857079999733287
trade-client,trade,1.4500830000088172
trade-client,trade,1.2309590000540993
trade-client,trade,1.5605829999572052
trade-client,trade,1.8963750000011714
trade-client,trade,1.6592499999887877
trade-client,trade,1.219291999973393
trade-client,trade,0.8292079999705493
trade-client,trade,0.7101249999550419
trade-client,trade,1.497667000023739
trade-client,trade,0.9729999999876782
trade-client,trade,1.380332999985967
trade-client,trade,1.5035419999662736
trade-client,trade,1.5223330000253554
trade-client,trade,0.7971249999627616
trade-client,trade,2.46895800000857
trade-client,trade,1.6886669999962578
trade-client,trade,1.3057500000286382
trade-client,trade,1.0805420000110644
trade-client,trade,0.8347920000346676
trade-client,trade,2.0544579999750567
trade-client,trade,1.3675410000359989
trade-client,trade,1.0059169999863116
trade-client,trade,0.9890410000252814
trade-client,trade,1.2228329999857124
trade-client,trade,1.5121249999765496
trade-client,trade,0.8039579999490343
trade-client,trade,0.9352499999977226
trade-client,trade,0.8312500000329237
trade-client,trade,1.6472500000190848
trade-client,trade,1.9293340000103854
trade-client,trade,1.2197500000183936
trade-client,trade,1.2460840000017015
trade-client,trade,1.5249159999939366
trade-client,trade,1.0939590000020871
trade-client,trade,1.5780000000518157
trade-client,trade,0.9898750000161272
trade-client,trade,1.172666999991634
trade-client,trade,1.6934160000232623
trade-client,trade,1.9397909999838703
trade-client,trade,0.991082999973969
trade-client,trade,1.9820000000549953
trade-client,trade,1.206374999981108
trade-client,trade,1.1925420000125087
trade-client,trade,1.3867079999840826
trade-client,trade,1.07500000001437
trade-client,trade,0.6896250000067994
trade-client,trade,1.1412079999786329
trade-client,trade,1.3449579999473826
trade-client,trade,1.0195830000157002
trade-client,trade,1.8089170000052945
trade-client,trade,1.4234170000122504
trade-client,trade,1.1851250000063374
trade-client,trade,0.9717500000192558
trade-client,trade,1.2741669999627447
trade-client,trade,0.8855830000129572
trade-client,trade,0.8660839999947711
trade-client,trade,1.4977499999986321
trade-client,trade,1.3885419999724036
trade-client,trade,1.5543330000014066
trade-client,trade,0.9527089999892269
trade-client,trade,1.0788339999976415
trade-client,trade,1.7239999999674183
trade-client,trade,1.4104159999988042
trade-client,trade,1.2176249999811262
trade-client,trade,1.255208000031871
trade-client,trade,1.2967910000156735
trade-client,trade,1.242499999989377
trade-client,trade,1.0839170000167542
trade-client,trade,0.8732499999837273
trade-client,trade,1.0327080000251954
trade-client,trade,0.9538749999933316
trade-client,trade,1.1027909999938856
trade-client,trade,0.87462500005131
trade-client,trade,1.5167920000180857
trade-client,trade,1.5119160000267584
trade-client,trade,1.392624999994041
trade-client,trade,0.875583999970786
trade-client,trade,1.6024999999899592
trade-client,trade,1.3693330000137394
trade-client,trade,0.8889999999723841
trade-client,trade,1.3892079999777707
trade-client,trade,1.089874999991025
trade-client,trade,1.9193749999999454
trade-client,trade,2.423125000007076
trade-client,trade,1.0970410000368247
trade-client,trade,0.9509170000114864
trade-client,trade,1.1434170000370614
trade-client,trade,1.4152080000258138
trade-client,trade,1.4990839999882155
trade-client,trade,1.3069999999970605
trade-client,trade,1.3688750000255823
trade-client,trade,0.9776660000397897
trade-client,trade,1.4224170000147751
trade-client,trade,1.0076249999997344
trade-client,trade,1.2349590000440003
trade-client,trade,0.8251660000269112
trade-client,trade,0.9160840000390635
trade-client,trade,0.8344170000214035
trade-client,trade,1.4396249999890642
trade-client,trade,1.2521659999720214
trade-client,trade,0.8469999999647371
trade-client,trade,1.4341250000029504
trade-client,trade,0.8544590000383323
trade-client,trade,1.5265419999650476
trade-client,trade,0.9813330000270071
trade-client,trade,0.997541000003821
trade-client,trade,2.7009579999912603
trade-client,trade,1.6325420000384838
trade-client,trade,1.3095410000119045
trade-client,trade,0.989458000049126
trade-client,trade,1.1421659999655276
trade-client,trade,1.7496250000021973
trade-client,trade,1.170958999978211
trade-client,trade,1.8081669999787664
trade-client,trade,1.57708299997239
trade-client,trade,0.9642499999813481
trade-client,trade,2.0835409999904186
trade-client,trade,1.170917000024474
trade-client,trade,1.217375000010179
trade-client,trade,1.1885419999657643
trade-client,trade,1.4243339999779892
trade-client,trade,0.7732089999876735
trade-client,trade,1.1641250000025138
trade-client,trade,2.4422089999802665
trade-client,trade,0.7312499999443389
trade-client,trade,1.4442080000094393
trade-client,trade,0.5795840000359931
trade-client,trade,1.7940839999823766
trade-client,trade,1.771165999969071
trade-client,trade,1.2828750000153377
trade-client,trade,1.2286250000101973
trade-client,trade,1.4553750000345644
trade-client,trade,0.8896669999671758
trade-client,trade,1.8320840000001226
trade-client,trade,0.7822080000323695
trade-client,trade,1.4414590000342287
trade-client,trade,1.1486669999953847
trade-client,trade,1.4391670000009071
trade-client,trade,1.8481250000377258
trade-client,trade,1.3726669999982732
trade-client,trade,0.8955409999771291
trade-client,trade,1.842042000021138
trade-client,trade,1.4871669999934056
trade-client,trade,1.0262499999953434
trade-client,trade,0.9463750000122673
trade-client,trade,1.4693749999992178
trade-client,trade,1.4103750000344917
trade-client,trade,1.346583999975337
trade-client,trade,1.2482500000032815
trade-client,trade,1.5021659999661097
trade-client,trade,1.4009169999553706
trade-client,trade,1.7702920000033373
trade-client,trade,0.9853749999706451
trade-client,trade,0.8181249999665852
trade-client,trade,1.4647080000145252
trade-client,trade,0.7099160000052507
trade-client,trade,3.044083000020237
trade-client,trade,0.9434579999947346
trade-client,trade,0.8086250000474138
trade-client,trade,1.0395830000220485
trade-client,trade,1.2228329999857124
trade-client,trade,1.3657080000371025
trade-client,trade,0.6137919999673613
trade-client,trade,1.0048340000139433
trade-client,trade,0.7648330000051828
trade-client,trade,0.9790420000399536
trade-client,trade,1.2586670000018785
trade-client,trade,1.2413339999852724
trade-client,trade,0.8475000000203181
trade-client,trade,0.641792000010355
trade-client,trade,2.4597919999678197
trade-client,trade,0.832333000005292
trade-client,trade,0.872583000045779
trade-client,trade,1.526167000008627
trade-client,trade,1.0237920000122358
trade-client,trade,2.0152079999888883
trade-client,trade,1.1733749999507381
trade-client,trade,0.9517920000234881
trade-client,trade,0.9727919999704682
trade-client,trade,1.2664160000213087
trade-client,trade,1.334250000013526
trade-client,trade,1.2501250000127584
trade-client,trade,1.0915409999938674
trade-client,trade,4.6007079999981215
trade-client,trade,1.193750000027194
trade-client,trade,1.1468750000176442
trade-client,trade,1.5764170000238664
trade-client,trade,0.8971660000156589
trade-client,trade,1.4741659999799595
trade-client,trade,1.360874999988937
trade-client,trade,0.8920419999753904
trade-client,trade,1.335624999967422
trade-client,trade,0.945000000001528
trade-client,trade,2.1809169999755795
trade-client,trade,1.2729169999943224
trade-client,trade,0.9121670000240556
trade-client,trade,0.7953329999850212
trade-client,trade,1.3745829999720627
trade-client,trade,1.3439580000067508
trade-client,trade,1.265165999996043
trade-client,trade,1.1809999999741194
trade-client,trade,1.4247500000124091
trade-client,trade,1.444875000004231
trade-client,trade,1.5611249999665233
trade-client,trade,1.281542000015179
trade-client,trade,0.9190829999852212
trade-client,trade,0.7085000000301989
trade-client,trade,0.7751660000394622
trade-client,trade,1.152333999982602
trade-client,trade,1.758332999997947
trade-client,trade,1.1881670000093436
trade-client,trade,1.0570840000241333
trade-client,trade,0.7516249999639513
trade-client,trade,1.296084000045994
trade-client,trade,3.8387080000461538
trade-client,trade,1.6059170000062295
trade-client,trade,2.1162090000075295
trade-client,trade,1.3481249999927059
trade-client,trade,2.3855420000131744
trade-client,trade,1.2640830000236747
trade-client,trade,1.8057080000062342
trade-client,trade,2.2322500000200307
trade-client,trade,0.8518330000129026
trade-client,trade,2.1489580000206843
trade-client,trade,0.9018750000109321
trade-client,trade,0.8087499999760439
trade-client,trade,1.2161249999849133
trade-client,trade,1.9419999999854554
trade-client,trade,1.4523749999852953
trade-client,trade,0.7848750000221116
trade-client,trade,0.9270000000469736
trade-client,trade,1.152541999999812
trade-client,trade,1.3631670000222584
trade-client,trade,1.17087499995705
trade-client,trade,0.7988329999761845
trade-client,trade,0.957749999997759
trade-client,trade,1.6409169999747064
trade-client,trade,1.3200829999959751
trade-client,trade,0.9959999999864522
trade-client,trade,0.7862909999971635
trade-client,trade,0.6910840000386997
trade-client,trade,1.0675830000081987
trade-client,trade,1.6892500000267319
trade-client,trade,0.855415999978959
trade-client,trade,0.8326249999868196
trade-client,trade,0.8527909999997974
trade-client,trade,1.2980829999946764
trade-client,trade,1.0952079999810849
trade-client,trade,1.0534170000369159
trade-client,trade,1.0892079999962334
trade-client,trade,1.0199580000289643
trade-client,trade,0.7464580000373644
trade-client,trade,0.96174999998766
trade-client,trade,2.7188339999497657
trade-client,trade,0.8306249999918691
trade-client,trade,1.1303330000487222
trade-client,trade,0.6839590000140561
trade-client,trade,0.7037919999675069
trade-client,trade,1.2735419999785336
trade-client,trade,0.90949999997747
trade-client,trade,1.256291999993664
trade-client,trade,1.369750000037584
trade-client,trade,1.2296250000076725
trade-client,trade,0.903665999999248
trade-client,trade,1.0444170000027952
trade-client,trade,1.4879170000199338
trade-client,trade,0.8122090000028948
trade-client,trade,0.8384170000113045
trade-client,trade,1.71100000000024
trade-client,trade,1.1095840000052704
trade-client,trade,5.661874999987049
trade-client,trade,1.6122910000149204
trade-client,trade,1.1974999999893043
trade-client,trade,0.7425829999760936
trade-client,trade,0.6165830000099959
trade-client,trade,0.8958750000260807
trade-client,trade,1.1065839999560012
trade-client,trade,1.0170409999545882
trade-client,trade,0.8953749999704996
trade-client,trade,0.8044159999940348
trade-client,trade,0.9832079999796406
trade-client,trade,0.7916249999766478
trade-client,trade,1.3931249999927786
trade-client,trade,1.0687920000123086
trade-client,trade,1.005334000012681
trade-client,trade,1.1122090000412754
trade-client,trade,2.32754199998908
trade-client,trade,1.2984580000079404
trade-client,trade,1.0215000000357577
trade-client,trade,2.096542000003865
trade-client,trade,0.5443329999934576
trade-client,trade,0.6684579999500784
trade-client,trade,1.6295839999997952
trade-client,trade,1.0967499999878783
trade-client,trade,0.8143749999476313
trade-client,trade,1.536792000024434
trade-client,trade,1.262542000006306
trade-client,trade,1.5255829999887283
trade-client,trade,1.1299579999786147
trade-client,trade,0.7026669999845581
trade-client,trade,1.5289159999838375
trade-client,trade,1.2828749999584943
trade-client,trade,0.6743750000168802
trade-client,trade,0.817707999999584
trade-client,trade,1.1587500000018736
trade-client,trade,0.7332090000318203
trade-client,trade,0.8766249999894171
trade-client,trade,1.3747080000143796
trade-client,trade,1.3200829999959751
trade-client,trade,1.394708000020728
trade-client,trade,0.7434590000343633
trade-client,trade,0.9526669999786463
trade-client,trade,3.9909590000206663
trade-client,trade,1.094291000015346
trade-client,trade,0.5708330000402384
trade-client,trade,1.1539580000317073
trade-client,trade,2.396832999977505
trade-client,trade,1.1156670000218583
trade-client,trade,0.847040999985893
trade-client,trade,0.8102499999722568
trade-client,trade,1.5320830000291608
trade-client,trade,1.083375000007436
trade-client,trade,1.1365419999833648
trade-client,trade,1.8881250000504224
trade-client,trade,1.5497499999810316
trade-client,trade,0.8552920000397535
trade-client,trade,0.9596250000072359
trade-client,trade,1.037540999959674
trade-client,trade,1.179166999975223
trade-client,trade,1.1308330000474598
trade-client,trade,0.7079580000208807
trade-client,trade,0.7721249999690372
trade-client,trade,1.3115830000174356
trade-client,trade,0.6579580000334317
trade-client,trade,1.3435839999829113
trade-client,trade,0.9949999999889769
trade-client,trade,1.1225420000187114
trade-client,trade,1.2349579999977323
trade-client,trade,2.5324160000081974
trade-client,trade,0.8718329999624075
trade-client,trade,1.2761250000039581
trade-client,trade,0.6715409999742405
trade-client,trade,1.4855829999760317
trade-client,trade,1.7805410000164557
trade-client,trade,1.2954169999943588
trade-client,trade,0.8192920000169579
trade-client,trade,1.115040999991379
trade-client,trade,0.8807500000216351
trade-client,trade,0.8381249999729334
trade-client,trade,0.5842920000418417
trade-client,trade,0.6628750000459149
trade-client,trade,1.208625000003849
trade-client,trade,1.5643330000330025
trade-client,trade,0.9638329999575035
trade-client,trade,0.9534999999800675
trade-client,trade,0.6455409999830408
trade-client,trade,1.2010839999447853
trade-client,trade,1.5275000000087857
trade-client,trade,1.049457999954484
trade-client,trade,1.5470000000163964
trade-client,trade,1.731333000009272
trade-client,trade,1.6737079999984417
trade-client,trade,1.2179589999732343
trade-client,trade,0.7274170000073354
trade-client,trade,0.9837500000458022
trade-client,trade,0.9922920000349222
trade-client,trade,1.8690830000309688
trade-client,trade,0.8495419999690057
trade-client,trade,0.8581249999792817
trade-client,trade,1.1510829999679117
trade-client,trade,1.1908330000096612
trade-client,trade,1.024332999975286
trade-client,trade,0.9959999999864522
trade-client,trade,1.183834000016759
trade-client,trade,0.7876669999973274
trade-client,trade,0.901333000001614
trade-client,trade,1.8497920000299928
trade-client,trade,1.29799999996294
trade-client,trade,0.7579580000083297
trade-client,trade,1.096125000003667
trade-client,trade,0.7104590000039934
trade-client,trade,0.8835000000431137
trade-client,trade,0.9472080000136884
trade-client,trade,1.0895830000094975
trade-client,trade,1.320208000038292
trade-client,trade,1.2473340000269673
trade-client,trade,1.5177079999943999
trade-client,trade,1.0171249999757492
trade-client,trade,0.7700840000097742
trade-client,trade,0.6907079999791677
trade-client,trade,1.4655830000265269
trade-client,trade,1.1825000000271757
trade-client,trade,0.7392500000378277
trade-client,trade,1.177167000037116
trade-client,trade,1.0492079999835369
trade-client,trade,1.0029169999938858
trade-client,trade,1.0591249999833963
trade-client,trade,5.740790999993806
trade-client,trade,0.985124999999698
trade-client,trade,1.1076249999746324
trade-client,trade,1.2305000000196742
trade-client,trade,0.853457999994589
trade-client,trade,1.0654580000277747
trade-client,trade,0.7818749999728425
trade-client,trade,2.2683330000177193
trade-client,trade,3.8844580000159112
trade-client,trade,1.2537919999999758
trade-client,trade,1.0962499999891406
trade-client,trade,1.1365420000402082
trade-client,trade,1.0674579999658818
trade-client,trade,0.6335000000490254
trade-client,trade,1.1891249999962383
trade-client,trade,0.8603750000020227
trade-client,trade,0.8929159999979674
trade-client,trade,0.6547080000132155
trade-client,trade,1.114541999982066
trade-client,trade,1.8835000000194668
trade-client,trade,1.785584000003837
trade-client,trade,1.0417919999667902
trade-client,trade,1.2652909999815165
trade-client,trade,0.815832999990107
trade-client,trade,0.9532919999628575
trade-client,trade,0.9771250000198961
trade-client,trade,0.7096250000131477
trade-client,trade,0.9035420000031991
trade-client,trade,1.1116659999856893
trade-client,trade,1.377750000017386
trade-client,trade,0.8856250000235377
trade-client,trade,1.0378750000086256
trade-client,trade,0.8485000000177934
trade-client,trade,0.9340409999936128
trade-client,trade,0.9605829999941307
trade-client,trade,1.2506670000220765
trade-client,trade,1.154332999988128
trade-client,trade,0.7556250000106957
trade-client,trade,0.6881250000105865
trade-client,trade,1.0233749999883912
trade-client,trade,1.4949580000234164
trade-client,trade,1.8395000000168693
trade-client,trade,1.1663330000146743
trade-client,trade,1.3936250000483597
trade-client,trade,1.5452090000280805
trade-client,trade,0.8894169999962287
trade-client,trade,0.930249999953503
trade-client,trade,0.9125419999804762
trade-client,trade,0.863584000001083
trade-client,trade,0.7338340000160315
trade-client,trade,1.6802910000137672
trade-client,trade,0.7056670000338272
trade-client,trade,1.5107499999658103
trade-client,trade,0.7303749999891807
trade-client,trade,1.3154579999650196
trade-client,trade,1.3319160000264674
trade-client,trade,1.1224579999975504
trade-client,trade,1.3582079999991947
trade-client,trade,2.9192920000014055
trade-client,trade,1.553583999964303
trade-client,trade,0.8110410000199408
trade-client,trade,0.752874999989217
trade-client,trade,1.1412080000354763
trade-client,trade,1.1076250000314758
trade-client,trade,1.2604170000258819
trade-client,trade,0.9376250000059372
trade-client,trade,1.4400000000023283
trade-client,trade,1.1423749999721622
trade-client,trade,1.0327080000251954
trade-client,trade,0.9648340000012467
trade-client,trade,0.93912500000215
trade-client,trade,1.27383300002748
trade-client,trade,0.9521250000261716
trade-client,trade,1.737999999988915
trade-client,trade,0.7274999999822285
trade-client,trade,1.1777089999895907
trade-client,trade,0.6569999999896936
trade-client,trade,0.7377079999741909
trade-client,trade,1.2621249999824613
trade-client,trade,0.9410420000222075
trade-client,trade,0.9125409999910516
trade-client,trade,1.7914580000137903
trade-client,trade,1.024208999979237
trade-client,trade,0.6645419999813384
trade-client,trade,0.7119169999896258
trade-client,trade,1.0870409999483854
trade-client,trade,0.9788750000438995
trade-client,trade,0.984333999952014
trade-client,trade,0.6982089999496566
trade-client,trade,1.0351669999977275
trade-client,trade,0.9631249999983993
trade-client,trade,2.8298330000211536
trade-client,trade,4.9686250000036125
trade-client,trade,1.4293749999865213
trade-client,trade,1.1952090000022508
trade-client,trade,2.8588750000153595
trade-client,trade,2.319624999984171
trade-client,trade,2.4710839999784184
trade-client,trade,2.25462499997775
trade-client,trade,1.6547920000107297
trade-client,trade,2.196334000018396
trade-client,trade,1.1102500000106375
trade-client,trade,2.0894159999897965
trade-client,trade,1.1661670000080449
trade-client,trade,0.8812499999635293
trade-client,trade,1.0036660000309894
trade-client,trade,0.790499999993699
trade-client,trade,0.8684160000029806
trade-client,trade,1.711041000021396
trade-client,trade,0.763250000034077
trade-client,trade,1.290583000013612
trade-client,trade,0.9611669999571859
trade-client,trade,1.2324589999934688
trade-client,trade,0.842665999982728
trade-client,trade,0.5658329999960188
trade-client,trade,1.5002499999923202
trade-client,trade,1.0872089999907075
trade-client,trade,0.9347079999884045
trade-client,trade,1.0470839999925374
trade-client,trade,1.3538750000066102
trade-client,trade,1.5782909999870753
trade-client,trade,4.355250000003252
trade-client,trade,1.0362920000375198
trade-client,trade,0.9358330000281967
trade-client,trade,1.6550420000385202
trade-client,trade,1.1406250000050022
trade-client,trade,1.5558329999976195
trade-client,trade,1.5994999999975335
trade-client,trade,0.8061659999611948
trade-client,trade,0.7729579999704583
trade-client,trade,0.8883749999881729
trade-client,trade,0.7311660000368647
trade-client,trade,1.1963750000063555
trade-client,trade,1.4916669999820442
trade-client,trade,0.9363330000269343
trade-client,trade,0.6914580000056958
trade-client,trade,1.099957999997514
trade-client,trade,0.8721669999545156
trade-client,trade,1.5903749999779393
trade-client,trade,1.065959000015937
trade-client,trade,2.7053329999944253
trade-client,trade,3.406999999981508
trade-client,trade,0.8665419999829282
trade-client,trade,1.0046670000178892
trade-client,trade,0.6262079999714842
trade-client,trade,0.7523329999798989
trade-client,trade,2.5840419999667574
trade-client,trade,1.6535839999960444
trade-client,trade,0.6842500000061591
trade-client,trade,1.5255829999887283
trade-client,trade,0.9883339999987584
trade-client,trade,2.6781249999885404
trade-client,trade,1.9459590000110438
trade-client,trade,0.8034169999859841
trade-client,trade,0.8010829999989255
trade-client,trade,0.5320829999959642
trade-client,trade,0.9571250000135478
trade-client,trade,1.6729590000181815
trade-client,trade,0.9056669999836231
trade-client,trade,0.7511659999863696
trade-client,trade,1.6865000000052532
trade-client,trade,1.5047080000272217
trade-client,trade,1.930042000026333
trade-client,trade,0.6915000000162763
trade-client,trade,1.0735000000181572
trade-client,trade,1.1743329999944763
trade-client,trade,1.989375000050586
trade-client,trade,1.0660830000119859
trade-client,trade,2.437832999987677
trade-client,trade,0.8711250000033033
trade-client,trade,1.1060420000035265
trade-client,trade,1.3603329999796188
trade-client,trade,1.1225000000081309
trade-client,trade,0.6427080000435126
trade-client,trade,1.156249999951342
trade-client,trade,0.7249579999779598
trade-client,trade,1.084833999982493
trade-client,trade,1.0108330000093702
trade-client,trade,0.815958000032424
trade-client,trade,0.6124999999883585
trade-client,trade,1.1846250000075997
trade-client,trade,1.2497920000100748
trade-client,trade,1.5817500000139262
trade-client,trade,0.8159999999861611
trade-client,trade,0.9601670000165541
trade-client,trade,0.8919160000004922
trade-client,trade,1.1834580000140704
trade-client,trade,1.0432920000198465
trade-client,trade,0.6925839999780692
trade-client,trade,0.9742080000023634
trade-client,trade,0.7762919999549922
trade-client,trade,0.9924170000203958
trade-client,trade,1.2705409999966832
trade-client,trade,1.591709000024366
trade-client,trade,1.1153339999623313
trade-client,trade,0.8450409999909425
trade-client,trade,1.2606249999862484
trade-client,trade,1.309125000034328
trade-client,trade,1.3592500000072505
trade-client,trade,1.215415999979541
trade-client,trade,0.9436659999551011
trade-client,trade,0.8039589999953023
trade-client,trade,0.9598750000350265
trade-client,trade,1.587332999974933
trade-client,trade,0.7825000000138971
trade-client,trade,3.5641249999684987
trade-client,trade,0.922166999998808
trade-client,trade,0.7679170000187696
trade-client,trade,1.353332999997292
trade-client,trade,0.8802090000017415
trade-client,trade,0.9982500000091932
trade-client,trade,0.794417000008707
trade-client,trade,1.9442909999725089
trade-client,trade,1.1136659999806398
trade-client,trade,1.6976670000303784
trade-client,trade,0.7387919999928272
trade-client,trade,0.811375000012049
trade-client,trade,0.8601250000310756
trade-client,trade,0.9351250000122491
trade-client,trade,0.5352500000412874
trade-client,trade,1.056125000047814
trade-client,trade,0.9877079999682792
trade-client,trade,0.9177500000419059
trade-client,trade,1.877959000012197
trade-client,trade,0.7599170000389677
trade-client,trade,0.4919169999766382
trade-client,trade,0.8933749999755491
trade-client,trade,0.637792000020454
trade-client,trade,0.6814580000309434
trade-client,trade,0.7686250000347172
trade-client,trade,1.0816660000045886
trade-client,trade,1.561917000003632
trade-client,trade,2.8830840000182434
trade-client,trade,1.545082999996339
trade-client,trade,1.7530830000396236
trade-client,trade,0.853082999981325
trade-client,trade,1.6075000000341788
trade-client,trade,1.9334170000320228
trade-client,trade,1.317541999981131
trade-client,trade,1.6088329999774942
trade-client,trade,1.2093749999735337
trade-client,trade,1.939083000024766
trade-client,trade,1.4828330000113965
trade-client,trade,2.3173750000182736
trade-client,trade,0.9544580000238057
trade-client,trade,0.7589579999489615
trade-client,trade,0.9419170000342092
trade-client,trade,0.7896249999816973
trade-client,trade,1.385916999993242
trade-client,trade,0.8472499999925276
trade-client,trade,1.390875000026881
trade-client,trade,0.8069590000445714
trade-client,trade,1.819209000018418
trade-client,trade,1.9369999999980791
trade-client,trade,1.4365830000429014
trade-client,trade,0.5682909999791264
trade-client,trade,0.754834000019855
trade-client,trade,1.3127500000109649
trade-client,trade,1.4605839999717318
trade-client,trade,1.0075000000142609
trade-client,trade,0.5231249999724241
trade-client,trade,1.1946669999929327
trade-client,trade,1.5387920000193844
trade-client,trade,1.1157499999967513
trade-client,trade,0.6254169999806436
trade-client,trade,0.6375830000138194
trade-client,trade,0.5975419999799669
trade-client,trade,0.7979579999641828
trade-client,trade,0.8538750000184336
trade-client,trade,1.0147090000032222
trade-client,trade,0.8677499999976135
trade-client,trade,1.1890839999750824
trade-client,trade,1.2581249999925603
trade-client,trade,0.8147500000177388
trade-client,trade,1.0492090000298049
trade-client,trade,0.9084999999799948
trade-client,trade,1.5596670000377344
trade-client,trade,1.2152920000403356
trade-client,trade,1.3352080000004207
trade-client,trade,1.1897910000016054
trade-client,trade,0.725291999970068
trade-client,trade,0.9775830000080532
trade-client,trade,2.1443750000003092
trade-client,trade,1.9000830000095448
trade-client,trade,1.0522919999971236
trade-client,trade,1.3991669999882106
trade-client,trade,1.0358330000030946
trade-client,trade,1.3085410000144293
trade-client,trade,0.9587920000058148
trade-client,trade,0.6826250000244727
trade-client,trade,0.9357920000070408
trade-client,trade,1.0036250000098335
trade-client,trade,1.142125000001215
trade-client,trade,1.0785830000372698
trade-client,trade,1.5451669999606565
trade-client,trade,1.4627079999627313
trade-client,trade,1.365750000047683
trade-client,trade,2.077541000005567
trade-client,trade,0.9788749999870561
trade-client,trade,1.2055830000008427
trade-client,trade,0.9452500000293185
trade-client,trade,0.9740410000063093
trade-client,trade,1.008083000044735
trade-client,trade,0.7112499999948341
trade-client,trade,0.9470840000176395
trade-client,trade,0.6911670000135928
trade-client,trade,1.104291999979523
trade-client,trade,1.346416999979283
trade-client,trade,0.5899589999671662
trade-client,trade,1.643584000021292
trade-client,trade,1.0050839999848904
trade-client,trade,0.7512079999969501
trade-client,trade,1.8936249999796928
trade-client,trade,1.4645830000290516
trade-client,trade,1.3392500000009022
trade-client,trade,1.0820410000178526
trade-client,trade,1.1714580000443675
trade-client,trade,1.5455829999950765
trade-client,trade,0.7897909999883268
trade-client,trade,1.0647919999655642
trade-client,trade,0.9631670000089798
trade-client,trade,1.4711250000232212
trade-client,trade,0.7840000000101099
trade-client,trade,0.7090000000289365
trade-client,trade,0.892916999987392
trade-client,trade,1.0954999999626125
trade-client,trade,0.5444579999789312
trade-client,trade,1.1936669999954574
trade-client,trade,0.6187500000010004
trade-client,trade,1.2750829999959024
trade-client,trade,1.873666999983925
trade-client,trade,2.5910409999596595
trade-client,trade,2.088458000002902
trade-client,trade,18.819249999978638
trade-client,trade,1.9231659999832118
trade-client,trade,1.280124999993859
trade-client,trade,23.380874999986645
trade-client,trade,2.1772919999989426
trade-client,trade,1.3469169999780206
trade-client,trade,1.1010410000267257
trade-client,trade,2.22466700000723
trade-client,trade,1.152082999965387
trade-client,trade,1.5329580000411624
trade-client,trade,1.7514170000367812
trade-client,trade,1.2533330000223941
trade-client,trade,0.9616250000021864
trade-client,trade,0.6203329999721063
trade-client,trade,0.9459999999990032
trade-client,trade,1.8121669999686674
trade-client,trade,1.1687919999872065
trade-client,trade,1.913084000022991
trade-client,trade,0.6971669999984442
trade-client,trade,1.6910830000256283
trade-client,trade,0.8457079999857342
trade-client,trade,0.8372499999609317
trade-client,trade,1.006082999992941
trade-client,trade,1.0234160000095471
trade-client,trade,1.800541000022804
trade-client,trade,1.5807499999596075
trade-client,trade,1.4900829999646703
trade-client,trade,1.1313749999999345
trade-client,trade,1.4818340000033459
trade-client,trade,1.0690419999832557
trade-client,trade,1.3378340000258504
trade-client,trade,1.0224170000014965
trade-client,trade,0.8225830000014867
trade-client,trade,1.1791670000320664
trade-client,trade,2.818332999993345
trade-client,trade,1.1825830000020687
trade-client,trade,0.8562090000054923
trade-client,trade,1.2588750000190885
trade-client,trade,0.8789999999976317
trade-client,trade,1.688916999967205
trade-client,trade,1.024874999984604
trade-client,trade,1.252457999953549
trade-client,trade,1.2320420000264676
trade-client,trade,1.112792000014906
trade-client,trade,1.082208999946488
trade-client,trade,0.7780000000252585
trade-client,trade,0.7558329999710622
trade-client,trade,0.9360839999885684
trade-client,trade,0.9977910000316115
trade-client,trade,0.9944169999585029
trade-client,trade,1.5992080000160058
trade-client,trade,1.1245830000348178
trade-client,trade,1.1421669999549522
trade-client,trade,0.8702079999807211
trade-client,trade,1.3644590000012613
trade-client,trade,0.7935419999967053
trade-client,trade,1.2949169999956212
trade-client,trade,0.9097500000052605
trade-client,trade,0.821792000010646
trade-client,trade,0.9900000000016007
trade-client,trade,1.4252920000217273
trade-client,trade,2.753833000042505
trade-client,trade,5.233292000013989
trade-client,trade,2.670917000045847
trade-client,trade,4.502374999958647
trade-client,trade,5.7484170000066115
trade-client,trade,4.149333000043498
trade-client,trade,3.276166999967245
trade-client,trade,2.538958000002367
trade-client,trade,1.7579160000309457
trade-client,trade,2.6695000000245273
trade-client,trade,1.4476249999688662
trade-client,trade,2.3795419999714795
trade-client,trade,2.1039999999743486
trade-client,trade,0.9749579999720481
trade-client,trade,1.0648749999973006
trade-client,trade,1.235874999963471
trade-client,trade,1.4642079999589441
trade-client,trade,0.807457999997041
trade-client,trade,0.633875000005446
trade-client,trade,0.9499169999571677
trade-client,trade,1.6430829999762864
trade-client,trade,1.46833400003743
trade-client,trade,0.9133330000281603
trade-client,trade,0.8104580000463102
trade-client,trade,0.6912090000241733
trade-client,trade,0.8566249999830688
trade-client,trade,1.1913750000189793
trade-client,trade,0.7481659999939438
trade-client,trade,0.9165409999809526
trade-client,trade,0.562833000003593
trade-client,trade,1.5930419999676815
trade-client,trade,1.084666999986439
trade-client,trade,0.9256249999793909
trade-client,trade,1.084957999978542
trade-client,trade,1.0679579999646194
trade-client,trade,1.1791249999646425
trade-client,trade,1.2378330000046844
trade-client,trade,0.6685829999923953
trade-client,trade,0.7565829999975904
trade-client,trade,0.9542089999854397
trade-client,trade,0.7449999999948886
trade-client,trade,0.8206250000171167
trade-client,trade,0.8326669999974001
trade-client,trade,0.8625830000141832
trade-client,trade,0.8349169999632977
trade-client,trade,0.5417500000248765
trade-client,trade,1.2722499999995307
trade-client,trade,1.058291999981975
trade-client,trade,0.6030829999872367
trade-client,trade,0.8495409999795811
trade-client,trade,1.0658749999947759
trade-client,trade,1.5906250000057298
trade-client,trade,0.963874999968084
trade-client,trade,0.6843749999916326
trade-client,trade,0.8317080000210808
trade-client,trade,1.3769170000159647
trade-client,trade,2.7220000000056643
trade-client,trade,2.605041999970581
trade-client,trade,1.6971250000210603
trade-client,trade,2.260833000036655
trade-client,trade,0.997707999999875
trade-client,trade,1.1601250000126129
trade-client,trade,0.7261659999926451
trade-client,trade,1.3667919999988953
trade-client,trade,1.4883750000080909
trade-client,trade,1.470374999996693
trade-client,trade,1.6967500000077962
trade-client,trade,0.7353750000334003
trade-client,trade,0.6055829999809248
trade-client,trade,0.7041249999701904
trade-client,trade,1.0373329999993075
trade-client,trade,1.1419589999945856
trade-client,trade,1.7531660000145166
trade-client,trade,1.0970000000156688
trade-client,trade,1.6780839999910313
trade-client,trade,1.2064169999916885
trade-client,trade,1.6285419999917394
trade-client,trade,1.0378750000086256
trade-client,trade,1.0291250000022956
trade-client,trade,0.9049590000245189
trade-client,trade,0.9082920000196282
trade-client,trade,1.0424169999510013
trade-client,trade,0.9572079999884409
trade-client,trade,0.7245410000109587
trade-client,trade,0.8749579999971502
trade-client,trade,0.87812499998563
trade-client,trade,0.6867079999892667
trade-client,trade,2.267291999999088
trade-client,trade,0.8014999999659267
trade-client,trade,1.1715420000086851
trade-client,trade,0.7740419999890946
trade-client,trade,0.9106249999604188
trade-client,trade,1.177417000008063
trade-client,trade,1.0450000000332693
trade-client,trade,1.408916999992016
trade-client,trade,0.7401660000141419
trade-client,trade,0.9186669999508013
trade-client,trade,0.892958000008548
trade-client,trade,1.480917000037607
trade-client,trade,0.6645409999919138
trade-client,trade,0.7997910000199226
trade-client,trade,0.7072079999943526
trade-client,trade,1.0350829999765665
trade-client,trade,1.3492080000219175
trade-client,trade,0.8056249999981446
trade-client,trade,0.8099169999695732
trade-client,trade,1.0071659999653093
trade-client,trade,0.9948750000035034
trade-client,trade,0.7721249999690372
trade-client,trade,0.8444590000067365
trade-client,trade,0.572874999988926
trade-client,trade,0.36983300003612385
trade-client,trade,1.0379999999940992
trade-client,trade,1.112208999984432
trade-client,trade,0.771708000002036
trade-client,trade,0.5535829999985253
trade-client,trade,0.9127499999976862
trade-client,trade,0.9139169999912156
trade-client,trade,0.7384159999901385
trade-client,trade,0.9428330000105234
trade-client,trade,0.9537080000541209
trade-client,trade,0.9733750000009422
trade-client,trade,0.4209580000065216
trade-client,trade,3.6353329999769812
trade-client,trade,1.537041999995381
trade-client,trade,1.721083000006729
trade-client,trade,1.1619169999903534
trade-client,trade,1.5699590000508579
trade-client,trade,0.6960829999798079
trade-client,trade,1.0415410000064185
trade-client,trade,0.7899160000306438
trade-client,trade,0.8957919999943442
trade-client,trade,1.0133750000136388
trade-client,trade,0.803167000015037
trade-client,trade,0.6838330000391579
trade-client,trade,0.6960829999798079
trade-client,trade,0.6796659999963595
trade-client,trade,1.1132500000030632
trade-client,trade,0.8219999999710126
trade-client,trade,2.126625000016702
trade-client,trade,2.7824169999917103
trade-client,trade,1.050125000006119
trade-client,trade,1.601291999975274
trade-client,trade,0.7889590000331737
trade-client,trade,2.621832999977869
trade-client,trade,1.2265830000046662
trade-client,trade,1.7261660000258416
trade-client,trade,2.057250000007116
trade-client,trade,1.0711249999530992
trade-client,trade,1.7148750000046675
trade-client,trade,0.9106659999815747
trade-client,trade,3.2661669999924925
trade-client,trade,1.44066699999712
trade-client,trade,1.4042920000179038
trade-client,trade,1.1149590000059106
trade-client,trade,1.1472920000414888
trade-client,trade,1.1677080000254136
trade-client,trade,1.6222500000253604
trade-client,trade,2.0472079999649395
trade-client,trade,1.2117079999711677
trade-client,trade,4.975041000022884
trade-client,trade,1.64341599997897
trade-client,trade,1.1392500000511063
trade-client,trade,1.0023749999845677
trade-client,trade,1.9455839999977798
trade-client,trade,1.7631669999786936
trade-client,trade,1.313249999952859
trade-client,trade,0.6510000000048421
trade-client,trade,2.1803330000125243
trade-client,trade,1.5927919999967344
trade-client,trade,1.7847920000235717
trade-client,trade,1.87124999996513
trade-client,trade,0.9086249999654683
trade-client,trade,0.616917000002104
trade-client,trade,1.206333999959952
trade-client,trade,0.9140419999766891
trade-client,trade,1.3072919999785881
trade-client,trade,1.223499999980504
trade-client,trade,1.8746670000382437
trade-client,trade,1.501749999988533
trade-client,trade,3.0705839999995987
trade-client,trade,1.7062919999943915
trade-client,trade,1.229582999997092
trade-client,trade,1.4275419999876249
trade-client,trade,1.508082999976068
trade-client,trade,0.876457999993363
trade-client,trade,1.1969170000156737
trade-client,trade,1.3349580000294736
trade-client,trade,1.0960419999719306
trade-client,trade,0.9269169999583937
trade-client,trade,0.8640830000103961
trade-client,trade,0.9439589999828968
trade-client,trade,1.376458000038383
trade-client,trade,1.7265829999928428
trade-client,trade,0.9080829999561502
trade-client,trade,0.8740840000314165
trade-client,trade,1.0649999999827742
trade-client,trade,1.600041000017427
trade-client,trade,0.853249999977379
trade-client,trade,1.2772080000331698
trade-client,trade,0.9949170000140839
trade-client,trade,2.5592090000259304
trade-client,trade,2.3854999999457505
trade-client,trade,2.948916000036661
trade-client,trade,1.0175410000101692
trade-client,trade,1.0294999999587162
trade-client,trade,0.639624999962507
trade-client,trade,1.3630409999905169
trade-client,trade,0.7415410000248812
trade-client,trade,0.7494580000297901
trade-client,trade,0.9471660000031079
trade-client,trade,0.834249999968506
trade-client,trade,1.8733750000023974
trade-client,trade,1.0734580000075766
trade-client,trade,1.5279159999863623
trade-client,trade,1.1662499999829379
trade-client,trade,1.5388750000511209
trade-client,trade,0.8086249999905704
trade-client,trade,1.200250000010783
trade-client,trade,0.9841669999559599
trade-client,trade,0.6600830000138558
trade-client,trade,1.9670830000109163
trade-client,trade,0.8213749999868014
trade-client,trade,2.0167499999956817
trade-client,trade,1.1254169999688202
trade-client,trade,1.0400419999996302
trade-client,trade,0.7814589999952659
trade-client,trade,1.4567499999884603
trade-client,trade,0.7479160000229967
trade-client,trade,0.7032080000044516
trade-client,trade,0.45441700001447316
trade-client,trade,0.5631669999957012
trade-client,trade,1.3830830000074457
trade-client,trade,0.7379580000019814
trade-client,trade,1.3585419999913029
trade-client,trade,0.9328749999895081
trade-client,trade,1.0884170000053928
trade-client,trade,1.079290999996374
trade-client,trade,0.5823750000217842
trade-client,trade,0.8200830000077985
trade-client,trade,1.035166000008303
trade-client,trade,1.1829580000153328
trade-client,trade,0.5811660000176744
trade-client,trade,1.4630420000116828
trade-client,trade,0.6595830000151182
trade-client,trade,0.6793339999831005
trade-client,trade,1.058415999978024
trade-client,trade,0.9055419999981495
trade-client,trade,1.3161660000378106
trade-client,trade,1.0325829999828784
trade-client,trade,0.8739579999996749
trade-client,trade,0.5973749999839129
trade-client,trade,0.9387500000457294
trade-client,trade,1.8251249999821084
trade-client,trade,0.6793339999831005
trade-client,trade,0.6896250000067994
trade-client,trade,0.9369590000005701
trade-client,trade,0.5767499999933534
trade-client,trade,3.6020000000007713
trade-client,trade,1.4682909999805815
trade-client,trade,1.3420000000223808
trade-client,trade,1.5601250000258915
trade-client,trade,0.9869579999985945
trade-client,trade,1.7873330000384158
trade-client,trade,1.6025420000005397
trade-client,trade,0.9090830000104688
trade-client,trade,1.8878330000120513
trade-client,trade,1.7604170000140584
trade-client,trade,0.7418750000169894
trade-client,trade,0.7202499999721113
trade-client,trade,1.767083000004277
trade-client,trade,0.8373340000389362
trade-client,trade,2.164749999963078
trade-client,trade,2.3797080000349524
trade-client,trade,1.3805829999569141
trade-client,trade,1.2074580000103197
trade-client,trade,2.6838750000024447
trade-client,trade,1.25220900002887
trade-client,trade,1.842250000038348
trade-client,trade,2.4729159999878902
trade-client,trade,1.3062920000379563
trade-client,trade,1.1179159999983312
trade-client,trade,1.3334170000121048
trade-client,trade,2.126416999999492
trade-client,trade,1.0318750000237742
trade-client,trade,0.7419169999707265
trade-client,trade,1.1675839999725213
trade-client,trade,1.921667000033267
trade-client,trade,1.12683399999014
trade-client,trade,0.9665000000040891
trade-client,trade,0.9957080000049245
trade-client,trade,1.4981250000118962
trade-client,trade,0.9712080000099377
trade-client,trade,1.2242920000176127
trade-client,trade,4.531584000005751
trade-client,trade,1.58725000000004
trade-client,trade,0.738292000050933
trade-client,trade,0.9532920000197009
trade-client,trade,1.2293330000261449
trade-client,trade,3.2347920000006525
trade-client,trade,1.8887090000134776
trade-client,trade,1.2391249999836873
trade-client,trade,0.7647919999840269
trade-client,trade,0.7206249999853753
trade-client,trade,2.4092080000173155
trade-client,trade,0.7879579999894304
trade-client,trade,1.0993330000133028
trade-client,trade,1.1462919999871701
trade-client,trade,2.1876249999763786
trade-client,trade,0.7315000000289729
trade-client,trade,1.8580000000270047
trade-client,trade,0.698415999977442
trade-client,trade,0.9184999999547472
trade-client,trade,1.5772919999790247
trade-client,trade,0.8541249999893807
trade-client,trade,1.0313750000250366
trade-client,trade,1.1278329999981906
trade-client,trade,1.4562920000003032
trade-client,trade,0.8437079999907837
trade-client,trade,1.5390830000114875
trade-client,trade,1.3196669999615551
trade-client,trade,2.2858749999841166
trade-client,trade,0.9630420000235063
trade-client,trade,0.7140829999912057
trade-client,trade,1.0069170000406302
trade-client,trade,2.102374999992662
trade-client,trade,0.8752499999786778
trade-client,trade,0.9227500000292821
trade-client,trade,1.0297919999970873
trade-client,trade,0.8648750000475047
trade-client,trade,2.1491250000167383
trade-client,trade,2.258832999984861
trade-client,trade,0.6826250000244727
trade-client,trade,3.8198749999764914
trade-client,trade,1.589290999959303
trade-client,trade,1.7199160000131997
trade-client,trade,1.8517920000249433
trade-client,trade,2.478167000049325
trade-client,trade,1.1655840000344142
trade-client,trade,1.8853750000289438
trade-client,trade,2.071666999995614
trade-client,trade,0.9016249999831416
trade-client,trade,2.03358300001355
trade-client,trade,2.860957999985203
trade-client,trade,2.987707999977829
trade-client,trade,1.448833999972976
trade-client,trade,2.7571670000270387
trade-client,trade,1.3533750000078726
trade-client,trade,1.6882500000292566
trade-client,trade,1.45116699997061
trade-client,trade,1.0205000000382825
trade-client,trade,1.5272499999809952
trade-client,trade,1.020499999981439
trade-client,trade,1.2595420000138802
trade-client,trade,0.9622919999969781
trade-client,trade,0.9121250000134751
trade-client,trade,1.1538340000356584
trade-client,trade,0.9207080000237511
trade-client,trade,1.3126669999792284
trade-client,trade,1.6632090000143762
trade-client,trade,1.4414999999985412
trade-client,trade,1.048083000000588
trade-client,trade,1.3146670000310223
trade-client,trade,1.708500000006552
trade-client,trade,0.961458999995557
trade-client,trade,1.1573749999911342
trade-client,trade,1.1745830000222668
trade-client,trade,1.181540999994013
trade-client,trade,0.8977499999787142
trade-client,trade,1.119333000019651
trade-client,trade,1.1684169999739424
trade-client,trade,1.0942499999941901
trade-client,trade,1.656625000009626
trade-client,trade,0.9537079999972775
trade-client,trade,0.8817919999728474
trade-client,trade,0.8141669999872647
trade-client,trade,1.016541000012694
trade-client,trade,1.4194999999972424
trade-client,trade,1.0269590000007156
trade-client,trade,1.0830000000510154
trade-client,trade,1.344291999998859
trade-client,trade,1.3347500000122636
trade-client,trade,2.3610829999825
trade-client,trade,1.6332920000081685
trade-client,trade,1.218749999964075
trade-client,trade,0.9901249999870743
trade-client,trade,0.6738330000075621
trade-client,trade,1.160541999979614
trade-client,trade,0.9855830000446986
trade-client,trade,1.1616250000088257
trade-client,trade,1.3241669999501937
trade-client,trade,1.6293339999720047
trade-client,trade,0.574834000019564
trade-client,trade,1.164749999986725
trade-client,trade,1.0399170000141567
trade-client,trade,0.9060840000074677
trade-client,trade,0.9672090000094613
trade-client,trade,0.9395000000154141
trade-client,trade,1.0566250000465516
trade-client,trade,0.8128330000545247
trade-client,trade,1.1786249999659049
trade-client,trade,1.1479169999688565
trade-client,trade,1.2051669999664227
trade-client,trade,1.0274589999994532
trade-client,trade,0.8725420000246231
trade-client,trade,1.8674159999818585
trade-client,trade,0.8468749999792635
trade-client,trade,1.0830839999584896
trade-client,trade,0.8967500000380824
trade-client,trade,1.3337919999685255
trade-client,trade,0.7544580000171663
trade-client,trade,1.0897919999592887
trade-client,trade,0.8065419999638834
trade-client,trade,0.947124999981952
trade-client,trade,0.7037499999569263
trade-client,trade,1.085374999945543
trade-client,trade,1.3044159999822114
trade-client,trade,1.2678329999857851
trade-client,trade,1.6387499999837019
trade-client,trade,1.0657920000198828
trade-client,trade,1.5853340000262506
trade-client,trade,1.0292079999771886
trade-client,trade,0.660709000044335
trade-client,trade,0.8575840000162316
trade-client,trade,0.7592919999979131
trade-client,trade,1.511750000020129
trade-client,trade,2.0377079999889247
trade-client,trade,1.1797090000413846
trade-client,trade,1.3335419999975784
trade-client,trade,1.4209170000185622
trade-client,trade,1.3579169999502483
trade-client,trade,1.0778750000213222
trade-client,trade,0.7207909999920048
trade-client,trade,1.6972079999959533
trade-client,trade,1.3319160000264674
trade-client,trade,1.0657500000093023
trade-client,trade,2.0007499999792344
trade-client,trade,1.3540409999563963
trade-client,trade,1.4221669999869846
trade-client,trade,1.12899999999172
trade-client,trade,1.1625000000208274
trade-client,trade,1.2892500000134532
trade-client,trade,0.7646669999985534
trade-client,trade,1.5358339999806958
trade-client,trade,0.8707499999900392
trade-client,trade,0.9457919999817932
trade-client,trade,1.7037910000112788
trade-client,trade,1.597708000019793
trade-client,trade,1.0524999999574902
trade-client,trade,0.7049170000072991
trade-client,trade,1.4486250000231848
trade-client,trade,1.2304580000090937
trade-client,trade,1.0779580000530586
trade-client,trade,1.2010830000122041
trade-client,trade,0.6237919999989572
trade-client,trade,0.6526249999865286
trade-client,trade,3.0165000000010878
trade-client,trade,1.0593330000006063
trade-client,trade,1.4038329999834787
trade-client,trade,0.9106670000278427
trade-client,trade,0.7458339999857344
trade-client,trade,3.233249999993859
trade-client,trade,0.9770000000344226
trade-client,trade,1.6594170000416852
trade-client,trade,1.081333000001905
trade-client,trade,1.2358750000203145
trade-client,trade,1.2368330000072092
trade-client,trade,1.05237500002886
trade-client,trade,0.9991250000211949
trade-client,trade,1.5568750000056752
trade-client,trade,1.3813749999940228
trade-client,trade,1.8037909999861768
trade-client,trade,1.1575830000083442
trade-client,trade,0.6108749999498286
trade-client,trade,1.643124999986867
trade-client,trade,0.850916999979745
trade-client,trade,1.722541999981786
trade-client,trade,1.162416999989091
trade-client,trade,1.3505000000009204
trade-client,trade,1.1619590000009339
trade-client,trade,0.8730000000127802
trade-client,trade,0.9065829999599373
trade-client,trade,1.4501670000299782
trade-client,trade,1.3459580000017013
trade-client,trade,1.1758750000012697
trade-client,trade,1.7177910000327756
trade-client,trade,2.4852910000277006
trade-client,trade,1.022459000012077
trade-client,trade,1.0209590000158641
trade-client,trade,0.9878749999643333
trade-client,trade,2.750332999994498
trade-client,trade,0.9213329999511188
trade-client,trade,1.4104170000450722
trade-client,trade,1.072708999970473
trade-client,trade,1.2552079999750276
trade-client,trade,1.0819999999966967
trade-client,trade,0.9276659999954973
trade-client,trade,1.1599169999954029
trade-client,trade,1.4174159999811309
trade-client,trade,0.9419169999773658
trade-client,trade,0.7846670000049016
trade-client,trade,1.541083000006438
trade-client,trade,2.0648330000199167
trade-client,trade,1.0575000000017099
trade-client,trade,0.8060829999863017
trade-client,trade,0.7691249999766114
trade-client,trade,1.0193329999879097
trade-client,trade,0.8205839999959608
trade-client,trade,0.6973330000050737
trade-client,trade,0.9575830000017049
trade-client,trade,1.0049999999637294
trade-client,trade,1.6322500000001128
trade-client,trade,1.1741670000446902
trade-client,trade,1.9120839999686723
trade-client,trade,1.6344590000016979
trade-client,trade,0.8844580000300084
trade-client,trade,1.5472499999873435
trade-client,trade,0.6552919999762707
trade-client,trade,0.8131660000003649
trade-client,trade,0.6025409999779185
trade-client,trade,1.0207500000092296
trade-client,trade,0.9538749999933316
trade-client,trade,0.6620420000444938
trade-client,trade,0.6873330000303213
trade-client,trade,1.0511670000141748
trade-client,trade,2.1572090000177013
trade-client,trade,0.7360829999925045
trade-client,trade,1.307417000020905
trade-client,trade,0.7094160000065131
trade-client,trade,1.2141250000468062
trade-client,trade,2.1392919999811966
trade-client,trade,1.8494999999916217
trade-client,trade,1.0465419999832193
trade-client,trade,1.3934170000311497
trade-client,trade,0.9205000000065411
trade-client,trade,0.7949590000180251
trade-client,trade,0.7757500000025175
trade-client,trade,0.8717499999875145
trade-client,trade,1.3833749999889733
trade-client,trade,0.8436669999696278
trade-client,trade,0.8451670000226841
trade-client,trade,0.905582999962462
trade-client,trade,0.7568330000253809
trade-client,trade,0.8165840000060598
trade-client,trade,1.1092500000131622
trade-client,trade,1.0599579999848174
trade-client,trade,0.9940420000020822
trade-client,trade,0.775916000009147
trade-client,trade,1.5169170000035592
trade-client,trade,1.4330419999737387
trade-client,trade,1.8770410000001903
trade-client,trade,0.9961250000287691
trade-client,trade,2.8480419999823425
trade-client,trade,1.1257920000389277
trade-client,trade,0.919916999976067
trade-client,trade,1.0613339999849813
trade-client,trade,0.9912919999806036
trade-client,trade,1.417541999956029
trade-client,trade,1.545334000013554
trade-client,trade,1.326166000012563
trade-client,trade,0.8752079999680973
trade-client,trade,1.3537920000317172
trade-client,trade,1.3124999999831743
trade-client,trade,1.35529200002793
trade-client,trade,0.8495829999901616
trade-client,trade,0.6444590000000971
trade-client,trade,0.6310420000090744
trade-client,trade,0.8235829999989619
trade-client,trade,2.6232090000348762
trade-client,trade,0.6392500000060863
trade-client,trade,1.0738749999745778
trade-client,trade,1.0376250000376785
trade-client,trade,0.9634580000010828
trade-client,trade,1.714542000001984
trade-client,trade,1.2120410000306947
trade-client,trade,1.5267080000285205
trade-client,trade,1.5499579999982416
trade-client,trade,1.0869580000303358
trade-client,trade,0.7415829999786183
trade-client,trade,1.360959000010098
trade-client,trade,0.911832999975104
trade-client,trade,0.8829999999875326
trade-client,trade,1.4188330000024507
trade-client,trade,1.1724999999955799
trade-client,trade,2.093583000032595
trade-client,trade,1.5567080000096212
trade-client,trade,0.9989999999788779
trade-client,trade,1.3361670000335835
trade-client,trade,1.6226669999923615
trade-client,trade,1.4879160000305092
trade-client,trade,0.7514170000035847
trade-client,trade,0.9640420000209815
trade-client,trade,1.187291999997342
trade-client,trade,1.7914999999675274
trade-client,trade,0.8639589999575037
trade-client,trade,0.997625000024982
trade-client,trade,0.9898750000161272
trade-client,trade,1.1752500000170585
trade-client,trade,0.9526250000249092
trade-client,trade,0.7285830000114402
trade-client,trade,0.5628339999930176
trade-client,trade,0.8808750000071086
trade-client,trade,0.9673339999949349
trade-client,trade,1.2366670000005797
trade-client,trade,0.7541250000144828
trade-client,trade,1.4239579999753005
trade-client,trade,1.154582999959075
trade-client,trade,0.7765830000039387
trade-client,trade,2.3972500000013497
trade-client,trade,1.424665999991248
trade-client,trade,0.890666999964651
trade-client,trade,0.8467920000043705
trade-client,trade,1.1129170000003796
trade-client,trade,0.8589170000163904
trade-client,trade,0.7556670000212762
trade-client,trade,1.754875000017364
trade-client,trade,1.049916999988909
trade-client,trade,0.9068340000339958
trade-client,trade,0.5891669999869009
trade-client,trade,0.9584160000031261
trade-client,trade,5.297625000025619
trade-client,trade,1.8990829999552261
trade-client,trade,1.4042919999610604
trade-client,trade,1.823582999975315
trade-client,trade,1.080584000021645
trade-client,trade,0.8281670000087615
trade-client,trade,0.7085839999945165
trade-client,trade,1.1932090000073003
trade-client,trade,1.1865420000276572
trade-client,trade,1.7487089999690397
trade-client,trade,1.2891659999922922
trade-client,trade,1.2220409999486037
trade-client,trade,1.9414579999761372
trade-client,trade,1.307124999982534
trade-client,trade,1.044999999976426
trade-client,trade,0.6144170000084159
trade-client,trade,1.0698749999846768
trade-client,trade,1.3935840000272037
trade-client,trade,0.9053750000020955
trade-client,trade,0.9803340000189564
trade-client,trade,1.7573750000110522
trade-client,trade,1.4786250000042855
trade-client,trade,1.3000000000147338
trade-client,trade,0.8880830000066453
trade-client,trade,1.2172090000035496
trade-client,trade,0.9434169999735786
trade-client,trade,0.8896670000240192
trade-client,trade,1.1669169999777296
trade-client,trade,1.043666999976267
trade-client,trade,1.0668340000279386
trade-client,trade,1.0584579999886046
trade-client,trade,0.9711659999993572
trade-client,trade,1.2614589999770942
trade-client,trade,1.4117909999527
trade-client,trade,2.210666999985733
trade-client,trade,2.2768750000068394
trade-client,trade,0.9651659999576623
trade-client,trade,0.8830419999981132
trade-client,trade,1.3976669999919977
trade-client,trade,0.802874999976666
trade-client,trade,0.7745830000089882
trade-client,trade,0.7271250000258078
trade-client,trade,1.54745799994771
trade-client,trade,1.5739589999839154
trade-client,trade,0.5838339999968412
trade-client,trade,1.2556249999988722
trade-client,trade,1.7956249999997453
trade-client,trade,1.2521670000182894
trade-client,trade,1.0766660000172124
trade-client,trade,0.7947499999545471
trade-client,trade,0.914208000040162
trade-client,trade,1.5405830000077003
trade-client,trade,1.5246250000018335
trade-client,trade,0.8296660000155498
trade-client,trade,1.5549170000213053
trade-client,trade,3.4134999999650972
trade-client,trade,1.838374999977077
trade-client,trade,0.8911249999528081
trade-client,trade,0.9206249999920146
trade-client,trade,0.8124589999738419
trade-client,trade,0.8497079999756352
trade-client,trade,0.9778330000358437
trade-client,trade,0.9457919999817932
trade-client,trade,0.8567079999579619
trade-client,trade,0.8463330000267888
trade-client,trade,0.9564160000081756
trade-client,trade,1.3247919999912483
trade-client,trade,1.3615419999837286
trade-client,trade,1.2846669999930782
trade-client,trade,1.0964169999851947
trade-client,trade,0.9310839999443488
trade-client,trade,0.7336250000093969
trade-client,trade,1.0545420000198646
trade-client,trade,1.1432919999947444
trade-client,trade,1.883834000011575
trade-client,trade,0.9167919999981677
trade-client,trade,0.7080839999957789
trade-client,trade,0.5723339999690324
trade-client,trade,0.6988339999907112
trade-client,trade,1.020417000006546
trade-client,trade,1.228291000018089
trade-client,trade,1.2787499999831198
trade-client,trade,1.1346250000201508
trade-client,trade,1.2523330000249189
trade-client,trade,0.7410000000049877
trade-client,trade,0.6966249999891261
trade-client,trade,0.618959000007635
trade-client,trade,0.7458339999857344
trade-client,trade,1.113999999972748
trade-client,trade,1.6286249999666325
trade-client,trade,0.5108330000211936
trade-client,trade,0.7110839999882046
trade-client,trade,0.8307919999879232
trade-client,trade,0.9064580000313072
trade-client,trade,1.2452089999896998
trade-client,trade,0.6933750000257533
trade-client,trade,0.8394590000193602
trade-client,trade,1.2547499999868705
trade-client,trade,1.0533329999589114
trade-client,trade,1.7205830000079914
trade-client,trade,1.1851670000169179
trade-client,trade,0.8584159999713847
trade-client,trade,1.1591250000151376
trade-client,trade,0.6913749999739593
trade-client,trade,0.9706249999794636
trade-client,trade,1.2092089999669042
trade-client,trade,0.5955830000061724
trade-client,trade,0.8629170000062913
trade-client,trade,0.9477500000230066
trade-client,trade,1.1437910000040574
trade-client,trade,1.1670420000200465
trade-client,trade,1.1650829999894086
trade-client,trade,0.6552499999656902
trade-client,trade,0.9274589999677119
trade-client,trade,1.263166999990517
trade-client,trade,0.8031669999581936
trade-client,trade,0.7756670000276245
trade-client,trade,0.7328750000397122
trade-client,trade,1.2074169999891637
trade-client,trade,1.2874160000251322
trade-client,trade,1.1226660000147604
trade-client,trade,0.5424999999945612
trade-client,trade,0.6936670000072809
trade-client,trade,0.6519579999917369
trade-client,trade,0.7517500000062682
trade-client,trade,0.9070419999943624
trade-client,trade,0.7822910000072625
trade-client,trade,0.8243749999792271
trade-client,trade,0.7194169999706901
trade-client,trade,1.5380830000140122
trade-client,trade,1.3212499999895044
trade-client,trade,1.669082999967486
trade-client,trade,1.0867910000342818
trade-client,trade,1.924083000005794
trade-client,trade,0.8990420000145605
trade-client,trade,1.4747920000104386
trade-client,trade,1.2598339999954078
trade-client,trade,0.995375000002241
trade-client,trade,1.9978340000079697
trade-client,trade,0.7709579999755078
trade-client,trade,0.5744590000062999
trade-client,trade,0.8955410000339725
trade-client,trade,0.9597499999927095
trade-client,trade,2.3404169999707847
trade-client,trade,1.4839169999731894
trade-client,trade,2.067749999980606
trade-client,trade,1.6547500000001492
trade-client,trade,2.0884159999923213
trade-client,trade,0.6911250000030122
trade-client,trade,0.9657909999987169
trade-client,trade,0.809708000019782
trade-client,trade,0.6893749999790089
trade-client,trade,0.8754579999958878
trade-client,trade,1.0003749999896172
trade-client,trade,0.6952079999678062
trade-client,trade,1.1402079999811576
trade-client,trade,1.0427089999893724
trade-client,trade,1.0019580000175665
trade-client,trade,0.8292910000022857
trade-client,trade,0.6829999999808933
trade-client,trade,1.4066250000155378
trade-client,trade,1.106542000002264
trade-client,trade,0.8306249999918691
trade-client,trade,0.7259590000217031
trade-client,trade,0.9822920000033264
trade-client,trade,1.0660410000014053
trade-client,trade,1.440374999958749
trade-client,trade,0.9571250000135478
trade-client,trade,1.6319580000185852
trade-client,trade,1.2827909999941767
trade-client,trade,1.1472090000097523
trade-client,trade,1.3170840000498174
trade-client,trade,1.2830000000008113
trade-client,trade,1.028208999969138
trade-client,trade,0.6821669999794722
trade-client,trade,1.8097499999498723
trade-client,trade,1.0547910000013871
trade-client,trade,1.0591250000402397
trade-client,trade,0.5843330000061542
trade-client,trade,1.2871659999973417
trade-client,trade,1.2453329999857488
trade-client,trade,2.185166999993271
trade-client,trade,1.09720899996546
trade-client,trade,1.602042000001802
trade-client,trade,1.4462090000506578
trade-client,trade,1.0294580000049791
trade-client,trade,1.050125000006119
trade-client,trade,1.033082999981616
trade-client,trade,1.0886669999763399
trade-client,trade,0.7955840000022363
trade-client,trade,0.8540420000144877
trade-client,trade,0.7611660000179654
trade-client,trade,1.0659580000265123
trade-client,trade,0.8727500000418331
trade-client,trade,0.9981250000237196
trade-client,trade,0.7277909999743315
trade-client,trade,0.8302919999891856
trade-client,trade,0.8620840000048702
trade-client,trade,0.8543330000065907
trade-client,trade,0.9060840000074677
trade-client,trade,0.6447090000278877
trade-client,trade,1.0307500000408254
trade-client,trade,0.8290000000101827
trade-client,trade,0.847125000007054
trade-client,trade,0.8175410000035299
trade-client,trade,0.7424589999800446
trade-client,trade,0.7689999999911379
trade-client,trade,1.4044160000139527
trade-client,trade,0.9905829999752314
trade-client,trade,0.7035829999608723
trade-client,trade,1.5000000000213731
trade-client,trade,0.8349160000307165
trade-client,trade,1.1565420000465565
trade-client,trade,0.7682500000214532
trade-client,trade,0.8025000000202454
trade-client,trade,0.5889999999908468
trade-client,trade,0.8491250000020045
trade-client,trade,0.6307919999812839
trade-client,trade,1.0424999999827378
trade-client,trade,1.0537090000184435
trade-client,trade,0.6656249999537067
trade-client,trade,0.7835829999862653
trade-client,trade,0.5347909999500189
trade-client,trade,0.6868340000210083
trade-client,trade,1.4170419999572914
trade-client,trade,0.9117079999896305
trade-client,trade,1.0070410000366792
trade-client,trade,1.049374999979591
trade-client,trade,0.9498330000496935
trade-client,trade,0.6978339999932359
trade-client,trade,1.9634999999880165
trade-client,trade,1.518415999953504
trade-client,trade,0.9795000000281107
trade-client,trade,1.0817919999794867
trade-client,trade,0.7422079999628295
trade-client,trade,0.8777090000080534
trade-client,trade,1.0779169999750593
trade-client,trade,0.8788330000015776
trade-client,trade,0.656792000029327
trade-client,trade,1.0781670000028498
trade-client,trade,1.1830000000259133
trade-client,trade,1.7287910000050033
trade-client,trade,0.6052080000245041
trade-client,trade,1.020291999964229
trade-client,trade,0.8644580000236601
trade-client,trade,0.961875000029977
trade-client,trade,1.5719169999783844
trade-client,trade,1.5472910000084994
trade-client,trade,1.1631250000050386
trade-client,trade,0.663166000038018
trade-client,trade,0.7763329999761481
trade-client,trade,0.8925829999952839
trade-client,trade,0.7980829999496564
trade-client,trade,1.3131249999673855
trade-client,trade,0.6671669999605001
trade-client,trade,0.8807500000216351
trade-client,trade,0.8940829999914968
trade-client,trade,1.1950829999705093
trade-client,trade,1.3896670000121958
trade-client,trade,1.0882909999736512
trade-client,trade,0.8020839999858254
trade-client,trade,0.9419589999879463
trade-client,trade,0.7840839999744276
trade-client,trade,1.091500000029555
trade-client,trade,1.1482919999821206
trade-client,trade,1.1002910000001975
trade-client,trade,1.1434170000370614
trade-client,trade,0.6012090000240278
trade-client,trade,0.7834580000007918
trade-client,trade,0.5733749999876636
trade-client,trade,1.6965420000474296
trade-client,trade,1.781875000006039
trade-client,trade,0.955417000000125
trade-client,trade,0.682166000046891
trade-client,trade,1.0019580000175665
trade-client,trade,1.2782499999843822
trade-client,trade,1.1692920000427875
trade-client,trade,0.6633749999878091
trade-client,trade,0.7071669999731967
trade-client,trade,0.7972920000156591
trade-client,trade,1.0011250000161453
trade-client,trade,1.4101670000172817
trade-client,trade,1.3454169999818077
trade-client,trade,0.9569169999963378
trade-client,trade,1.0679170000003069
trade-client,trade,0.8225840000477547
trade-client,trade,1.2678329999857851
trade-client,trade,1.0718749999796273
trade-client,trade,0.9279999999876054
trade-client,trade,2.950832999999875
trade-client,trade,1.6384169999810183
trade-client,trade,1.3955830000327296
trade-client,trade,1.2349169999765763
trade-client,trade,1.4852079999627676
trade-client,trade,1.1945420000074591
trade-client,trade,0.8800000000519503
trade-client,trade,0.8689169999911428
trade-client,trade,0.9469579999858979
trade-client,trade,1.3805830000137576
trade-client,trade,0.8934159999967051
trade-client,trade,1.0988330000145652
trade-client,trade,1.0953329999665584
trade-client,trade,0.9460840000201642
trade-client,trade,1.3477910000005977
trade-client,trade,0.6885420000344311
trade-client,trade,1.0757910000052107
trade-client,trade,1.365167000017209
trade-client,trade,1.5895409999870935
trade-client,trade,0.7400830000392489
trade-client,trade,1.2136249999912252
trade-client,trade,0.9584590000031312
trade-client,trade,0.9817920000045888
trade-client,trade,1.798666000013327
trade-client,trade,1.016124999978274
trade-client,trade,0.9328329999789275
trade-client,trade,0.6282499999770152
trade-client,trade,1.2612080000167225
trade-client,trade,2.04529199999115
trade-client,trade,0.9557089999816526
trade-client,trade,0.897415999986606
trade-client,trade,0.6913329999633788
trade-client,trade,0.9247079999568086
trade-client,trade,1.072584000041843
trade-client,trade,0.7310420000408158
trade-client,trade,1.2634999999932006
trade-client,trade,0.7919579999793314
trade-client,trade,0.9962080000036622
trade-client,trade,1.1184169999864935
trade-client,trade,1.0929160000046068
trade-client,trade,1.1222910000014963
trade-client,trade,1.3665830000491042
trade-client,trade,1.6065830000115966
trade-client,trade,1.2594170000284066
trade-client,trade,0.930750000009084
trade-client,trade,1.95137500003284
trade-client,trade,1.152375000003758
trade-client,trade,0.49295799999526935
trade-client,trade,1.185625000005075
trade-client,trade,0.8894169999962287
trade-client,trade,0.6928750000270156
trade-client,trade,1.4527079999879788
trade-client,trade,1.4978329999735251
trade-client,trade,1.0982079999735106
trade-client,trade,0.5365830000414462
trade-client,trade,0.8729580000021997
trade-client,trade,1.0113330000081078
trade-client,trade,0.8930000000191285
trade-client,trade,1.0245419999819205
trade-client,trade,1.2491250000152831
trade-client,trade,0.9381250000046748
trade-client,trade,0.8887080000476999
trade-client,trade,1.2576249999938227
trade-client,trade,0.8930000000191285
trade-client,trade,0.6155829999556772
trade-client,trade,1.3985420000039994
trade-client,trade,0.6572080000069036
trade-client,trade,1.2448329999870111
trade-client,trade,1.3322500000185755
trade-client,trade,0.8451659999764161
trade-client,trade,0.8484170000429003
trade-client,trade,1.8076659999906042
trade-client,trade,1.51237500000434
trade-client,trade,1.233875000025364
trade-client,trade,1.2283749999824067
trade-client,trade,1.1034169999675214
trade-client,trade,0.8931670000151826
trade-client,trade,0.8542500000316977
trade-client,trade,1.9496250000088367
trade-client,trade,0.7261249999714892
trade-client,trade,1.6156670000100348
trade-client,trade,1.1087089999932687
trade-client,trade,0.8337090000054559
trade-client,trade,1.2664999999856263
trade-client,trade,1.7556249999870488
trade-client,trade,0.5885420000026897
trade-client,trade,0.705041000003348
trade-client,trade,0.7837919999929
trade-client,trade,1.0504580000088026
trade-client,trade,1.1215419999643927
trade-client,trade,0.9042080000085662
trade-client,trade,0.8873340000263852
trade-client,trade,0.9434169999735786
trade-client,trade,1.65174999995088
trade-client,trade,0.9050419999994119
trade-client,trade,0.7891250000398031
trade-client,trade,2.666332999979204
trade-client,trade,3.124417000037738
trade-client,trade,1.5471660000230258
trade-client,trade,1.133374999994885
trade-client,trade,1.4651249999815263
trade-client,trade,1.389000000017404
trade-client,trade,0.6191669999680016
trade-client,trade,1.0181659999943804
trade-client,trade,1.643790999992234
trade-client,trade,1.6399589999878117
trade-client,trade,0.6537919999800579
trade-client,trade,0.9518749999983811
trade-client,trade,0.8624170000075537
trade-client,trade,0.7624589999863929
trade-client,trade,0.9977920000210361
trade-client,trade,1.0204579999708585
trade-client,trade,1.1979169999563055
trade-client,trade,1.7952080000327442
trade-client,trade,1.5611249999665233
trade-client,trade,0.823541999977806
trade-client,trade,2.271291999988989
trade-client,trade,2.0033339999940836
trade-client,trade,0.566667000043708
trade-client,trade,1.1826249999558058
trade-client,trade,1.217082999971808
trade-client,trade,2.133500000013555
trade-client,trade,0.7246249999752763
trade-client,trade,2.9324999999857937
trade-client,trade,0.8456669999645783
trade-client,trade,0.9905420000109189
trade-client,trade,0.8322920000409795
trade-client,trade,0.7480840000084754
trade-client,trade,0.6124170000134654
trade-client,trade,0.7958749999943393
trade-client,trade,0.8968750000235559
trade-client,trade,0.9838750000312757
trade-client,trade,1.0936659999742915
trade-client,trade,1.723791000017627
trade-client,trade,2.8141669999968144
trade-client,trade,1.2750419999747464
trade-client,trade,0.6606250000231739
trade-client,trade,0.9149999999635838
trade-client,trade,1.2191250000341824
trade-client,trade,1.3964999999984684
trade-client,trade,1.2369579999926827
trade-client,trade,1.2282089999757773
trade-client,trade,0.8710000000178297
trade-client,trade,1.0432079999986854
trade-client,trade,0.9245830000281785
trade-client,trade,0.7948749999968641
trade-client,trade,1.4767910000159645
trade-client,trade,1.409207999984119
trade-client,trade,0.7897500000240143
trade-client,trade,1.1070840000115822
trade-client,trade,1.5594590000205244
trade-client,trade,1.060457999983555
trade-client,trade,1.2557080000306087
trade-client,trade,0.8806250000361615
trade-client,trade,1.0433339999735836
trade-client,trade,1.1350830000083079
trade-client,trade,1.1747080000077403
trade-client,trade,1.2601669999980913
trade-client,trade,1.1899579999976595
trade-client,trade,1.1138749999872744
trade-client,trade,0.7744590000129392
trade-client,trade,0.9474590000309036
trade-client,trade,1.4583340000058342
trade-client,trade,0.6434590000026219
trade-client,trade,1.1349580000228343
trade-client,trade,0.8559590000345452
trade-client,trade,2.03191599996444
trade-client,trade,4.786125000009633
trade-client,trade,6.074166000018977
trade-client,trade,2.0504579999851558
trade-client,trade,1.2021249999634165
trade-client,trade,2.031791999968391
trade-client,trade,1.762874999997166
trade-client,trade,0.823541999977806
trade-client,trade,1.0828329999981179
trade-client,trade,1.0373329999993075
trade-client,trade,1.0634579999759808
trade-client,trade,1.0003329999790367
trade-client,trade,1.0067089999665768
trade-client,trade,1.3369170000032682
trade-client,trade,0.9687920000374106
trade-client,trade,0.945000000001528
trade-client,trade,1.3823340000271855
trade-client,trade,1.8634159999919575
trade-client,trade,1.3408749999825886
trade-client,trade,1.018084000008912
trade-client,trade,1.0181670000406484
trade-client,trade,0.817291999965164
trade-client,trade,0.5970000000274922
trade-client,trade,1.7656250000186446
trade-client,trade,1.0540410000317024
trade-client,trade,1.7403329999865491
trade-client,trade,0.9165839999809577
trade-client,trade,0.9590419999767619
trade-client,trade,1.0412079999468915
trade-client,trade,1.1082080000051064
trade-client,trade,0.8260830000494934
trade-client,trade,0.9438339999974232
trade-client,trade,1.2125829999831694
trade-client,trade,1.154541000005338
trade-client,trade,0.7472919999713667
trade-client,trade,0.8192090000420649
trade-client,trade,1.5720420000207014
trade-client,trade,2.1310420000304475
trade-client,trade,1.6077090000408134
trade-client,trade,2.866708999988532
trade-client,trade,1.1625829999957205
trade-client,trade,2.3614170000314516
trade-client,trade,1.4271670000312042
trade-client,trade,1.160459000004721
trade-client,trade,0.5494580000231508
trade-client,trade,0.9574999999699685
trade-client,trade,1.0392920000299455
trade-client,trade,0.8211669999695914
trade-client,trade,1.4894999999910397
trade-client,trade,1.266791999967154
trade-client,trade,0.9729169999559417
trade-client,trade,1.0289580000062415
trade-client,trade,0.6415830000037204
trade-client,trade,0.8441670000252088
trade-client,trade,0.9657080000238238
trade-client,trade,0.8091660000104639
trade-client,trade,1.6590419999715778
trade-client,trade,0.8850829999573762
trade-client,trade,1.193999999998141
trade-client,trade,0.9905420000109189
trade-client,trade,1.4147500000376567
trade-client,trade,1.0819170000218037
trade-client,trade,1.6315409999947406
trade-client,trade,0.7970830000090245
trade-client,trade,0.9244999999964421
trade-client,trade,1.348833999998078
trade-client,trade,0.9255410000150732
trade-client,trade,1.2032079999926282
trade-client,trade,1.560041999994155
trade-client,trade,1.1258330000032402
trade-client,trade,1.1191670000130216
trade-client,trade,0.8101250000436266
trade-client,trade,1.4047079999954803
trade-client,trade,1.4621249999891006
trade-client,trade,1.176666999981535
trade-client,trade,1.227540999991561
trade-client,trade,1.1094999999841093
trade-client,trade,1.4173750000168184
trade-client,trade,1.1869170000409213
trade-client,trade,0.7879579999894304
trade-client,trade,0.8425839999972595
trade-client,trade,1.204458000017894
trade-client,trade,1.0402080000062597
trade-client,trade,1.844457999993665
trade-client,trade,3.358541000011428
trade-client,trade,1.2404999999944266
trade-client,trade,1.0218339999710224
trade-client,trade,0.6544589999748496
trade-client,trade,0.9258329999966008
trade-client,trade,1.0670409999988806
trade-client,trade,0.9775409999974727
trade-client,trade,0.48095800002556643
trade-client,trade,0.794833000043127
trade-client,trade,0.7774169999947844
trade-client,trade,1.1911249999911888
trade-client,trade,1.5129160000242337
trade-client,trade,0.8583329999964917
trade-client,trade,0.7522909999693184
trade-client,trade,0.9504999999876418
trade-client,trade,1.1524170000143386
trade-client,trade,1.6597080000337883
trade-client,trade,1.5900409999858311
trade-client,trade,0.804916999982197
trade-client,trade,1.2762920000000122
trade-client,trade,0.9178330000167989
trade-client,trade,0.7533329999773741
trade-client,trade,1.1251249999872925
trade-client,trade,0.7669159999750264
trade-client,trade,0.8117920000358936
trade-client,trade,1.3853329999733432
trade-client,trade,0.9167919999981677
trade-client,trade,0.7195000000024265
trade-client,trade,1.2443329999882735
trade-client,trade,1.15820899998198
trade-client,trade,1.8844999999600986
trade-client,trade,0.7845000000088476
trade-client,trade,1.2723329999744237
trade-client,trade,0.763291999987814
trade-client,trade,0.7969160000129705
trade-client,trade,0.9217499999749634
trade-client,trade,1.9039999999677093
trade-client,trade,1.589292000005571
trade-client,trade,1.3513330000023416
trade-client,trade,0.6297500000300715
trade-client,trade,2.0521249999774227
trade-client,trade,1.1133339999673808
trade-client,trade,1.3780409999526455
trade-client,trade,1.2667499999565734
trade-client,trade,1.0863749999998618
trade-client,trade,1.3075830000275346
trade-client,trade,2.4267499999837128
trade-client,trade,1.7081670000038685
trade-client,trade,1.557917000013731
trade-client,trade,1.7660000000319087
trade-client,trade,2.4762500000292675
trade-client,trade,1.8243339999912678
trade-client,trade,1.1995419999948354
trade-client,trade,0.5844589999810523
trade-client,trade,0.7856670000023769
trade-client,trade,0.8879580000211718
trade-client,trade,1.9442089999870404
trade-client,trade,2.513874999976906
trade-client,trade,1.1619590000009339
trade-client,trade,0.7662920000370832
trade-client,trade,0.9721250000325199
trade-client,trade,1.214875000016491
trade-client,trade,1.428374999989046
trade-client,trade,0.8098750000158361
trade-client,trade,0.6829580000271562
trade-client,trade,0.6758339999919372
trade-client,trade,0.6916250000017499
trade-client,trade,1.5728749999652791
trade-client,trade,0.9602920000020276
trade-client,trade,1.3817500000072869
trade-client,trade,0.9489170000165359
trade-client,trade,0.7875840000224343
trade-client,trade,0.8865830000104324
trade-client,trade,1.7848339999773088
trade-client,trade,0.8467079999832094
trade-client,trade,0.9402499999850988
trade-client,trade,1.236167000001842
trade-client,trade,1.1409999999614229
trade-client,trade,0.702208999996401
trade-client,trade,1.6913749999503125
trade-client,trade,0.9554590000107055
trade-client,trade,2.1159169999691585
trade-client,trade,2.8146249999849715
trade-client,trade,1.1658330000159367
trade-client,trade,1.2364579999939451
trade-client,trade,1.1007079999671987
trade-client,trade,1.257042000020192
trade-client,trade,1.206290999959947
trade-client,trade,0.9304170000064005
trade-client,trade,1.1240000000043437
trade-client,trade,0.9500419999994847
trade-client,trade,0.6563329999949019
trade-client,trade,0.9190419999640653
trade-client,trade,1.2047919999531587
trade-client,trade,1.0952500000485088
trade-client,trade,0.719457999991846
trade-client,trade,0.8138339999845812
trade-client,trade,2.0509169999627375
trade-client,trade,1.763083000014376
trade-client,trade,0.9706249999794636
trade-client,trade,0.8458749999817883
trade-client,trade,1.0988750000251457
trade-client,trade,3.6594999999692845
trade-client,trade,1.1530830000197057
trade-client,trade,1.0350829999765665
trade-client,trade,1.167000000009466
trade-client,trade,1.6621670000063204
trade-client,trade,1.1604169999941405
trade-client,trade,0.6588749999991705
trade-client,trade,1.18125000000191
trade-client,trade,1.369791999991321
trade-client,trade,1.233958000000257
trade-client,trade,0.953166999977384
trade-client,trade,0.6366659999912372
trade-client,trade,1.5047499999809588
trade-client,trade,0.8520000000089567
trade-client,trade,0.838375000000724
trade-client,trade,1.3044170000284794
trade-client,trade,0.7076669999719343
trade-client,trade,0.6652510000435541
trade-client,trade,1.1597920000099293
trade-client,trade,1.2548750000291875
trade-client,trade,1.5525000000025102
trade-client,trade,0.8162080000033711
trade-client,trade,1.0190419999958067
trade-client,trade,0.5667089999974451
trade-client,trade,1.0922920000098202
trade-client,trade,1.2750419999747464
trade-client,trade,1.2818339999967066
trade-client,trade,0.853666000011799
trade-client,trade,0.8997079999630841
trade-client,trade,0.9944579999796588
trade-client,trade,1.0053749999769934
trade-client,trade,1.0044170000469421
trade-client,trade,2.4666250000109358
trade-client,trade,2.6384590000247954
trade-client,trade,4.220750000001772
trade-client,trade,3.286709000008159
trade-client,trade,2.5794160000032207
trade-client,trade,1.1110830000120586
trade-client,trade,2.6895830000057686
trade-client,trade,3.4665410000229713
trade-client,trade,1.0112919999869519
trade-client,trade,1.2563330000148198
trade-client,trade,0.8168340000338503
trade-client,trade,1.9105410000292977
trade-client,trade,1.5612500000088403
trade-client,trade,0.8769159999815201
trade-client,trade,1.5817079999465022
trade-client,trade,1.1759999999867432
trade-client,trade,1.0455409999963194
trade-client,trade,0.9827089999703276
trade-client,trade,1.0540829999854395
trade-client,trade,0.9662919999868791
trade-client,trade,1.2711660000377378
trade-client,trade,0.7242919999725927
trade-client,trade,1.386541999977453
trade-client,trade,1.3947919999850455
trade-client,trade,1.5369580000310634
trade-client,trade,1.3557500000160871
trade-client,trade,1.2595420000138802
trade-client,trade,2.057332999982009
trade-client,trade,1.1486669999953847
trade-client,trade,1.61862499999188
trade-client,trade,0.7540830000039023
trade-client,trade,0.7219590000318021
trade-client,trade,1.2871669999867663
trade-client,trade,0.5566670000121121
trade-client,trade,1.2510829999996531
trade-client,trade,1.3623749999851498
trade-client,trade,1.0427079999999478
trade-client,trade,1.196291999974619
trade-client,trade,1.0056659999690964
trade-client,trade,1.1173340000141252
trade-client,trade,2.329666999969504
trade-client,trade,4.622541999992791
trade-client,trade,1.7355839999595446
trade-client,trade,1.2817909999967014
trade-client,trade,0.7041669999807709
trade-client,trade,1.24595799996996
trade-client,trade,0.76354100002618
trade-client,trade,1.8701250000390246
trade-client,trade,1.148000000000593
trade-client,trade,1.2011249999659412
trade-client,trade,0.754749999998694
trade-client,trade,0.9800830000017413
trade-client,trade,1.0887920000186568
trade-client,trade,1.1376250000125765
trade-client,trade,0.8458330000280512
trade-client,trade,1.5238750000321488
trade-client,trade,0.9412090000182616
trade-client,trade,0.7949590000180251
trade-client,trade,2.0440840000333083
trade-client,trade,0.9915840000189746
trade-client,trade,0.9001669999975093
trade-client,trade,1.514458000031027
trade-client,trade,0.778042000035839
trade-client,trade,1.208458000007795
trade-client,trade,0.7846249999943211
trade-client,trade,3.6047920000328304
trade-client,trade,1.0212079999973867
trade-client,trade,1.0937080000417154
trade-client,trade,0.7024579999779235
trade-client,trade,0.9801659999766343
trade-client,trade,0.8050000000139335
trade-client,trade,0.989124999989599
trade-client,trade,1.5428749999841784
trade-client,trade,0.74420799995778
trade-client,trade,1.3475829999833877
trade-client,trade,0.6892920000041158
trade-client,trade,1.102290999995148
trade-client,trade,1.2674170000082086
trade-client,trade,0.7489999999847896
trade-client,trade,2.019958999994742
trade-client,trade,1.6062920000194936
trade-client,trade,1.1619170000471968
trade-client,trade,1.032624999993459
trade-client,trade,1.3287499999705688
trade-client,trade,1.0171250000325927
trade-client,trade,1.0340839999685159
trade-client,trade,0.7487500000138425
trade-client,trade,0.9602499999914471
trade-client,trade,1.3904169999818805
trade-client,trade,0.8084579999945163
trade-client,trade,0.8685000000241416
trade-client,trade,4.419624999968619
trade-client,trade,1.0910000000308173
trade-client,trade,1.2603750000153013
trade-client,trade,1.5218750000371983
trade-client,trade,1.0532499999840184
trade-client,trade,1.9770420000213562
trade-client,trade,0.8049589999927775
trade-client,trade,0.7870420000131162
trade-client,trade,0.8099590000369972
trade-client,trade,0.8018750000360342
trade-client,trade,0.8838340000352218
trade-client,trade,0.8073330000115675
trade-client,trade,0.6994589999749223
trade-client,trade,0.9401670000102058
trade-client,trade,0.8293749999666034
trade-client,trade,1.4347499999871616
trade-client,trade,1.0212090000436547
trade-client,trade,0.8987500000330328
trade-client,trade,0.9739170000102604
trade-client,trade,0.6662920000053418
trade-client,trade,0.7878750000145374
trade-client,trade,0.9475420000057966
trade-client,trade,0.7057499999518768
trade-client,trade,1.0122499999738466
trade-client,trade,1.1377920000086306
trade-client,trade,2.0013330000097085
trade-client,trade,0.7302920000142876
trade-client,trade,2.4059579999970993
trade-client,trade,1.2240840000004027
trade-client,trade,1.5912080000362039
trade-client,trade,1.8910420000111117
trade-client,trade,0.9069170000088889
trade-client,trade,1.0173329999929592
trade-client,trade,1.1364169999978913
trade-client,trade,1.0208750000515465
trade-client,trade,1.3321249999762586
trade-client,trade,0.7291250000207583
trade-client,trade,0.7835420000219528
trade-client,trade,0.8499999999571628
trade-client,trade,0.7365000000163491
trade-client,trade,1.983916999961366
trade-client,trade,1.2303330000236201
trade-client,trade,0.7640000000037617
trade-client,trade,3.6014170000271406
trade-client,trade,1.166542000021309
trade-client,trade,0.8203340000250137
trade-client,trade,0.8189589999574309
trade-client,trade,1.0372500000244145
trade-client,trade,1.3928340000006756
trade-client,trade,2.5325830000042515
trade-client,trade,1.3247090000163553
trade-client,trade,0.8440830000040478
trade-client,trade,1.0813750000124855
trade-client,trade,2.379375000032269
trade-client,trade,0.9444170000278973
trade-client,trade,0.7575420000307531
trade-client,trade,1.016250000020591
trade-client,trade,1.5447499999936554
trade-client,trade,1.3150000000337059
trade-client,trade,0.8332500000278742
trade-client,trade,0.8978750000210312
trade-client,trade,1.2567500000386644
trade-client,trade,0.6976669999971818
trade-client,trade,0.8592909999833864
trade-client,trade,3.364624999960597
trade-client,trade,0.6600419999926999
trade-client,trade,1.2761669999576952
trade-client,trade,0.7825830000456335
trade-client,trade,0.6513339999969503
trade-client,trade,1.0871249999695465
trade-client,trade,1.4166250000471337
trade-client,trade,1.0616249999770844
trade-client,trade,0.7147079999754169
trade-client,trade,0.7938749999993888
trade-client,trade,1.975458999993407
trade-client,trade,1.3826249999624451
trade-client,trade,0.6099579999840898
trade-client,trade,0.6021670000109225
trade-client,trade,1.0622499999612955
trade-client,trade,0.7315420000395534
trade-client,trade,0.7827499999848442
trade-client,trade,0.7965839999997115
trade-client,trade,1.1199159999932817
trade-client,trade,1.3256669999464066
trade-client,trade,1.1395410000432094
trade-client,trade,1.6653750000159562
trade-client,trade,1.1378749999835236
trade-client,trade,0.8052499999848806
trade-client,trade,0.7232500000213804
trade-client,trade,1.220917000011923
trade-client,trade,1.5857500000038272
trade-client,trade,1.398374999951102
trade-client,trade,0.8331669999961377
trade-client,trade,0.8670000000279288
trade-client,trade,1.0270829999967646
trade-client,trade,1.5329999999948996
trade-client,trade,1.4379579999967973
trade-client,trade,1.229417000047306
trade-client,trade,0.8984579999946618
trade-client,trade,0.9337920000120903
trade-client,trade,1.2233749999950305
trade-client,trade,0.8917499999938627
trade-client,trade,0.608166999995774
trade-client,trade,1.6657920000398008
trade-client,trade,0.8815830000230562
trade-client,trade,1.0124579999910566
trade-client,trade,0.8105830000317837
trade-client,trade,0.8772499999736283
trade-client,trade,0.961667000012767
trade-client,trade,2.213957999970262
trade-client,trade,1.3106250000305408
trade-client,trade,0.5787499999883039
trade-client,trade,0.8431670000277336
trade-client,trade,0.9468750000110049
trade-client,trade,1.104708000013943
trade-client,trade,0.9108749999882093
trade-client,trade,1.8197090000171556
trade-client,trade,1.432416000000103
trade-client,trade,1.6922919999728947
trade-client,trade,1.4710000000377477
trade-client,trade,2.2787500000163163
trade-client,trade,1.8964579999760645
trade-client,trade,3.1422080000425012
trade-client,trade,1.125165999951605
trade-client,trade,1.2966670000196245
trade-client,trade,1.0825419999491714
trade-client,trade,1.1935410000205593
trade-client,trade,0.6034999999542379
trade-client,trade,0.957749999997759
trade-client,trade,1.3836670000273443
trade-client,trade,1.0987910000039847
trade-client,trade,1.579165999999077
trade-client,trade,2.4995829999738817
trade-client,trade,0.8799999999951069
trade-client,trade,0.5981670000210215
trade-client,trade,1.156374999993659
trade-client,trade,2.469042000029731
trade-client,trade,1.6029170000138038
trade-client,trade,0.6676660000266565
trade-client,trade,0.876084000026367
trade-client,trade,1.5476660000217635
trade-client,trade,0.7040830000164533
trade-client,trade,0.9785420000412159
trade-client,trade,0.7914169999594378
trade-client,trade,1.290583000013612
trade-client,trade,1.5022079999766902
trade-client,trade,1.3705419999610058
trade-client,trade,0.8406669999772021
trade-client,trade,1.2295839999865166
trade-client,trade,1.426250000008622
trade-client,trade,0.8614170000100785
trade-client,trade,0.798707999990711
trade-client,trade,0.6904169999870646
trade-client,trade,1.5214580000133537
trade-client,trade,1.549624999995558
trade-client,trade,1.6517500000077234
trade-client,trade,0.7069580000234055
trade-client,trade,1.7524589999879936
trade-client,trade,1.1400420000313716
trade-client,trade,1.256749999981821
trade-client,trade,1.132917000006728
trade-client,trade,1.6930410000099982
trade-client,trade,1.7760000000066611
trade-client,trade,1.6574590000004719
trade-client,trade,0.705041000003348
trade-client,trade,1.8544160000146803
trade-client,trade,1.1669579999988855
trade-client,trade,1.332292000029156
trade-client,trade,0.7865839999681157
trade-client,trade,0.9594580000111819
trade-client,trade,1.0847919999719124
trade-client,trade,1.357499999983247
trade-client,trade,3.8517500000239124
trade-client,trade,3.4646249999923384
trade-client,trade,1.7505409999785115
trade-client,trade,0.8847499999546926
trade-client,trade,1.4754580000158057
trade-client,trade,2.086999999960426
trade-client,trade,1.3328750000027867
trade-client,trade,2.2476660000165793
trade-client,trade,0.6996249999815518
trade-client,trade,0.7928750000019136
trade-client,trade,2.181457999995473
trade-client,trade,1.8744999999853462
trade-client,trade,1.8832079999810958
trade-client,trade,1.9812919999822043
trade-client,trade,1.3081250000368527
trade-client,trade,1.1478750000151194
trade-client,trade,0.8357500000215623
trade-client,trade,0.734375000035925
trade-client,trade,1.225750000003245
trade-client,trade,2.458875000002081
trade-client,trade,1.8070000000420805
trade-client,trade,1.2024579999661
trade-client,trade,1.624790999983361
trade-client,trade,1.8603340000140633
trade-client,trade,1.2076660000275297
trade-client,trade,1.2048749999848951
trade-client,trade,1.6940829999612106
trade-client,trade,1.5729579999970156
trade-client,trade,1.9082499999854008
trade-client,trade,2.769040999965
trade-client,trade,1.5801669999859769
trade-client,trade,1.041374999999789
trade-client,trade,1.5997909999896365
trade-client,trade,0.6703750000269793
trade-client,trade,2.598374999990938
trade-client,trade,1.4518749999865577
trade-client,trade,1.9344579999938105
trade-client,trade,2.017209000030107
trade-client,trade,1.1422079999761081
trade-client,trade,2.026291999982277
trade-client,trade,2.7341659999819967
trade-client,trade,1.1907919999885053
trade-client,trade,9.011958999963099
trade-client,trade,6.367916999977297
trade-client,trade,2.5598340000101416
trade-client,trade,1.6132079999806592
trade-client,trade,26.625125000009575
trade-client,trade,1.805958999966606
trade-client,trade,1.4726249999625907
trade-client,trade,1.8143330000270907
trade-client,trade,1.3597079999954076
trade-client,trade,1.4194999999972424
trade-client,trade,0.9907910000492848
trade-client,trade,1.4373749999663232
trade-client,trade,1.3640000000236796
trade-client,trade,1.5184590000103526
trade-client,trade,0.7413329999508278
trade-client,trade,1.3744999999971697
trade-client,trade,1.662207999970633
trade-client,trade,1.622416999964571
trade-client,trade,3.0236669999794685
trade-client,trade,1.5687080000361675
trade-client,trade,0.7842919999916376
trade-client,trade,1.4591659999609874
trade-client,trade,1.4880830000265632
trade-client,trade,1.1510409999573312
trade-client,trade,1.4294579999614143
trade-client,trade,0.8916670000189697
trade-client,trade,0.7487910000349984
trade-client,trade,1.2617080000154601
trade-client,trade,1.488709000000199
trade-client,trade,1.4317499999947358
trade-client,trade,1.0992500000384098
trade-client,trade,2.2973339999907694
trade-client,trade,1.8646249999960673
trade-client,trade,0.9755829999562593
trade-client,trade,1.1955830000260903
trade-client,trade,1.411791999998968
trade-client,trade,0.9426250000501568
trade-client,trade,1.3689169999793194
trade-client,trade,1.256667000006928
trade-client,trade,1.712124999983189
trade-client,trade,1.1007080000240421
trade-client,trade,1.0139160000335323
trade-client,trade,1.6543329999763046
trade-client,trade,2.4752919999855294
trade-client,trade,1.2327909999498843
trade-client,trade,1.4184579999891866
trade-client,trade,1.001458000018829
trade-client,trade,0.7627499999784959
trade-client,trade,1.0093330000131573
trade-client,trade,1.171375000012631
trade-client,trade,1.0520839999799136
trade-client,trade,1.4290419999838377
trade-client,trade,0.9050410000099873
trade-client,trade,1.2089999999602696
trade-client,trade,1.1532080000051792
trade-client,trade,1.519916999995985
trade-client,trade,1.8219169999724727
trade-client,trade,1.2640420000025188
trade-client,trade,0.8583339999859163
trade-client,trade,0.5852919999824735
trade-client,trade,1.1922499999741376
trade-client,trade,1.0794159999818476
trade-client,trade,0.7270000000403343
trade-client,trade,0.7849169999758487
trade-client,trade,1.0508330000220667
trade-client,trade,0.5441249999762476
trade-client,trade,1.626958000031209
trade-client,trade,1.455292000002828
trade-client,trade,1.1697090000097887
trade-client,trade,0.7811660000243137
trade-client,trade,0.591957999972692
trade-client,trade,1.7047499999875981
trade-client,trade,1.3145419999887054
trade-client,trade,0.896959000044717
trade-client,trade,0.7079590000103053
trade-client,trade,0.8877079999933812
trade-client,trade,1.151917000015601
trade-client,trade,1.482667000004767
trade-client,trade,1.7789999999990869
trade-client,trade,1.2534580000078677
trade-client,trade,0.9193749999667489
trade-client,trade,0.8580830000255446
trade-client,trade,0.8579999999938082
trade-client,trade,0.9933750000072905
trade-client,trade,2.509291999956531
trade-client,trade,1.6741250000222863
trade-client,trade,1.058499999999185
trade-client,trade,0.825790999954279
trade-client,trade,0.9617910000088159
trade-client,trade,1.574666999999863
trade-client,trade,1.3203749999775027
trade-client,trade,1.27362500001027
trade-client,trade,0.5937499999504325
trade-client,trade,1.931707999972332
trade-client,trade,0.841000000036729
trade-client,trade,0.9311669999760852
trade-client,trade,1.7181670000354643
trade-client,trade,0.6994579999854977
trade-client,trade,0.9340000000293003
trade-client,trade,0.9942910000404481
trade-client,trade,0.7498339999756354
trade-client,trade,0.8771249999881547
trade-client,trade,0.8779579999895759
trade-client,trade,1.681500000017877
trade-client,trade,1.3868330000263995
trade-client,trade,0.9129580000148962
trade-client,trade,0.6722499999796128
trade-client,trade,1.716417000011461
trade-client,trade,0.8503749999704269
trade-client,trade,0.9162079999782691
trade-client,trade,0.9280840000087665
trade-client,trade,0.7194170000275335
trade-client,trade,1.0674170000015692
trade-client,trade,0.8738330000142014
trade-client,trade,2.0208749999710562
trade-client,trade,0.7968749999918145
trade-client,trade,0.7123329999672023
trade-client,trade,0.6951670000034937
trade-client,trade,1.045083999997587
trade-client,trade,1.2415420000024824
trade-client,trade,1.2710000000311084
trade-client,trade,1.2469999999780157
trade-client,trade,0.9027500000229338
trade-client,trade,1.595167000004949
trade-client,trade,1.0276670000166632
trade-client,trade,1.0983330000158276
trade-client,trade,0.8521249999944303
trade-client,trade,1.006082999992941
trade-client,trade,2.0170420000340528
trade-client,trade,1.003708999974151
trade-client,trade,1.0596669999927144
trade-client,trade,1.5895839999870987
trade-client,trade,0.9632500000407163
trade-client,trade,1.6832500000418804
trade-client,trade,0.7134580000069946
trade-client,trade,1.5644999999722131
trade-client,trade,0.8627909999745498
trade-client,trade,0.8712499999887768
trade-client,trade,2.175874999977623
trade-client,trade,1.3221250000015061
trade-client,trade,1.6827079999757188
trade-client,trade,0.8232499999962783
trade-client,trade,0.9050419999994119
trade-client,trade,1.03324999997767
trade-client,trade,1.584834000027513
trade-client,trade,1.191582999979346
trade-client,trade,0.8010000000240325
trade-client,trade,0.7577080000373826
trade-client,trade,2.2217089999685413
trade-client,trade,0.681624999970154
trade-client,trade,0.7139580000057322
trade-client,trade,0.8207910000237462
trade-client,trade,1.288332999990871
trade-client,trade,1.1575410000546071
trade-client,trade,0.8001669999657679
trade-client,trade,0.809042000014415
trade-client,trade,1.1259999999992942
trade-client,trade,0.6658749999814972
trade-client,trade,2.3138330000165297
trade-client,trade,0.6533330000024762
trade-client,trade,0.9846250000009604
trade-client,trade,1.2409159999720032
trade-client,trade,0.9910420000096565
trade-client,trade,0.9135420000347949
trade-client,trade,1.91783400003942
trade-client,trade,1.0531249999985448
trade-client,trade,0.8696250000070904
trade-client,trade,0.7195000000024265
trade-client,trade,1.0297919999970873
trade-client,trade,0.9983749999946667
trade-client,trade,0.8156669999834776
trade-client,trade,1.6682919999766455
trade-client,trade,1.466290999985631
trade-client,trade,1.2853750000090258
trade-client,trade,1.2197919999721307
trade-client,trade,1.13733399996363
trade-client,trade,0.8032500000467735
trade-client,trade,1.3438750000318578
trade-client,trade,0.8465829999977359
trade-client,trade,1.0365409999621988
trade-client,trade,1.047334000020328
trade-client,trade,1.8507500000168875
trade-client,trade,0.9546670000304402
trade-client,trade,0.9566249999579668
trade-client,trade,0.8173340000325879
trade-client,trade,0.9480839999582713
trade-client,trade,1.085250000016913
trade-client,trade,1.1757920000263766
trade-client,trade,0.9430000000065775
trade-client,trade,1.1675829999830967
trade-client,trade,0.901209000005565
trade-client,trade,0.9843750000300133
trade-client,trade,1.476083000000017
trade-client,trade,1.1363749999873107
trade-client,trade,1.1878749999709726
trade-client,trade,1.2473749999912798
trade-client,trade,1.4733330000353817
trade-client,trade,1.2700000000336331
trade-client,trade,1.2393750000114778
trade-client,trade,1.0215410000000702
trade-client,trade,1.0156250000363798
trade-client,trade,1.0569170000280792
trade-client,trade,1.390749999984564
trade-client,trade,0.974499999983891
trade-client,trade,1.4726670000300146
trade-client,trade,1.007374999971944
trade-client,trade,0.9565830000042297
trade-client,trade,0.8914160000017546
trade-client,trade,0.8210829999484304
trade-client,trade,0.7171670000047925
trade-client,trade,0.9718750000047294
trade-client,trade,1.1330830000133574
trade-client,trade,1.1890000000107648
trade-client,trade,0.786209000011695
trade-client,trade,0.9514160000207994
trade-client,trade,1.5793750000057116
trade-client,trade,1.1344580000240967
trade-client,trade,0.5822500000363107
trade-client,trade,0.8572919999778605
trade-client,trade,2.0237499999780084
trade-client,trade,2.062999999964177
trade-client,trade,3.0918339999743694
trade-client,trade,1.051499999960015
trade-client,trade,2.9125410000006013
trade-client,trade,1.7644160000145348
trade-client,trade,1.3002079999751004
trade-client,trade,1.7316249999907996
trade-client,trade,1.148000000000593
trade-client,trade,1.1797089999845412
trade-client,trade,1.7678749999845422
trade-client,trade,2.995915999974841
trade-client,trade,2.3225410000122793
trade-client,trade,0.9728750000022046
trade-client,trade,1.6613330000154747
trade-client,trade,2.8117919999886
trade-client,trade,0.9476669999912701
trade-client,trade,3.5659580000242386
trade-client,trade,1.898541999992176
trade-client,trade,1.9900830000096903
trade-client,trade,1.0062079999784146
trade-client,trade,2.149916000007579
trade-client,trade,2.5875000000041837
trade-client,trade,1.5465419999713959
trade-client,trade,0.911750000000211
trade-client,trade,1.6763330000344467
trade-client,trade,1.7127919999779806
trade-client,trade,1.7281249999996362
trade-client,trade,1.1619580000115093
trade-client,trade,4.018250000001444
trade-client,trade,2.864959000021372
trade-client,trade,4.614457999991828
trade-client,trade,3.840916000001471
trade-client,trade,1.6359580000084861
trade-client,trade,0.7893750000107502
trade-client,trade,1.289915999961977
trade-client,trade,1.246250000008331
trade-client,trade,0.8193750000486943
trade-client,trade,0.7242080000082751
trade-client,trade,0.8452499999975771
trade-client,trade,1.402666999979374
trade-client,trade,1.2133330000096976
trade-client,trade,1.0377499999663087
trade-client,trade,0.7207079999602684
trade-client,trade,0.6639999999720203
trade-client,trade,1.5544999999974607
trade-client,trade,0.9869589999880191
trade-client,trade,1.1451249999936408
trade-client,trade,1.2139169999727528
trade-client,trade,0.9969580000301903
trade-client,trade,1.3415419999773803
trade-client,trade,1.0101249999934225
trade-client,trade,1.0533330000157548
trade-client,trade,0.6248330000175883
trade-client,trade,0.7606670000086524
trade-client,trade,0.9006249999856664
trade-client,trade,1.262958000040726
trade-client,trade,0.7850000000075852
trade-client,trade,1.3718749999611646
trade-client,trade,0.7985830000052374
trade-client,trade,1.1442919999922196
trade-client,trade,1.018583000018225
trade-client,trade,0.8362500000202999
trade-client,trade,1.256374999968557
trade-client,trade,1.6238329999964662
trade-client,trade,1.1218750000239197
trade-client,trade,1.21262499999375
trade-client,trade,1.4445830000227033
trade-client,trade,1.1786250000227483
trade-client,trade,1.4683750000017426
trade-client,trade,0.8922920000031809
trade-client,trade,0.8296250000512373
trade-client,trade,1.3947919999850455
trade-client,trade,0.816041000007317
trade-client,trade,0.836124999977983
trade-client,trade,0.9054590000232565
trade-client,trade,2.07170800001677
trade-client,trade,0.7483750000005784
trade-client,trade,0.9964160000208722
trade-client,trade,0.738249999983509
trade-client,trade,6.2274580000121205
trade-client,trade,1.8373330000258647
trade-client,trade,1.3019159999885233
trade-client,trade,0.7827919999954247
trade-client,trade,0.9977919999641927
trade-client,trade,0.5890840000120079
trade-client,trade,0.9211670000013328
trade-client,trade,0.8855419999918013
trade-client,trade,1.1455000000069049
trade-client,trade,1.4447500000187574
trade-client,trade,1.530249999973421
trade-client,trade,1.0889580000252863
trade-client,trade,2.635167000050842
trade-client,trade,1.0058340000114185
trade-client,trade,1.0945420000325612
trade-client,trade,0.9021669999924598
trade-client,trade,0.733666999963134
trade-client,trade,0.999374999992142
trade-client,trade,0.9307920000196646
trade-client,trade,4.300250000028427
trade-client,trade,1.417500000002292
trade-client,trade,0.7385000000112996
trade-client,trade,0.9507500000154323
trade-client,trade,1.0007079999923008
trade-client,trade,1.3786669999831247
trade-client,trade,1.054207999970913
trade-client,trade,0.7270000000403343
trade-client,trade,1.011916999971163
trade-client,trade,0.7147090000216849
trade-client,trade,1.724709000029634
trade-client,trade,1.1472080000203277
trade-client,trade,0.8112909999908879
trade-client,trade,0.6340420000015001
trade-client,trade,1.2990000000172586
trade-client,trade,1.5218340000160424
trade-client,trade,0.9738329999890993
trade-client,trade,0.5884999999921092
trade-client,trade,2.1164999999996326
trade-client,trade,2.3289999999747124
trade-client,trade,2.836208000019269
trade-client,trade,1.1232080000240785
trade-client,trade,0.9836250000034852
trade-client,trade,0.6520000000023174
trade-client,trade,0.8625419999930273
trade-client,trade,1.390832999959457
trade-client,trade,0.8280000000127075
trade-client,trade,0.826165999967543
trade-client,trade,1.2032920000137892
trade-client,trade,1.6521669999747246
trade-client,trade,1.1062089999995806
trade-client,trade,0.9149999999635838
trade-client,trade,0.9590420000336053
trade-client,trade,1.6079579999654925
trade-client,trade,1.1989579999749367
trade-client,trade,1.0302499999852444
trade-client,trade,1.0968330000196147
trade-client,trade,0.9962080000036622
trade-client,trade,0.8542500000316977
trade-client,trade,0.8467500000506334
trade-client,trade,1.7248330000256828
trade-client,trade,0.9991250000211949
trade-client,trade,2.3590419999663936
trade-client,trade,1.9250830000032693
trade-client,trade,0.7009159999711301
trade-client,trade,1.7020409999872754
trade-client,trade,1.157959000011033
trade-client,trade,0.8545840000238059
trade-client,trade,1.0771670000053746
trade-client,trade,2.3097499999948923
trade-client,trade,0.9585829999991802
trade-client,trade,0.6438749999801985
trade-client,trade,0.9197910000011689
trade-client,trade,1.2698329999807356
trade-client,trade,1.0438750000503205
trade-client,trade,1.2811249999913343
trade-client,trade,0.8728749999704633
trade-client,trade,0.7557080000424321
trade-client,trade,1.842708000026505
trade-client,trade,1.0532910000051743
trade-client,trade,0.9960830000181886
trade-client,trade,0.9526250000249092
trade-client,trade,0.6455410000398842
trade-client,trade,1.118916999985231
trade-client,trade,1.930415999993329
trade-client,trade,0.9669170000279337
trade-client,trade,0.683707999996841
trade-client,trade,1.0160830000245369
trade-client,trade,0.9285830000180795
trade-client,trade,1.6737079999984417
trade-client,trade,2.0088750000013533
trade-client,trade,1.519832999974824
trade-client,trade,0.8103339999934178
trade-client,trade,1.494957999966573
trade-client,trade,1.4944590000141034
trade-client,trade,1.1744160000262127
trade-client,trade,1.9374579999862362
trade-client,trade,0.9849999999573811
trade-client,trade,0.5355839999765521
trade-client,trade,0.953667000032965
trade-client,trade,0.7692500000189284
trade-client,trade,1.1427499999854263
trade-client,trade,1.1472499999740648
trade-client,trade,2.668916999994053
trade-client,trade,1.4063749999877473
trade-client,trade,0.9968749999984539
trade-client,trade,0.9624169999824517
trade-client,trade,0.6851670000287413
trade-client,trade,0.7941659999914918
trade-client,trade,2.620250000006763
trade-client,trade,0.8004169999935584
trade-client,trade,1.0423749999972642
trade-client,trade,1.2478750000468608
trade-client,trade,1.9805420000125196
trade-client,trade,1.3251670000045124
trade-client,trade,1.210166999953799
trade-client,trade,1.0491250000086438
trade-client,trade,0.9355839999898308
trade-client,trade,0.9456249999857391
trade-client,trade,1.5324579999855814
trade-client,trade,1.4285419999851001
trade-client,trade,0.7474590000242642
trade-client,trade,0.9616250000021864
trade-client,trade,0.9354169999937767
trade-client,trade,0.7495830000152637
trade-client,trade,1.2617500000260407
trade-client,trade,1.398957999981576
trade-client,trade,2.8549580000003516
trade-client,trade,2.2757090000027347
trade-client,trade,0.9336250000160362
trade-client,trade,0.9590839999873424
trade-client,trade,0.774166000041987
trade-client,trade,0.8977909999998701
trade-client,trade,0.8497079999756352
trade-client,trade,0.8902499999976499
trade-client,trade,0.9876249999933862
trade-client,trade,1.2918330000388778
trade-client,trade,1.1239169999726073
trade-client,trade,0.9712499999636748
trade-client,trade,0.7496669999795813
trade-client,trade,1.3654159999987314
trade-client,trade,0.9300830000142923
trade-client,trade,0.7262080000032256
trade-client,trade,0.7865829999786911
trade-client,trade,0.7398750000220389
trade-client,trade,1.4664999999922657
trade-client,trade,1.365458000009312
trade-client,trade,1.0737080000353671
trade-client,trade,0.7027500000162945
trade-client,trade,0.7291669999744954
trade-client,trade,0.5706250000230284
trade-client,trade,1.8407090000209791
trade-client,trade,0.8144170000150552
trade-client,trade,0.8430829999497291
trade-client,trade,0.6329170000185513
trade-client,trade,0.8111249999842585
trade-client,trade,0.8813329999952657
trade-client,trade,1.307042000007641
trade-client,trade,0.6044170000336635
trade-client,trade,1.0169590000259632
trade-client,trade,0.8778750000146829
trade-client,trade,1.4566250000029868
trade-client,trade,1.236041000026944
trade-client,trade,0.7081669999706719
trade-client,trade,1.7852080000011483
trade-client,trade,1.819500000010521
trade-client,trade,0.917874999970536
trade-client,trade,1.2285419999784608
trade-client,trade,1.3199999999642387
trade-client,trade,0.7578749999765932
trade-client,trade,0.8541249999893807
trade-client,trade,1.1729170000194244
trade-client,trade,0.7039999999847169
trade-client,trade,1.6012080000109563
trade-client,trade,2.376999999967211
trade-client,trade,1.6559999999685715
trade-client,trade,0.8627500000102373
trade-client,trade,0.9024170000202503
trade-client,trade,1.5649590000066382
trade-client,trade,1.2716250000153195
trade-client,trade,0.9314579999681882
trade-client,trade,0.8471669999607911
trade-client,trade,1.0386659999994663
trade-client,trade,1.409333000026436
trade-client,trade,0.9574999999699685
trade-client,trade,1.1463749999620632
trade-client,trade,1.069125000014992
trade-client,trade,1.2262919999557198
trade-client,trade,1.5598329999875205
trade-client,trade,0.989124999989599
trade-client,trade,1.0100839999722666
trade-client,trade,0.7246659999964322
trade-client,trade,1.2496659999783333
trade-client,trade,1.4298330000315218
trade-client,trade,1.6323749999855863
trade-client,trade,1.5625420000446866
trade-client,trade,2.018125000006421
trade-client,trade,1.5882910000186712
trade-client,trade,6.794042000024092
trade-client,trade,0.7509589999585842
trade-client,trade,1.043250000009266
trade-client,trade,0.9486669999887454
trade-client,trade,0.8869580000236965
trade-client,trade,1.9576669999992191
trade-client,trade,0.619083000003684
trade-client,trade,1.1058750000074724
trade-client,trade,1.1198750000289692
trade-client,trade,1.5887909999605654
trade-client,trade,1.409958000010647
trade-client,trade,1.1932499999716129
trade-client,trade,0.9100419999867881
trade-client,trade,0.8997079999630841
trade-client,trade,1.39695899997605
trade-client,trade,0.8964579999997113
trade-client,trade,1.5304589999800555
trade-client,trade,1.8350419999819678
trade-client,trade,1.5191669999694568
trade-client,trade,2.4369170000113627
trade-client,trade,1.9815409999637268
trade-client,trade,1.0442920000173217
trade-client,trade,0.9787089999804266
trade-client,trade,0.7082079999918278
trade-client,trade,1.593207999974311
trade-client,trade,0.9980419999919832
trade-client,trade,1.0957090000260905
trade-client,trade,1.023040999996283
trade-client,trade,0.8337500000266118
trade-client,trade,2.3994160000029296
trade-client,trade,0.7572499999923821
trade-client,trade,1.7102919999842925
trade-client,trade,0.7365829999912421
trade-client,trade,0.9555830000067544
trade-client,trade,0.6111659999987751
trade-client,trade,1.0616250000339278
trade-client,trade,2.3197919999802252
trade-client,trade,1.1195420000262857
trade-client,trade,1.1408750000327927
trade-client,trade,1.5382079999994858
trade-client,trade,1.1530419999985497
trade-client,trade,1.2258749999887186
trade-client,trade,1.853207999999995
trade-client,trade,1.0659999999802494
trade-client,trade,1.3077080000130081
trade-client,trade,0.9572499999990214
trade-client,trade,0.9188330000142741
trade-client,trade,0.9280419999981859
trade-client,trade,0.7910420000030172
trade-client,trade,1.420292000034351
trade-client,trade,2.941915999997491
trade-client,trade,1.1788749999936954
trade-client,trade,1.0232919999566548
trade-client,trade,0.8792500000254222
trade-client,trade,1.3091670000449085
trade-client,trade,0.8807080000110545
trade-client,trade,0.685832999977265
trade-client,trade,0.9455420000108461
trade-client,trade,0.8350420000056147
trade-client,trade,2.409790999990946
trade-client,trade,2.080874999990101
trade-client,trade,1.1164590000021235
trade-client,trade,4.525916999966739
trade-client,trade,1.6992079999909038
trade-client,trade,2.498750000029304
trade-client,trade,1.7213330000345195
trade-client,trade,1.3792500000135988
trade-client,trade,1.578666999989764
trade-client,trade,1.9813750000139407
trade-client,trade,1.012500000001637
trade-client,trade,1.5446659999724943
trade-client,trade,0.8702499999913016
trade-client,trade,0.9050419999994119
trade-client,trade,1.7532499999788342
trade-client,trade,1.3061669999956393
trade-client,trade,1.2520829999971284
trade-client,trade,1.0378750000086256
trade-client,trade,2.7042499999652136
trade-client,trade,2.189125000029435
trade-client,trade,0.9727089999955751
trade-client,trade,3.1945000000064283
trade-client,trade,1.0397089999969467
trade-client,trade,2.4091669999961596
trade-client,trade,2.8242079999927228
trade-client,trade,2.9654589999950076
trade-client,trade,3.37824999996883
trade-client,trade,3.07679200000166
trade-client,trade,1.7002499999989595
trade-client,trade,1.3994170000160011
trade-client,trade,1.007541999967998
trade-client,trade,1.4384159999849544
trade-client,trade,3.0603750000182117
trade-client,trade,1.5803750000031869
trade-client,trade,1.4877909999881922
trade-client,trade,1.584958000023562
trade-client,trade,1.3705000000072687
trade-client,trade,1.772541999969235
trade-client,trade,3.6227919999873848
trade-client,trade,2.2639580000145543
trade-client,trade,0.4737079999586058
trade-client,trade,0.8341250000398759
trade-client,trade,1.8749579999735033
trade-client,trade,7.327208999981849
trade-client,trade,6.762958000024355
trade-client,trade,1.2917909999714539
trade-client,trade,1.155999999980395
trade-client,trade,1.618457999995826
trade-client,trade,1.1880000000132895
trade-client,trade,0.6796659999963595
trade-client,trade,1.3907919999951446
trade-client,trade,1.4195829999721354
trade-client,trade,1.7662079999922753
trade-client,trade,1.1077080000063688
trade-client,trade,1.075375000027634
trade-client,trade,1.403499999980795
trade-client,trade,2.0837499999970532
trade-client,trade,1.231583999981467
trade-client,trade,1.0922079999886591
trade-client,trade,0.895583000044553
trade-client,trade,0.9743749999984175
trade-client,trade,1.2119579999989583
trade-client,trade,1.1062079999533125
trade-client,trade,0.8499170000391132
trade-client,trade,1.0147089999463788
trade-client,trade,1.4434999999934917
trade-client,trade,0.7921249999753854
trade-client,trade,1.2132500000348045
trade-client,trade,0.951708000002327
trade-client,trade,1.0067919999983133
trade-client,trade,4.878874999974414
trade-client,trade,1.21045899999217
trade-client,trade,1.1922919999847181
trade-client,trade,0.7195829999773196
trade-client,trade,0.9873749999655956
trade-client,trade,1.4347910000083175
trade-client,trade,1.371916999971745
trade-client,trade,1.4964999999733664
trade-client,trade,1.0721250000074178
trade-client,trade,1.0841249999771208
trade-client,trade,0.6057079999663983
trade-client,trade,0.9470830000282149
trade-client,trade,1.60770899998397
trade-client,trade,0.7997920000093472
trade-client,trade,1.2863339999853451
trade-client,trade,0.894958999992923
trade-client,trade,1.1880000000132895
trade-client,trade,1.3372500000059517
trade-client,trade,1.6510829999560883
trade-client,trade,1.1751670000421655
trade-client,trade,2.1307499999920765
trade-client,trade,1.7444999999725042
trade-client,trade,1.518083000007664
trade-client,trade,2.5004579999858834
trade-client,trade,2.1777919999976803
trade-client,trade,1.4477909999754957
trade-client,trade,2.646416000004592
trade-client,trade,3.056791999995312
trade-client,trade,0.7286249999651773
trade-client,trade,1.2392919999797414
trade-client,trade,1.0003749999896172
trade-client,trade,1.2827920000404447
trade-client,trade,1.2085829999932685
trade-client,trade,0.6762919999800943
trade-client,trade,1.6120419999765545
trade-client,trade,0.9354580000149326
trade-client,trade,0.9467079999581074
trade-client,trade,1.5631250000183172
trade-client,trade,1.9898749999924803
trade-client,trade,0.5700410000031297
trade-client,trade,1.995708000038121
trade-client,trade,0.9865410000315933
trade-client,trade,2.9682919999913793
trade-client,trade,3.2547920000070008
trade-client,trade,0.96216600002208
trade-client,trade,1.3250000000084583
trade-client,trade,1.2119169999778023
trade-client,trade,0.7484579999754715
trade-client,trade,1.4662090000001626
trade-client,trade,1.7766250000477157
trade-client,trade,1.7893339999659474
trade-client,trade,2.6533750000226064
trade-client,trade,1.383959000008872
trade-client,trade,0.7252920000269114
trade-client,trade,2.3347499999886168
trade-client,trade,0.9575000000268119
trade-client,trade,1.1125419999871156
trade-client,trade,0.7641669999998157
trade-client,trade,0.7677499999658721
trade-client,trade,1.9142919999808328
trade-client,trade,1.6074999999773354
trade-client,trade,0.9632079999732923
trade-client,trade,0.8008339999605596
trade-client,trade,1.5835419999916667
trade-client,trade,0.7627919999890764
trade-client,trade,1.0967079999772977
trade-client,trade,1.4214160000278753
trade-client,trade,1.6784169999937149
trade-client,trade,1.4432910000437005
trade-client,trade,0.9583749999819702
trade-client,trade,1.5994170000226404
trade-client,trade,0.7641669999998157
trade-client,trade,1.574749999974756
trade-client,trade,0.8458750000386317
trade-client,trade,0.8867500000064865
trade-client,trade,0.7529169999997976
trade-client,trade,1.2363330000084716
trade-client,trade,1.0629579999772432
trade-client,trade,1.1823749999848587
trade-client,trade,1.7169580000313545
trade-client,trade,1.130875000001197
trade-client,trade,0.9341250000147738
trade-client,trade,1.36558399998421
trade-client,trade,1.0122909999950025
trade-client,trade,2.615708000007544
trade-client,trade,2.191165999988698
trade-client,trade,1.484542000014244
trade-client,trade,0.9486249999781649
trade-client,trade,0.8802919999766345
trade-client,trade,2.0432500000424625
trade-client,trade,2.6129169999649093
trade-client,trade,1.1439169999789556
trade-client,trade,2.897749999988264
trade-client,trade,4.2156670000395025
trade-client,trade,1.6965419999905862
trade-client,trade,1.67108300001928
trade-client,trade,1.9290000000182772
trade-client,trade,1.7684169999938604
trade-client,trade,1.7377920000285485
trade-client,trade,0.974916000018311
trade-client,trade,1.1276669999915612
trade-client,trade,0.8804170000189515
trade-client,trade,1.0878340000317621
trade-client,trade,1.599624999983007
trade-client,trade,2.185624999981428
trade-client,trade,1.840624999999818
trade-client,trade,1.7369999999914398
trade-client,trade,1.2556670000094527
trade-client,trade,1.5796669999872393
trade-client,trade,0.9940409999558142
trade-client,trade,1.5931659999637304
trade-client,trade,1.2219999999842912
trade-client,trade,2.2780830000215246
trade-client,trade,1.2095000000158507
trade-client,trade,1.5088330000025962
trade-client,trade,0.9509170000114864
trade-client,trade,0.7432500000277287
trade-client,trade,0.6758750000130931
trade-client,trade,2.126666999970439
trade-client,trade,2.253915999972378
trade-client,trade,1.1139170000546983
trade-client,trade,0.8133750000069995
trade-client,trade,1.2147910000521733
trade-client,trade,1.990457999966111
trade-client,trade,0.9478750000084801
trade-client,trade,1.2705000000323707
trade-client,trade,0.7559999999671163
trade-client,trade,2.0207089999644268
trade-client,trade,1.2602500000298278
trade-client,trade,6.932249999977103
trade-client,trade,2.864792000025318
trade-client,trade,1.219000000048709
trade-client,trade,1.237833999994109
trade-client,trade,1.8230829999765774
trade-client,trade,2.0010839999713426
trade-client,trade,1.246250000008331
trade-client,trade,0.8240000000228065
trade-client,trade,1.5008329999659509
trade-client,trade,1.944917000002988
trade-client,trade,0.9805830000004789
trade-client,trade,1.0047080000390451
trade-client,trade,0.8595830000217575
trade-client,trade,1.0085420000223166
trade-client,trade,0.8559580000451206
trade-client,trade,0.639834000025985
trade-client,trade,0.690333000022747
trade-client,trade,0.7939589999637064
trade-client,trade,2.3847920000434897
trade-client,trade,1.3671670000121594
trade-client,trade,0.8330409999643962
trade-client,trade,0.8104170000251543
trade-client,trade,1.7917920000058984
trade-client,trade,2.418041999987963
trade-client,trade,1.3853329999733432
trade-client,trade,1.0136669999951664
trade-client,trade,3.478749999999309
trade-client,trade,1.1448750000226937
trade-client,trade,0.8254589999978634
trade-client,trade,0.7627920000459198
trade-client,trade,1.1261249999847678
trade-client,trade,1.2476249999622269
trade-client,trade,0.9624580000036076
trade-client,trade,1.9102079999697708
trade-client,trade,1.1858339999548662
trade-client,trade,1.154417000009289
trade-client,trade,0.9944160000259217
trade-client,trade,0.9924579999847083
trade-client,trade,1.3734589999785385
trade-client,trade,0.9633749999693464
trade-client,trade,1.2685830000123133
trade-client,trade,2.397707999989507
trade-client,trade,2.3365420000232007
trade-client,trade,0.9994170000027225
trade-client,trade,0.9744579999733105
trade-client,trade,0.988957999993545
trade-client,trade,0.7076250000181972
trade-client,trade,1.4301250000130494
trade-client,trade,0.9310419999906117
trade-client,trade,1.5079579999905945
trade-client,trade,3.3145410000088305
trade-client,trade,2.328500000032818
trade-client,trade,0.9131250000109503
trade-client,trade,2.4819999999863285
trade-client,trade,0.9089590000144199
trade-client,trade,1.2227080000002388
trade-client,trade,1.0868749999985994
trade-client,trade,0.8205000000316431
trade-client,trade,0.836291999974037
trade-client,trade,0.782125000000633
trade-client,trade,0.9485829999675843
trade-client,trade,0.8227079999869602
trade-client,trade,1.213208000024224
trade-client,trade,1.1719589999756863
trade-client,trade,1.897291000034329
trade-client,trade,1.0446249999631618
trade-client,trade,0.8434169999986807
trade-client,trade,1.4252920000217273
trade-client,trade,0.8336669999948754
trade-client,trade,1.1612499999955617
trade-client,trade,0.989042000014706
trade-client,trade,1.2467089999859127
trade-client,trade,1.9608330000551177
trade-client,trade,1.2432500000159052
trade-client,trade,1.206374999981108
trade-client,trade,0.9727909999810436
trade-client,trade,1.0153750000085893
trade-client,trade,1.0617080000088208
trade-client,trade,1.462041000024783
trade-client,trade,0.8705000000190921
trade-client,trade,1.1535419999972873
trade-client,trade,0.8583750000070722
trade-client,trade,0.6995420000066588
trade-client,trade,1.5129579999779708
trade-client,trade,1.2432499999590618
trade-client,trade,1.3165419999836558
trade-client,trade,0.761666000016703
trade-client,trade,1.2830409999651238
trade-client,trade,0.9715409999557778
trade-client,trade,1.313374999995176
trade-client,trade,0.8794579999857888
trade-client,trade,0.8332080000172937
trade-client,trade,1.2367500000323162
trade-client,trade,1.0176249999744869
trade-client,trade,2.131915999996181
trade-client,trade,1.0928749999834508
trade-client,trade,1.2172500000247055
trade-client,trade,1.741667000032976
trade-client,trade,2.3754579999604175
trade-client,trade,1.166542000021309
trade-client,trade,0.8210000000303808
trade-client,trade,1.5155410000033953
trade-client,trade,1.0854579999772795
trade-client,trade,1.6316250000159016
trade-client,trade,2.331875000038508
trade-client,trade,2.2672499999885076
trade-client,trade,0.8352499999659813
trade-client,trade,0.901708000014878
trade-client,trade,1.2076670000169543
trade-client,trade,1.1465829999792732
trade-client,trade,1.318957999956183
trade-client,trade,1.5304170000263184
trade-client,trade,1.7947910000088996
trade-client,trade,1.1594579999609778
trade-client,trade,2.4356670000429403
trade-client,trade,2.7279579999799353
trade-client,trade,2.0120410000004085
trade-client,trade,1.5130419999991318
trade-client,trade,1.0173329999929592
trade-client,trade,3.6580420000404956
trade-client,trade,0.8426250000184154
trade-client,trade,1.2206670000409758
trade-client,trade,1.8828749999784122
trade-client,trade,1.1125830000082715
trade-client,trade,1.6783749999831343
trade-client,trade,0.7737090000432545
trade-client,trade,0.7737909999718795
trade-client,trade,2.3243329999900197
trade-client,trade,2.0211670000094273
trade-client,trade,2.004791999979716
trade-client,trade,0.9545000000343862
trade-client,trade,1.0088340000038443
trade-client,trade,4.171249999956217
trade-client,trade,2.371584000002258
trade-client,trade,1.6325000000279033
trade-client,trade,1.5070829999785929
trade-client,trade,1.2600000000020373
trade-client,trade,1.0655000000383552
trade-client,trade,1.6597499999875254
trade-client,trade,0.9822079999821653
trade-client,trade,1.6232499999659922
trade-client,trade,0.6539590000329554
trade-client,trade,0.8050000000139335
trade-client,trade,1.4664999999922657
trade-client,trade,1.1413340000103744
trade-client,trade,2.1037919999571386
trade-client,trade,0.863499999979922
trade-client,trade,1.1034999999992579
trade-client,trade,1.141667000013058
trade-client,trade,2.5459999999952743
trade-client,trade,1.4999590000002172
trade-client,trade,2.2719580000511996
trade-client,trade,0.773333999973147
trade-client,trade,1.0159999999928004
trade-client,trade,2.8165840000156095
trade-client,trade,1.5417919999549667
trade-client,trade,4.08904200003235
trade-client,trade,1.1282499999651918
trade-client,trade,1.1428340000065873
trade-client,trade,1.7535420000172053
trade-client,trade,3.6680840000258286
trade-client,trade,2.687374999993608
trade-client,trade,1.4161249999915526
trade-client,trade,2.55095799997207
trade-client,trade,2.404209000019364
trade-client,trade,1.6491659999928743
trade-client,trade,2.2152089999849522
trade-client,trade,2.1210419999988517
trade-client,trade,1.0028749999833053
trade-client,trade,1.779999999996562
trade-client,trade,1.1530419999985497
trade-client,trade,1.3272919999849364
trade-client,trade,1.4321670000185804
trade-client,trade,0.7891669999935402
trade-client,trade,1.3784170000121776
trade-client,trade,1.112792000014906
trade-client,trade,1.0003749999896172
trade-client,trade,0.6704999999556094
trade-client,trade,5.389250000007451
trade-client,trade,2.063749999990705
trade-client,trade,1.7648749999921165
trade-client,trade,3.1869169999936275
trade-client,trade,1.4629589999799464
trade-client,trade,1.2424579999787966
trade-client,trade,1.1095410000052652
trade-client,trade,1.1654169999815167
trade-client,trade,0.9565830000042297
trade-client,trade,2.0933749999585416
trade-client,trade,1.2048749999848951
trade-client,trade,0.9822920000033264
trade-client,trade,0.9842499999876964
trade-client,trade,1.6711249999730171
trade-client,trade,1.0020420000387276
trade-client,trade,1.3577909999753501
trade-client,trade,2.5175000000103864
trade-client,trade,1.1576250000189248
trade-client,trade,2.2290840000209755
trade-client,trade,2.9926670000008926
trade-client,trade,1.0115000000041618
trade-client,trade,1.3369999999781612
trade-client,trade,1.0690839999938362
trade-client,trade,1.3792080000030182
trade-client,trade,0.9204579999959606
trade-client,trade,1.6607499999850006
trade-client,trade,1.4250410000045122
trade-client,trade,2.949042000011559
trade-client,trade,1.0063340000101562
trade-client,trade,3.014833000008821
trade-client,trade,1.2910419999911937
trade-client,trade,1.4762920000066515
trade-client,trade,0.8395000000405162
trade-client,trade,1.599917000021378
trade-client,trade,1.6615419999652659
trade-client,trade,0.8709159999966687
trade-client,trade,1.7382500000167056
trade-client,trade,0.9376249999490938
trade-client,trade,0.837958999966304
trade-client,trade,0.9177080000313254
trade-client,trade,0.7024579999779235
trade-client,trade,1.335999999980686
trade-client,trade,0.6870409999919502
trade-client,trade,1.6071669999746518
trade-client,trade,0.9133330000281603
trade-client,trade,0.6713329999570306
trade-client,trade,1.2600000000020373
trade-client,trade,1.0694159999502517
trade-client,trade,1.900625000018863
trade-client,trade,1.569834000008541
trade-client,trade,1.145667000002959
trade-client,trade,1.9253749999847969
trade-client,trade,10.055042000033154
trade-client,trade,6.03179199998749
trade-client,trade,1.023125000017444
trade-client,trade,1.1188749999746506
trade-client,trade,2.3615829999812377
trade-client,trade,2.204292000044461
trade-client,trade,1.8863330000158385
trade-client,trade,1.7038330000218593
trade-client,trade,0.8059170000365157
trade-client,trade,0.8370000000468281
trade-client,trade,0.9907920000387094
trade-client,trade,1.4253329999860398
trade-client,trade,1.1016660000109368
trade-client,trade,1.4712499999518514
trade-client,trade,1.1740420000023732
trade-client,trade,1.664666000010584
trade-client,trade,0.8694169999898804
trade-client,trade,1.1945410000180345
trade-client,trade,0.9274579999782873
trade-client,trade,2.2157920000154263
trade-client,trade,2.708542000050329
trade-client,trade,1.9125000000030923
trade-client,trade,3.6117500000045766
trade-client,trade,4.2678749999822685
trade-client,trade,1.3074579999852176
trade-client,trade,2.350457999966693
trade-client,trade,0.8383340000364115
trade-client,trade,1.5325830000278984
trade-client,trade,0.9387500000457294
trade-client,trade,1.467875000003005
trade-client,trade,3.853750000018863
trade-client,trade,1.319792000003872
trade-client,trade,1.0003339999684613
trade-client,trade,1.415915999984918
trade-client,trade,0.7884999999987485
trade-client,trade,1.0427500000105283
trade-client,trade,1.0720840000431053
trade-client,trade,0.7524579999653724
trade-client,trade,0.5453329999909329
trade-client,trade,0.6068750000167711
trade-client,trade,0.8788750000121581
trade-client,trade,3.4072919999630358
trade-client,trade,2.187957999979062
trade-client,trade,1.323707999972612
trade-client,trade,1.4335000000187392
trade-client,trade,0.8604999999874963
trade-client,trade,0.821916000006695
trade-client,trade,0.8371249999754582
trade-client,trade,0.8527090000143289
trade-client,trade,1.2981660000264128
trade-client,trade,1.0252090000335556
trade-client,trade,1.1541250000277614
trade-client,trade,1.76891599994633
trade-client,trade,1.2142090000111239
trade-client,trade,1.1917500000322434
trade-client,trade,0.642083000002458
trade-client,trade,1.0587499999701322
trade-client,trade,1.4593330000138849
trade-client,trade,1.3627499999984138
trade-client,trade,0.7630410000274424
trade-client,trade,0.7742079999957241
trade-client,trade,1.3313330000528367
trade-client,trade,1.1012499999765168
trade-client,trade,0.7451249999803622
trade-client,trade,0.7610830000430724
trade-client,trade,2.7883749999659813
trade-client,trade,1.4502090000405587
trade-client,trade,0.7799580000096284
trade-client,trade,0.7734170000048834
trade-client,trade,0.9322499999484535
trade-client,trade,1.0070000000155233
trade-client,trade,1.330332999998518
trade-client,trade,1.5667909999592666
trade-client,trade,2.1045000000299297
trade-client,trade,2.1522499999946376
trade-client,trade,1.193624999984877
trade-client,trade,1.2854580000407623
trade-client,trade,0.581540999974095
trade-client,trade,0.6693749999726606
trade-client,trade,0.8166250000272157
trade-client,trade,1.5091660000052798
trade-client,trade,0.9945420000008198
trade-client,trade,1.1907080000241876
trade-client,trade,1.0919999999714491
trade-client,trade,0.99508299996387
trade-client,trade,1.8333340000253884
trade-client,trade,0.9275840000100288
trade-client,trade,0.8280000000127075
trade-client,trade,1.2243330000387687
trade-client,trade,1.0779169999750593
trade-client,trade,1.056457999993654
trade-client,trade,1.8075420000513986
trade-client,trade,0.6729159999849799
trade-client,trade,0.9288329999890266
trade-client,trade,2.0665000000121836
trade-client,trade,2.3847920000434897
trade-client,trade,1.1007090000134667
trade-client,trade,0.9541659999854346
trade-client,trade,1.2635829999680936
trade-client,trade,0.8307080000236056
trade-client,trade,1.975999999956457
trade-client,trade,2.82929200000126
trade-client,trade,2.0828749999850515
trade-client,trade,1.0704590000045755
trade-client,trade,0.8080000000063592
trade-client,trade,0.7109169999921505
trade-client,trade,0.8443329999749949
trade-client,trade,1.1932080000178757
trade-client,trade,0.8696250000070904
trade-client,trade,1.1702500000296823
trade-client,trade,1.4505830000075548
trade-client,trade,3.7704169999983606
trade-client,trade,1.6368330000204878
trade-client,trade,0.767291999977715
trade-client,trade,2.224791000003279
trade-client,trade,2.4693750000324144
trade-client,trade,1.4646250000396321
trade-client,trade,1.3594999999781976
trade-client,trade,3.5856250000279033
trade-client,trade,1.6406249999931788
trade-client,trade,2.6825829999665984
trade-client,trade,2.433457999984512
trade-client,trade,1.4286250000168366
trade-client,trade,1.2042920000112645
trade-client,trade,2.262916999995923
trade-client,trade,1.871708999999555
trade-client,trade,7.554041999981109
trade-client,trade,1.338041999986217
trade-client,trade,1.683458000002247
trade-client,trade,2.291082999988703
trade-client,trade,10.237415999995392
trade-client,trade,4.403291999949488
trade-client,trade,0.919541999962803
trade-client,trade,1.3242500000387736
trade-client,trade,2.486957999963124
trade-client,trade,1.4569169999845144
trade-client,trade,0.5107079999788766
trade-client,trade,1.215124999987438
trade-client,trade,1.432500000021264
trade-client,trade,0.6707910000045558
trade-client,trade,0.7619579999982307
trade-client,trade,0.6230420000292725
trade-client,trade,0.6830829999557864
trade-client,trade,1.7797080000150345
trade-client,trade,1.2702089999834243
trade-client,trade,0.8194170000024315
trade-client,trade,0.7721669999796177
trade-client,trade,1.2722920000101112
trade-client,trade,1.7421249999642896
trade-client,trade,2.6860419999934493
trade-client,trade,0.9383749999756219
trade-client,trade,1.1404580000089481
trade-client,trade,0.71929200004206
trade-client,trade,1.102208000020255
trade-client,trade,0.6634169999983897
trade-client,trade,1.3522500000249238
trade-client,trade,1.0547499999802312
trade-client,trade,1.070625000011205
trade-client,trade,2.7362920000086888
trade-client,trade,1.5257499999847823
trade-client,trade,1.2513339999600248
trade-client,trade,0.8770830000344176
trade-client,trade,2.41158300002553
trade-client,trade,2.7618329999654634
trade-client,trade,1.0562500000332875
trade-client,trade,38.89949999995679
trade-client,trade,19.706584000005023
trade-client,trade,7.722000000001117
trade-client,trade,2.2420839999881537
trade-client,trade,4.969250000044667
trade-client,trade,1.8913330000032147
trade-client,trade,2.342750000025262
trade-client,trade,4.8614169999723345
trade-client,trade,1.3736669999957485
trade-client,trade,2.0889580000016394
trade-client,trade,3.88416599997754
trade-client,trade,1.2912500000084037
trade-client,trade,0.778333000027942
trade-client,trade,5.711416999986341
trade-client,trade,2.4234999999634965
trade-client,trade,1.7293749999680585
trade-client,trade,1.693582999962473
trade-client,trade,2.3030840000046737
trade-client,trade,2.05083299999842
trade-client,trade,2.6329579999924135
trade-client,trade,2.0523339999840573
trade-client,trade,1.1618749999797728
trade-client,trade,7.374083000001974
trade-client,trade,3.61208300000726
trade-client,trade,3.405250000014348
trade-client,trade,2.2194160000026386
trade-client,trade,1.2164579999875968
trade-client,trade,1.716874999999618
trade-client,trade,0.9917090000044482
trade-client,trade,1.1698750000164182
trade-client,trade,1.2835420000101294
trade-client,trade,1.0367909999899894
trade-client,trade,1.033041000027879
trade-client,trade,1.6077910000262818
trade-client,trade,1.0735839999824748
trade-client,trade,1.5156659999888689
trade-client,trade,0.9616250000021864
trade-client,trade,1.133541999990939
trade-client,trade,1.1863750000316031
trade-client,trade,1.4805410000349184
trade-client,trade,1.1970830000223032
trade-client,trade,0.7972090000407661
trade-client,trade,0.5564580000054775
trade-client,trade,1.0073750000287873
trade-client,trade,2.2806659999901058
trade-client,trade,2.6755839999736963
trade-client,trade,1.6062079999983325
trade-client,trade,0.9229159999790681
trade-client,trade,1.1763330000462702
trade-client,trade,1.4730000000326982
trade-client,trade,2.3370420000219383
trade-client,trade,1.126875000011296
trade-client,trade,0.869834000013725
trade-client,trade,0.9060830000180431
trade-client,trade,1.1787500000082218
trade-client,trade,1.0944160000008196
trade-client,trade,1.6389580000009119
trade-client,trade,0.9351250000122491
trade-client,trade,2.203750000035143
trade-client,trade,1.0678329999791458
trade-client,trade,1.8949579999798516
trade-client,trade,1.2599159999808762
trade-client,trade,1.3649159999999938
trade-client,trade,1.0775419999617952
trade-client,trade,0.8742090000168901
trade-client,trade,1.1250420000123995
trade-client,trade,1.9317080000291753
trade-client,trade,1.3007910000055745
trade-client,trade,1.5792080000096576
trade-client,trade,0.8955419999665537
trade-client,trade,1.371875000018008
trade-client,trade,0.8747080000262031
trade-client,trade,2.971458999979859
trade-client,trade,1.0353339999937816
trade-client,trade,0.7825000000138971
trade-client,trade,1.9439999999804058
trade-client,trade,0.8730840000339413
trade-client,trade,1.145916999973906
trade-client,trade,1.2470419999885962
trade-client,trade,1.2685829999554699
trade-client,trade,1.2678339999752097
trade-client,trade,0.842333999969469
trade-client,trade,0.7309169999984988
trade-client,trade,1.0127499999725842
trade-client,trade,0.7748749999905158
trade-client,trade,1.0109580000516871
trade-client,trade,1.482834000000821
trade-client,trade,0.8412500000076761
trade-client,trade,0.7540420000395898
trade-client,trade,0.866040999994766
trade-client,trade,2.6250409999875046
trade-client,trade,1.0334169999737242
trade-client,trade,1.2763330000211681
trade-client,trade,0.6488750000244181
trade-client,trade,0.7741669999745682
trade-client,trade,1.5153749999967658
trade-client,trade,4.09612499998957
trade-client,trade,1.5794170000162921
trade-client,trade,1.4127919999964433
trade-client,trade,0.9187499999825377
trade-client,trade,0.7980419999853439
trade-client,trade,1.3709579999954258
trade-client,trade,2.136749999976928
trade-client,trade,0.9617910000088159
trade-client,trade,0.979000000029373
trade-client,trade,0.8587499999634929
trade-client,trade,1.133750000008149
trade-client,trade,1.8692080000164424
trade-client,trade,1.0987919999934093
trade-client,trade,0.8766669999999976
trade-client,trade,2.053875000001426
trade-client,trade,1.2624579999851449
trade-client,trade,0.7138749999739957
trade-client,trade,1.3849999999706597
trade-client,trade,1.5875000000278305
trade-client,trade,0.6485420000217346
trade-client,trade,1.6867919999867809
trade-client,trade,0.7910410000135926
trade-client,trade,1.1801249999621177
trade-client,trade,0.6376250000243999
trade-client,trade,0.9621670000115046
trade-client,trade,1.6738329999839152
trade-client,trade,1.2395410000181073
trade-client,trade,1.3326249999749962
trade-client,trade,1.4984169999934238
trade-client,trade,1.378375000001597
trade-client,trade,3.63429199995835
trade-client,trade,0.8225830000014867
trade-client,trade,1.2242500000070322
trade-client,trade,1.7279589999930067
trade-client,trade,1.6634579999958987
trade-client,trade,1.6809159999979784
trade-client,trade,3.4469170000193117
trade-client,trade,1.3209159999973963
trade-client,trade,0.8659590000092976
trade-client,trade,2.5387079999745765
trade-client,trade,1.1675409999725161
trade-client,trade,1.020334000031653
trade-client,trade,0.9742080000023634
trade-client,trade,1.3747920000355407
trade-client,trade,1.2120419999632759
trade-client,trade,1.2530829999946036
trade-client,trade,0.861750000012762
trade-client,trade,0.9028329999978268
trade-client,trade,1.5360840000084863
trade-client,trade,0.8187080000539027
trade-client,trade,0.778042000035839
trade-client,trade,1.2402090000023236
trade-client,trade,2.206957999987935
trade-client,trade,1.5118750000056025
trade-client,trade,0.9262500000204454
trade-client,trade,0.7004580000398164
trade-client,trade,1.5238749999753054
trade-client,trade,1.0222089999842865
trade-client,trade,1.0607080000113456
trade-client,trade,2.15833400000065
trade-client,trade,1.143707999972321
trade-client,trade,0.9171670000114318
trade-client,trade,1.6515000000367763
trade-client,trade,1.8837920000009944
trade-client,trade,1.3748750000104337
trade-client,trade,1.403916000015215
trade-client,trade,0.6992079999577072
trade-client,trade,1.0168750000048021
trade-client,trade,1.2024999999766806
trade-client,trade,1.8289579999759553
trade-client,trade,1.1437499999829015
trade-client,trade,1.2312500000462023
trade-client,trade,0.932707999993454
trade-client,trade,1.0298340000076678
trade-client,trade,1.0576250000440268
trade-client,trade,0.6003749999763386
trade-client,trade,2.1931249999624924
trade-client,trade,1.043541000001369
trade-client,trade,1.1612079999849811
trade-client,trade,0.7143329999621528
trade-client,trade,0.8341249999830325
trade-client,trade,1.3397499999996398
trade-client,trade,1.0312499999827196
trade-client,trade,1.1340419999896767
trade-client,trade,0.9256250000362343
trade-client,trade,2.718083999980081
trade-client,trade,1.8034999999940737
trade-client,trade,0.736125000003085
trade-client,trade,0.7599999999570173
trade-client,trade,1.1991670000384147
trade-client,trade,0.7538340000223798
trade-client,trade,1.0048340000139433
trade-client,trade,1.0864999999853353
trade-client,trade,1.0251250000123946
trade-client,trade,0.8723330000179885
trade-client,trade,0.8517499999811662
trade-client,trade,0.7403329999533526
trade-client,trade,0.6779999999935171
trade-client,trade,1.1657080000304632
trade-client,trade,0.5810000000110449
trade-client,trade,0.7279160000166485
trade-client,trade,0.7770409999920957
trade-client,trade,1.522833000024093
trade-client,trade,1.4470409999489675
trade-client,trade,1.0131669999964288
trade-client,trade,0.822291000019959
trade-client,trade,0.7766659999788317
trade-client,trade,4.22841699997889
trade-client,trade,1.1972080000077767
trade-client,trade,1.0575000000017099
trade-client,trade,0.5897919999711121
trade-client,trade,1.077250000037111
trade-client,trade,2.0266660000061165
trade-client,trade,2.310625000006894
trade-client,trade,0.9394580000048336
trade-client,trade,1.1593330000323476
trade-client,trade,2.082292000011421
trade-client,trade,2.1569999999542233
trade-client,trade,0.8983749999629254
trade-client,trade,1.0421669999800542
trade-client,trade,0.648500000011154
trade-client,trade,1.0747080000328424
trade-client,trade,0.9857089999627533
trade-client,trade,1.1527079999495982
trade-client,trade,3.5977919999936603
trade-client,trade,0.9178750000273794
trade-client,trade,1.5504579999969792
trade-client,trade,2.4341660000004595
trade-client,trade,0.7570420000320155
trade-client,trade,1.4292500000010477
trade-client,trade,0.9291250000273976
trade-client,trade,1.2562500000399268
trade-client,trade,0.79275000001644
trade-client,trade,0.8565420000081758
trade-client,trade,0.9066659999916737
trade-client,trade,1.0987499999828287
trade-client,trade,2.0057909999877666
trade-client,trade,0.8919169999899168
trade-client,trade,1.7165830000180904
trade-client,trade,0.8993330000066635
trade-client,trade,1.2124170000333834
trade-client,trade,0.8907910000175434
trade-client,trade,1.9640409999510666
trade-client,trade,1.2696249999635256
trade-client,trade,2.2235829999885937
trade-client,trade,1.2992919999987862
trade-client,trade,1.3470419999634942
trade-client,trade,1.1660000000119908
trade-client,trade,1.3024160000441043
trade-client,trade,1.2911249999660868
trade-client,trade,1.1758329999906891
trade-client,trade,1.9845420000024205
trade-client,trade,1.177332999986902
trade-client,trade,0.9772500000053697
trade-client,trade,0.5001249999736501
trade-client,trade,0.40658300002860415
trade-client,trade,2.02779199997849
trade-client,trade,0.684083000010105
trade-client,trade,0.631249999969441
trade-client,trade,0.9262500000204454
trade-client,trade,1.4869159999761905
trade-client,trade,2.2738749999575703
trade-client,trade,0.7350000000201362
trade-client,trade,1.3601249999624088
trade-client,trade,1.0965409999812437
trade-client,trade,0.8494999999584252
trade-client,trade,1.9245830000045316
trade-client,trade,0.9206670000025952
trade-client,trade,1.2869999999907122
trade-client,trade,1.7799579999859816
trade-client,trade,1.3950410000234115
trade-client,trade,2.134167000008347
trade-client,trade,1.227416999995512
trade-client,trade,0.9225000000014916
trade-client,trade,1.3601249999624088
trade-client,trade,0.8912079999845446
trade-client,trade,0.9905829999752314
trade-client,trade,1.4205420000052982
trade-client,trade,0.9644159999879776
trade-client,trade,0.9668339999961972
trade-client,trade,0.7965830000102869
trade-client,trade,1.300332999960574
trade-client,trade,0.8655000000317159
trade-client,trade,0.821707999989485
trade-client,trade,1.2390830000299502
trade-client,trade,1.1137920000123813
trade-client,trade,1.198292000026413
trade-client,trade,0.7797500000492619
trade-client,trade,1.1378749999835236
trade-client,trade,0.9735419999969963
trade-client,trade,1.3601249999624088
trade-client,trade,1.27362500001027
trade-client,trade,0.8466670000188969
trade-client,trade,1.5345410000122683
trade-client,trade,2.87474999998949
trade-client,trade,1.3867079999840826
trade-client,trade,0.8269589999940763
trade-client,trade,0.9935839999570817
trade-client,trade,3.2259580000300048
trade-client,trade,1.1296669999865117
trade-client,trade,1.0500419999743826
trade-client,trade,0.7208330000025853
trade-client,trade,0.834375000010823
trade-client,trade,1.0477499999979045
trade-client,trade,1.1612079999849811
trade-client,trade,1.024625000013657
trade-client,trade,1.0819999999966967
trade-client,trade,1.0844169999586484
trade-client,trade,2.4539160000358606
trade-client,trade,0.9392079999770431
trade-client,trade,1.090000000033342
trade-client,trade,1.2390830000299502
trade-client,trade,2.7831670000182385
trade-client,trade,0.760791999994126
trade-client,trade,2.114708000021892
trade-client,trade,2.156250000041382
trade-client,trade,0.9068329999877278
trade-client,trade,0.8322909999947115
trade-client,trade,1.0847909999824878
trade-client,trade,1.204499999971631
trade-client,trade,0.914000000022952
trade-client,trade,0.9481250000362706
trade-client,trade,0.8788330000015776
trade-client,trade,1.053665999961595
trade-client,trade,0.5864590000328462
trade-client,trade,1.2893329999883463
trade-client,trade,0.9860000000116997
trade-client,trade,1.2161249999849133
trade-client,trade,1.143833000014638
trade-client,trade,1.0489169999914338
trade-client,trade,1.7216659999803596
trade-client,trade,2.7742919999695914
trade-client,trade,0.6305420000103368
trade-client,trade,0.8747079999693597
trade-client,trade,1.0384999999928368
trade-client,trade,0.8184170000049562
trade-client,trade,1.2287079999850903
trade-client,trade,1.1517080000089663
trade-client,trade,1.121583000042392
trade-client,trade,0.6952080000246497
trade-client,trade,0.9341250000147738
trade-client,trade,0.7713340000350399
trade-client,trade,1.6665830000306414
trade-client,trade,0.9724169999572041
trade-client,trade,1.8575830000031601
trade-client,trade,0.9686669999950936
trade-client,trade,1.4785839999831296
trade-client,trade,0.8694580000110363
trade-client,trade,0.7182499999771608
trade-client,trade,1.0759159999906842
trade-client,trade,1.0908749999885003
trade-client,trade,0.6926249999992251
trade-client,trade,1.4132499999846004
trade-client,trade,1.0642910000342454
trade-client,trade,0.7460840000135249
trade-client,trade,0.5383330000086062
trade-client,trade,0.8992500000317705
trade-client,trade,1.4087079999853813
trade-client,trade,0.7880410000211668
trade-client,trade,1.0366249999833599
trade-client,trade,1.1172499999929641
trade-client,trade,2.415416000019377
trade-client,trade,1.0627089999957207
trade-client,trade,0.9229579999896487
trade-client,trade,1.1217910000027587
trade-client,trade,0.5236659999923177
trade-client,trade,2.798583000014787
trade-client,trade,0.9861670000077538
trade-client,trade,1.4921669999807818
trade-client,trade,1.0439999999789507
trade-client,trade,1.3766669999881742
trade-client,trade,1.0055419999730475
trade-client,trade,1.062708000006296
trade-client,trade,0.6788750000055188
trade-client,trade,1.2891249999711363
trade-client,trade,1.04733299997406
trade-client,trade,0.9817499999940082
trade-client,trade,0.6960420000154954
trade-client,trade,1.0622499999612955
trade-client,trade,0.8788330000015776
trade-client,trade,0.8068330000128299
trade-client,trade,0.8682499999963511
trade-client,trade,1.2360419999595251
trade-client,trade,1.6822500000444052
trade-client,trade,1.0275419999743463
trade-client,trade,1.4152919999901314
trade-client,trade,1.0029169999938858
trade-client,trade,1.2472079999952257
trade-client,trade,0.7262909999781186
trade-client,trade,0.958040999989862
trade-client,trade,1.0428749999960019
trade-client,trade,1.155917000005502
trade-client,trade,1.555499999994936
trade-client,trade,0.8865409999998519
trade-client,trade,1.1724160000312622
trade-client,trade,0.9068340000339958
trade-client,trade,0.7856660000129523
trade-client,trade,1.1226249999936044
trade-client,trade,1.6978330000370079
trade-client,trade,1.022207999994862
trade-client,trade,0.7900419999486985
trade-client,trade,2.1827500000313194
trade-client,trade,1.0289590000525095
trade-client,trade,0.781959000050847
trade-client,trade,0.5283339999664349
trade-client,trade,2.311208000037368
trade-client,trade,1.5649169999960577
trade-client,trade,1.599457999986953
trade-client,trade,0.8275419999677069
trade-client,trade,0.8974589999866112
trade-client,trade,0.7160000000112632
trade-client,trade,1.1982500000158325
trade-client,trade,1.2678329999857851
trade-client,trade,1.380250000011074
trade-client,trade,0.8123750000095242
trade-client,trade,0.5877919999761616
trade-client,trade,1.396999999997206
trade-client,trade,0.9572499999990214
trade-client,trade,1.0366660000045158
trade-client,trade,0.8829579999769521
trade-client,trade,1.3981669999907353
trade-client,trade,0.9471669999925325
trade-client,trade,1.1621250000075634
trade-client,trade,0.6880419999788501
trade-client,trade,1.2811249999913343
trade-client,trade,0.9478339999873242
trade-client,trade,1.357708000000457
trade-client,trade,1.3242919999925107
trade-client,trade,1.3458330000162277
trade-client,trade,1.047499999970114
trade-client,trade,1.0432079999986854
trade-client,trade,1.005416999987574
trade-client,trade,1.3350839999475284
trade-client,trade,0.9720410000113588
trade-client,trade,1.24008400001685
trade-client,trade,0.8139999999912106
trade-client,trade,1.741958000025079
trade-client,trade,1.436749999982112
trade-client,trade,1.893166000002111
trade-client,trade,0.8264999999596512
trade-client,trade,0.992833999987397
trade-client,trade,1.9862500000158434
trade-client,trade,1.2890830000173992
trade-client,trade,2.8062499999919055
trade-client,trade,1.9482089999769414
trade-client,trade,1.1879159999921285
trade-client,trade,0.5881660000000011
trade-client,trade,1.0091669999496844
trade-client,trade,1.3310420000038903
trade-client,trade,1.798666000013327
trade-client,trade,8.844375000023774
trade-client,trade,46.97562500001595
trade-client,trade,10.52679200000739
trade-client,trade,2.857833000007304
trade-client,trade,1.504000000011274
trade-client,trade,1.0466249999581123
trade-client,trade,1.1539999999854444
trade-client,trade,0.970250000023043
trade-client,trade,1.8559580000214737
trade-client,trade,1.2828750000153377
trade-client,trade,3.531791999989764
trade-client,trade,1.4032919999635851
trade-client,trade,4.023749999987558
trade-client,trade,1.0501659999704316
trade-client,trade,1.2158330000033857
trade-client,trade,5.249624999976277
trade-client,trade,1.370208000025741
trade-client,trade,0.8532919999879596
trade-client,trade,0.7141670000123668
trade-client,trade,1.1426249999999527
trade-client,trade,0.8506670000087979
trade-client,trade,1.538958999958595
trade-client,trade,1.51379200002566
trade-client,trade,1.1867499999880238
trade-client,trade,0.8246250000070177
trade-client,trade,1.4600000000086766
trade-client,trade,0.8573339999884411
trade-client,trade,1.006583000048522
trade-client,trade,1.028709000024719
trade-client,trade,1.4310829999999441
trade-client,trade,2.695125000002463
trade-client,trade,2.3579589999940254
trade-client,trade,1.1359579999634661
trade-client,trade,0.9206249999920146
trade-client,trade,1.06450000004088
trade-client,trade,1.034584000024097
trade-client,trade,0.719166999999743
trade-client,trade,1.4162500000338696
trade-client,trade,1.3371670000310587
trade-client,trade,1.862666999954854
trade-client,trade,1.0995420000199374
trade-client,trade,1.0999589999869386
trade-client,trade,1.4002909999817348
trade-client,trade,1.0905419999858168
trade-client,trade,1.23329199999489
trade-client,trade,1.8112910000240845
trade-client,trade,1.045292000014797
trade-client,trade,0.5548749999775282
trade-client,trade,1.0758329999589478
trade-client,trade,0.899041999957717
trade-client,trade,1.5595410000059928
trade-client,trade,1.0318750000237742
trade-client,trade,0.7067500000061955
trade-client,trade,0.832500000001346
trade-client,trade,1.248750000002019
trade-client,trade,1.5524589999813543
trade-client,trade,1.6652499999736392
trade-client,trade,1.7710420000298654
trade-client,trade,1.6331250000121145
trade-client,trade,1.1368749999860484
trade-client,trade,1.1574170000017148
trade-client,trade,1.3136669999767037
trade-client,trade,0.9358339999607779
trade-client,trade,1.3933749999637257
trade-client,trade,1.3289580000446222
trade-client,trade,0.9563329999764392
trade-client,trade,0.7143749999727333
trade-client,trade,0.857375000009597
trade-client,trade,1.0065000000167856
trade-client,trade,1.2597080000205096
trade-client,trade,0.9314160000144511
trade-client,trade,1.0645420000514605
trade-client,trade,0.7878330000039568
trade-client,trade,0.7337089999737145
trade-client,trade,0.868291000017507
trade-client,trade,0.7129159999976764
trade-client,trade,1.5522499999747197
trade-client,trade,1.1976669999853584
trade-client,trade,0.9480829999688467
trade-client,trade,1.2617919999797778
trade-client,trade,0.9794580000175301
trade-client,trade,1.434458000005634
trade-client,trade,1.2570840000307726
trade-client,trade,0.669082999991133
trade-client,trade,1.0279999999625034
trade-client,trade,0.587625000036951
trade-client,trade,0.6064589999823511
trade-client,trade,1.2198750000038672
trade-client,trade,1.0166670000444356
trade-client,trade,0.8085840000262579
trade-client,trade,0.9567920000108643
trade-client,trade,0.8512080000286915
trade-client,trade,1.0727920000022095
trade-client,trade,2.134540999975343
trade-client,trade,1.139666999961264
trade-client,trade,0.6783750000067812
trade-client,trade,0.7025419999990845
trade-client,trade,0.8491250000020045
trade-client,trade,0.9428330000105234
trade-client,trade,1.4471659999912845
trade-client,trade,0.8802500000228974
trade-client,trade,1.1652919999960432
trade-client,trade,0.8163749999994252
trade-client,trade,1.0025839999912023
trade-client,trade,1.0592499999688698
trade-client,trade,0.8376659999953517
trade-client,trade,1.0664579999684065
trade-client,trade,0.5777920000014092
trade-client,trade,0.9267089999980271
trade-client,trade,1.6991669999697478
trade-client,trade,0.9907080000175483
trade-client,trade,0.7454590000293138
trade-client,trade,0.7820829999900525
trade-client,trade,0.6409160000089287
trade-client,trade,1.3650829999960479
trade-client,trade,0.8782499999711035
trade-client,trade,1.3368749999926877
trade-client,trade,0.9187499999825377
trade-client,trade,1.0538330000144924
trade-client,trade,1.7397089999917625
trade-client,trade,0.9022090000030403
trade-client,trade,1.0825829999703274
trade-client,trade,0.8696670000176709
trade-client,trade,0.8875420000435952
trade-client,trade,0.6615839999994932
trade-client,trade,1.0213749999934407
trade-client,trade,1.3582910000309312
trade-client,trade,0.9135000000242144
trade-client,trade,1.1472919999846454
trade-client,trade,0.8774590000371063
trade-client,trade,0.6871659999774238
trade-client,trade,0.8841659999916374
trade-client,trade,0.8157499999583706
trade-client,trade,1.2387919999810038
trade-client,trade,0.9875000000079126
trade-client,trade,0.8378750000019863
trade-client,trade,1.555499999994936
trade-client,trade,1.1150830000019596
trade-client,trade,1.2728340000194294
trade-client,trade,1.1190000000169675
trade-client,trade,0.8992500000317705
trade-client,trade,0.6866250000143737
trade-client,trade,0.894583999979659
trade-client,trade,0.7920420000004924
trade-client,trade,1.2825420000126542
trade-client,trade,0.809500000002572
trade-client,trade,1.1714170000232116
trade-client,trade,1.0699169999952574
trade-client,trade,0.9027080000123533
trade-client,trade,1.2902910000320844
trade-client,trade,0.5785829999922498
trade-client,trade,1.162208999971881
trade-client,trade,2.351833999966857
trade-client,trade,1.4318329999696289
trade-client,trade,0.7371250000005602
trade-client,trade,0.5601660000138509
trade-client,trade,1.1000000000080945
trade-client,trade,0.7764169999973092
trade-client,trade,0.8659589999524542
trade-client,trade,1.1011250000478867
trade-client,trade,1.2491250000152831
trade-client,trade,0.9178330000167989
trade-client,trade,0.809333000006518
trade-client,trade,0.7989579999616581
trade-client,trade,1.2762499999894317
trade-client,trade,0.8899999999698593
trade-client,trade,2.1177910000460543
trade-client,trade,0.8898749999843858
trade-client,trade,0.8966670000063459
trade-client,trade,1.33637499999395
trade-client,trade,1.2204160000237607
trade-client,trade,1.2094580000052702
trade-client,trade,0.8770410000238371
trade-client,trade,1.7221670000253653
trade-client,trade,0.9147499999926367
trade-client,trade,0.8913749999805987
trade-client,trade,1.3896670000121958
trade-client,trade,1.4532920000078775
trade-client,trade,0.937208000038936
trade-client,trade,0.8126249999804713
trade-client,trade,1.0932909999610274
trade-client,trade,1.0088750000250002
trade-client,trade,0.7509170000048471
trade-client,trade,1.009791999990739
trade-client,trade,0.8932090000257631
trade-client,trade,1.419540999961555
trade-client,trade,1.0683330000347269
trade-client,trade,0.7562499999949068
trade-client,trade,0.8755830000382048
trade-client,trade,0.7082919999561454
trade-client,trade,1.802249999968808
trade-client,trade,1.280458000053386
trade-client,trade,0.9155829999940579
trade-client,trade,0.8227499999975407
trade-client,trade,1.6305830000078458
trade-client,trade,1.0609579999822927
trade-client,trade,1.122667000004185
trade-client,trade,1.072832999966522
trade-client,trade,0.8784160000345764
trade-client,trade,1.5129169999568148
trade-client,trade,1.4816670000072918
trade-client,trade,0.7022500000175569
trade-client,trade,1.6754999999761822
trade-client,trade,0.7512079999969501
trade-client,trade,3.20587499999192
trade-client,trade,1.3703750000217951
trade-client,trade,1.7853749999972024
trade-client,trade,1.6447499999685533
trade-client,trade,2.4874160000081247
trade-client,trade,4.274624999993648
trade-client,trade,5.423707999966609
trade-client,trade,4.170250000015585
trade-client,trade,2.8887500000109867
trade-client,trade,2.503166999986206
trade-client,trade,5.708833999960916
trade-client,trade,2.1519160000025295
trade-client,trade,1.4077920000090671
trade-client,trade,1.0576660000083393
trade-client,trade,1.8264999999928477
trade-client,trade,1.1160000000245418
trade-client,trade,1.1509999999930187
trade-client,trade,5.259208999973453
trade-client,trade,2.2768339999856835
trade-client,trade,1.8289999999865358
trade-client,trade,4.4541249999952015
trade-client,trade,1.7466659999740841
trade-client,trade,2.223082999989856
trade-client,trade,2.903209000010065
trade-client,trade,1.403417000005902
trade-client,trade,1.4441669999882834
trade-client,trade,2.087333999952534
trade-client,trade,0.9689999999977772
trade-client,trade,1.2347499999805223
trade-client,trade,1.992416999996749
trade-client,trade,1.236375000019052
trade-client,trade,1.0384169999611004
trade-client,trade,1.1847079999824928
trade-client,trade,1.0885829999551788
trade-client,trade,0.7759169999985716
trade-client,trade,1.2013749999937318
trade-client,trade,0.7548749999841675
trade-client,trade,1.0061250000035216
trade-client,trade,0.7826249999993706
trade-client,trade,0.7765000000290456
trade-client,trade,0.8172909999757394
trade-client,trade,2.279584000007162
trade-client,trade,1.0180419999983314
trade-client,trade,0.9702920000336235
trade-client,trade,1.007749999985208
trade-client,trade,1.0942499999941901
trade-client,trade,1.14866600000596
trade-client,trade,1.0992910000027223
trade-client,trade,1.1988750000000437
trade-client,trade,0.9962080000036622
trade-client,trade,1.148166999996647
trade-client,trade,1.0345000000029358
trade-client,trade,1.179374999992433
trade-client,trade,0.7391670000060913
trade-client,trade,1.0406250000301043
trade-client,trade,1.8885839999711607
trade-client,trade,1.3739169999666956
trade-client,trade,0.7536670000263257
trade-client,trade,0.7242089999976997
trade-client,trade,1.4660419999472651
trade-client,trade,1.1360839999952077
trade-client,trade,0.922292000041125
trade-client,trade,0.7981249999602369
trade-client,trade,1.0174999999890133
trade-client,trade,0.769542000000456
trade-client,trade,1.1802920000150152
trade-client,trade,1.1589579999622401
trade-client,trade,1.1159999999676984
trade-client,trade,1.0052499999915199
trade-client,trade,1.8329160000121192
trade-client,trade,0.8974579999971866
trade-client,trade,0.9875829999828056
trade-client,trade,1.1598340000205098
trade-client,trade,0.7937499999570719
trade-client,trade,1.3333750000015243
trade-client,trade,4.583207999985461
trade-client,trade,2.1750419999762016
trade-client,trade,0.9032919999754085
trade-client,trade,0.9502080000061142
trade-client,trade,1.2753329999668495
trade-client,trade,1.2421250000329565
trade-client,trade,1.190167000004294
trade-client,trade,0.7686659999990297
trade-client,trade,0.9250840000163407
trade-client,trade,0.7055419999915102
trade-client,trade,0.6972920000407612
trade-client,trade,1.1199999999575994
trade-client,trade,1.1303750000024593
trade-client,trade,0.8012079999843991
trade-client,trade,0.9029580000401438
trade-client,trade,1.4916669999820442
trade-client,trade,1.2590420000151425
trade-client,trade,0.9580839999898672
trade-client,trade,0.82433300002549
trade-client,trade,0.7666669999935039
trade-client,trade,1.8446670000002996
trade-client,trade,1.1578329999792913
trade-client,trade,0.9562920000121267
trade-client,trade,0.6660000000238142
trade-client,trade,0.8817500000191103
trade-client,trade,0.8418329999813068
trade-client,trade,1.0612909999849762
trade-client,trade,0.8807079999542111
trade-client,trade,0.8474589999991622
trade-client,trade,1.194166999994195
trade-client,trade,0.6730829999810339
trade-client,trade,1.021083000011913
trade-client,trade,1.468124999973952
trade-client,trade,1.9460000000321998
trade-client,trade,1.3067500000261134
trade-client,trade,2.1769580000068345
trade-client,trade,1.1487500000271211
trade-client,trade,0.9690829999726702
trade-client,trade,0.9338329999764028
trade-client,trade,1.3214580000067144
trade-client,trade,0.7748749999905158
trade-client,trade,0.882916000023215
trade-client,trade,0.9361660000308802
trade-client,trade,0.8137089999991076
trade-client,trade,0.670834000004561
trade-client,trade,1.1460829999805355
trade-client,trade,1.4313750000383152
trade-client,trade,0.8896250000134387
trade-client,trade,1.4228750000029322
trade-client,trade,1.125166999997873
trade-client,trade,1.4443750000054933
trade-client,trade,0.6022920000532395
trade-client,trade,0.8062080000286187
trade-client,trade,1.3024999999515785
trade-client,trade,3.1725000000051296
trade-client,trade,1.4827090000153476
trade-client,trade,3.8925829999811867
trade-client,trade,7.22295899998926
trade-client,trade,1.9295000000170148
trade-client,trade,1.175958000033006
trade-client,trade,0.9081670000341546
trade-client,trade,1.0200410000038573
trade-client,trade,0.7855419999600599
trade-client,trade,1.0804579999899033
trade-client,trade,1.1481249999860665
trade-client,trade,0.8519579999983762
trade-client,trade,1.7123750000109794
trade-client,trade,0.8830419999981132
trade-client,trade,1.1349170000016784
trade-client,trade,1.6925840000112657
trade-client,trade,1.1441249999961656
trade-client,trade,1.9063330000221868
trade-client,trade,0.7734589999586206
trade-client,trade,1.1933750000139298
trade-client,trade,1.0234590000095523
trade-client,trade,0.9442919999855803
trade-client,trade,1.3074579999852176
trade-client,trade,1.5028750000283253
trade-client,trade,1.144208000027902
trade-client,trade,1.1492909999901713
trade-client,trade,1.2159999999994398
trade-client,trade,0.6399999999757711
trade-client,trade,0.830167000003712
trade-client,trade,0.799083000003975
trade-client,trade,1.4642090000052121
trade-client,trade,1.3392090000365897
trade-client,trade,0.8977919999892947
trade-client,trade,0.8770000000026812
trade-client,trade,1.3583749999952488
trade-client,trade,1.4625000000023647
trade-client,trade,0.8180410000022675
trade-client,trade,0.9299999999825559
trade-client,trade,0.8582500000215987
trade-client,trade,0.9402080000313617
trade-client,trade,1.1508339999863892
trade-client,trade,0.8679169999936676
trade-client,trade,0.5877500000224245
trade-client,trade,1.0046670000178892
trade-client,trade,1.9139579999887246
trade-client,trade,1.9308329999603302
trade-client,trade,3.437374999975873
trade-client,trade,2.5440830000320602
trade-client,trade,1.1208750000264445
trade-client,trade,1.4521250000143482
trade-client,trade,1.1455000000069049
trade-client,trade,0.9188750000248547
trade-client,trade,2.568832999997994
trade-client,trade,1.1319579999735652
trade-client,trade,1.3453329999606467
trade-client,trade,1.6031669999847509
trade-client,trade,1.0253749999833417
trade-client,trade,1.910916999975143
trade-client,trade,1.8790409999951407
trade-client,trade,1.3548339999829295
trade-client,trade,1.1914169999727164
trade-client,trade,0.7912089999990712
trade-client,trade,0.8435000000304171
trade-client,trade,0.8247079999819107
trade-client,trade,0.7791670000187878
trade-client,trade,1.3658750000331565
trade-client,trade,0.6648340000197095
trade-client,trade,0.8260839999820746
trade-client,trade,0.9559169999988626
trade-client,trade,0.9453330000042115
trade-client,trade,1.1806249999608553
trade-client,trade,1.0720409999862568
trade-client,trade,0.9884160000410702
trade-client,trade,1.3596250000205146
trade-client,trade,1.7400840000050266
trade-client,trade,1.5202499999986685
trade-client,trade,1.0419590000196877
trade-client,trade,1.2268329999756133
trade-client,trade,0.8320000000026084
trade-client,trade,2.787166999951296
trade-client,trade,0.8863329999826419
trade-client,trade,0.6747500000301443
trade-client,trade,1.1483749999570136
trade-client,trade,1.8931249999809552
trade-client,trade,2.0433749999710926
trade-client,trade,1.1979590000237295
trade-client,trade,1.1764580000317437
trade-client,trade,1.2070000000221626
trade-client,trade,1.4840000000049258
trade-client,trade,1.2915840000005119
trade-client,trade,0.9589160000018637
trade-client,trade,1.8236660000070515
trade-client,trade,0.817415999961213
trade-client,trade,0.6404999999745087
trade-client,trade,1.09937499996704
trade-client,trade,1.070625000011205
trade-client,trade,1.290457999971295
trade-client,trade,0.9584580000137066
trade-client,trade,1.2006670000346276
trade-client,trade,1.1760419999973237
trade-client,trade,1.643500000000131
trade-client,trade,1.6380839999783348
trade-client,trade,0.6280000000060681
trade-client,trade,1.8291250000288528
trade-client,trade,1.8262500000219006
trade-client,trade,1.2287499999956708
trade-client,trade,1.2078340000130083
trade-client,trade,0.7450830000266251
trade-client,trade,0.7605829999874913
trade-client,trade,1.1109170000054291
trade-client,trade,1.6721669999810729
trade-client,trade,1.2911669999766673
trade-client,trade,2.952458000038405
trade-client,trade,0.9834169999862752
trade-client,trade,1.143791999993482
trade-client,trade,0.9732079999480447
trade-client,trade,0.8660830000053465
trade-client,trade,0.8426669999721526
trade-client,trade,1.3994590000265816
trade-client,trade,3.4563329999741654
trade-client,trade,1.265332999992097
trade-client,trade,0.9942920000298727
trade-client,trade,1.2561670000081904
trade-client,trade,1.4645829999722082
trade-client,trade,0.7502089999888994
trade-client,trade,0.6137090000493117
trade-client,trade,1.2591249999900356
trade-client,trade,1.7308329999536909
trade-client,trade,1.3490000000047075
trade-client,trade,1.2186659999997573
trade-client,trade,1.3243340000030912
trade-client,trade,2.4897499999951833
trade-client,trade,5.618374999983189
trade-client,trade,0.9124169999950027
trade-client,trade,0.7206660000065312
trade-client,trade,0.8312080000223432
trade-client,trade,0.7463749999487845
trade-client,trade,0.8775420000119993
trade-client,trade,1.8645829999854868
trade-client,trade,0.566958000035811
trade-client,trade,0.8915829999978087
trade-client,trade,1.208041999973375
trade-client,trade,0.8302080000248679
trade-client,trade,1.3058339999929558
trade-client,trade,1.5512499999772444
trade-client,trade,1.0955420000300364
trade-client,trade,0.7493749999980537
trade-client,trade,1.5508329999533998
trade-client,trade,0.7647079999628659
trade-client,trade,0.9139580000123715
trade-client,trade,0.850916999979745
trade-client,trade,0.790124999980435
trade-client,trade,1.8078749999972388
trade-client,trade,0.9470829999713715
trade-client,trade,0.9839159999955882
trade-client,trade,1.407083000003695
trade-client,trade,1.2947079999889866
trade-client,trade,0.9798330000307942
trade-client,trade,0.8557919999816477
trade-client,trade,1.0099580000542119
trade-client,trade,1.1040829999728885
trade-client,trade,0.9796250000135842
trade-client,trade,1.3151669999729165
trade-client,trade,0.8935409999821786
trade-client,trade,1.0467920000110098
trade-client,trade,1.6301670000302693
trade-client,trade,0.8207920000131708
trade-client,trade,2.313500000013846
trade-client,trade,0.7836670000074264
trade-client,trade,1.0320000000092477
trade-client,trade,1.0961670000142476
trade-client,trade,2.8829999999970823
trade-client,trade,1.0634999999865613
trade-client,trade,1.4494590000140306
trade-client,trade,2.311167000016212
trade-client,trade,1.2996250000014697
trade-client,trade,0.8859580000262213
trade-client,trade,0.8190420000460108
trade-client,trade,2.6039170000444756
trade-client,trade,19.39183300004288
trade-client,trade,1.5649169999960577
trade-client,trade,1.9732080000380847
trade-client,trade,0.6495000000086293
trade-client,trade,1.340416000005007
trade-client,trade,1.9527079999761554
trade-client,trade,2.393291999965186
trade-client,trade,1.9521250000025248
trade-client,trade,1.9437919999631958
trade-client,trade,3.075625000008131
trade-client,trade,1.3068330000010064
trade-client,trade,1.0512079999784874
trade-client,trade,1.0147919999781152
trade-client,trade,0.6809590000216303
trade-client,trade,0.8888339999657546
trade-client,trade,1.4323750000357904
trade-client,trade,0.7929170000124941
trade-client,trade,1.1752500000170585
trade-client,trade,1.0416660000487354
trade-client,trade,0.8504169999810074
trade-client,trade,5.126875000030395
trade-client,trade,5.069832999993196
trade-client,trade,4.546584000024723
trade-client,trade,1.827332999994269
trade-client,trade,1.376250000021173
trade-client,trade,1.0700830000018868
trade-client,trade,1.497166999968158
trade-client,trade,2.088458000002902
trade-client,trade,1.323750000040036
trade-client,trade,1.9161250000365726
trade-client,trade,4.590833000008843
trade-client,trade,1.27187500004311
trade-client,trade,1.2047910000205775
trade-client,trade,1.1518750000050204
trade-client,trade,0.9558749999882821
trade-client,trade,0.8588750000058099
trade-client,trade,1.2163750000127038
trade-client,trade,1.3024169999766855
trade-client,trade,0.920250000035594
trade-client,trade,0.6424169999945661
trade-client,trade,1.2871249999761858
trade-client,trade,1.4702500000112195
trade-client,trade,0.7163750000245273
trade-client,trade,1.2550419999683982
trade-client,trade,1.2015830000109418
trade-client,trade,0.8203749999893262
trade-client,trade,1.3734579999891139
trade-client,trade,0.9546670000304402
trade-client,trade,0.9323749999907704
trade-client,trade,0.9390839999809941
trade-client,trade,0.6514169999718433
trade-client,trade,0.9320839999986674
trade-client,trade,1.2369170000283702
trade-client,trade,0.7178749999638967
trade-client,trade,1.2640410000130942
trade-client,trade,0.9495840000113276
trade-client,trade,0.7195000000024265
trade-client,trade,1.2813750000191249
trade-client,trade,0.8712500000456203
trade-client,trade,0.8836669999823243
trade-client,trade,0.9197919999905935
trade-client,trade,4.013791000033962
trade-client,trade,1.589374999980464
trade-client,trade,1.3687090000189528
trade-client,trade,0.671333000013874
trade-client,trade,1.1449170000332742
trade-client,trade,1.4869170000224585
trade-client,trade,1.0881250000238651
trade-client,trade,0.8683330000280876
trade-client,trade,0.8675419999804035
trade-client,trade,0.6978750000143918
trade-client,trade,1.1884169999802907
trade-client,trade,1.555833999987044
trade-client,trade,0.9285830000180795
trade-client,trade,0.7183750000194777
trade-client,trade,0.9193749999667489
trade-client,trade,2.4270829999863963
trade-client,trade,1.4710830000126407
trade-client,trade,1.0885419999908663
trade-client,trade,1.0803330000044298
trade-client,trade,0.9152079999807938
trade-client,trade,0.6453329999658308
trade-client,trade,0.8792500000254222
trade-client,trade,0.7042500000125074
trade-client,trade,0.9146250000071632
trade-client,trade,1.0326670000040394
trade-client,trade,0.8498750000285327
trade-client,trade,0.6497910000007323
trade-client,trade,1.497083999993265
trade-client,trade,0.9827499999914835
trade-client,trade,0.8711249999464599
trade-client,trade,0.7345410000425545
trade-client,trade,1.1199159999932817
trade-client,trade,1.0803750000150103
trade-client,trade,1.1086670000395316
trade-client,trade,0.7368340000084572
trade-client,trade,0.6267499999808024
trade-client,trade,0.8139170000163176
trade-client,trade,1.280250000036176
trade-client,trade,0.7488340000350036
trade-client,trade,1.6569999999660467
trade-client,trade,1.1072500000182117
trade-client,trade,0.6119170000147278
trade-client,trade,0.7147499999859974
trade-client,trade,1.078833000008217
trade-client,trade,0.7454170000187332
trade-client,trade,2.6857500000119217
trade-client,trade,1.4000420000002123
trade-client,trade,1.1115840000002208
trade-client,trade,0.767124999981661
trade-client,trade,1.1636670000143567
trade-client,trade,1.5443749999803913
trade-client,trade,0.9187079999719572
trade-client,trade,0.9048329999927773
trade-client,trade,1.4039579999689522
trade-client,trade,2.132207999977709
trade-client,trade,1.4727909999692201
trade-client,trade,0.8485000000177934
trade-client,trade,1.2865420000025551
trade-client,trade,1.0064169999850492
trade-client,trade,1.4493339999717136
trade-client,trade,0.8790840000187927
trade-client,trade,0.664666999966812
trade-client,trade,1.1032500000283108
trade-client,trade,1.0988750000251457
trade-client,trade,0.6552499999656902
trade-client,trade,1.7261670000152662
trade-client,trade,0.8039159999952972
trade-client,trade,1.0741250000023683
trade-client,trade,1.094291000015346
trade-client,trade,0.9029579999833004
trade-client,trade,0.988749999976335
trade-client,trade,1.1678749999646243
trade-client,trade,0.9493329999941125
trade-client,trade,0.7457080000108363
trade-client,trade,0.6767919999788319
trade-client,trade,1.0932920000072954
trade-client,trade,1.011541999957899
trade-client,trade,0.8802080000123169
trade-client,trade,1.7723329999626003
trade-client,trade,1.2179580000406531
trade-client,trade,0.841000000036729
trade-client,trade,0.9571669999672849
trade-client,trade,1.1504169999625447
trade-client,trade,1.023125000017444
trade-client,trade,0.7059170000047743
trade-client,trade,1.1233749999632892
trade-client,trade,0.6180419999850528
trade-client,trade,0.716916999977002
trade-client,trade,1.6065830000115966
trade-client,trade,0.717124999994212
trade-client,trade,0.9104170000000522
trade-client,trade,0.7933330000469141
trade-client,trade,1.3190839999879245
trade-client,trade,1.1870000000158143
trade-client,trade,1.118290999954752
trade-client,trade,1.9687079999926027
trade-client,trade,0.842457999965518
trade-client,trade,2.7242500000284053
trade-client,trade,1.2009579999698872
trade-client,trade,0.8832499999584797
trade-client,trade,1.3124579999725938
trade-client,trade,1.4342910000095799
trade-client,trade,1.0806249999859574
trade-client,trade,0.9472499999674255
trade-client,trade,0.6175420000431586
trade-client,trade,0.8847080000009555
trade-client,trade,1.4182909999931326
trade-client,trade,0.9091249999642059
trade-client,trade,0.7684590000280878
trade-client,trade,0.9334590000094067
trade-client,trade,1.9166249999784668
trade-client,trade,1.6530830000078822
trade-client,trade,1.7331249999870124
trade-client,trade,1.2254999999754546
trade-client,trade,1.5199579999602975
trade-client,trade,1.457625000000462
trade-client,trade,4.328249999957734
trade-client,trade,2.088833000016166
trade-client,trade,1.0867500000131258
trade-client,trade,1.1816249999583306
trade-client,trade,2.3473749999993743
trade-client,trade,3.7925420000419763
trade-client,trade,3.000416000020323
trade-client,trade,5.989416999966579
trade-client,trade,5.042750000029628
trade-client,trade,1.6023750000044856
trade-client,trade,0.6902499999910106
trade-client,trade,1.3067919999798505
trade-client,trade,1.9708749999836073
trade-client,trade,0.7449170000199956
trade-client,trade,1.401166999983161
trade-client,trade,1.336958000024424
trade-client,trade,1.202292000016314
trade-client,trade,0.8257499999899665
trade-client,trade,1.0245830000030764
trade-client,trade,1.093666999963716
trade-client,trade,1.1322080000013557
trade-client,trade,0.9512920000247505
trade-client,trade,0.7772499999987303
trade-client,trade,1.4960839999957898
trade-client,trade,0.8107080000172573
trade-client,trade,0.6164580000245223
trade-client,trade,2.0685839999714517
trade-client,trade,0.9979579999708221
trade-client,trade,1.1067919999732112
trade-client,trade,0.7737079999969865
trade-client,trade,0.5480830000124115
trade-client,trade,1.399250000019947
trade-client,trade,1.2281659999757721
trade-client,trade,0.8980000000065047
trade-client,trade,0.8605829999623893
trade-client,trade,0.9027909999872463
trade-client,trade,0.9574580000162314
trade-client,trade,1.5112919999751284
trade-client,trade,0.9027919999766709
trade-client,trade,0.7377919999953519
trade-client,trade,0.957875000040076
trade-client,trade,0.7567499999936445
trade-client,trade,0.7591670000124395
trade-client,trade,0.8236670000201229
trade-client,trade,0.842457999965518
trade-client,trade,2.1060000000261425
trade-client,trade,3.019750000021304
trade-client,trade,2.225291999991441
trade-client,trade,0.8309579999945527
trade-client,trade,2.7326669999752085
trade-client,trade,1.6237920000321537
trade-client,trade,0.7002080000120259
trade-client,trade,0.9652499999788233
trade-client,trade,1.0300419999680344
trade-client,trade,1.5757079999616508
trade-client,trade,1.5582089999952586
trade-client,trade,2.1409580000408823
trade-client,trade,1.409665999972276
trade-client,trade,0.7997499999987667
trade-client,trade,0.938958000006096
trade-client,trade,0.8539580000501701
trade-client,trade,1.2162500000272303
trade-client,trade,0.9479999999939537
trade-client,trade,0.683874999992895
trade-client,trade,0.566624999976284
trade-client,trade,0.8058750000259352
trade-client,trade,1.0311669999509832
trade-client,trade,1.1720830000285787
trade-client,trade,1.6824169999836158
trade-client,trade,0.9622090000220851
trade-client,trade,1.0258329999714988
trade-client,trade,0.8932080000363385
trade-client,trade,0.8189170000036938
trade-client,trade,1.7017499999951724
trade-client,trade,0.671124999996664
trade-client,trade,1.1680000000069413
trade-client,trade,1.2596249999887732
trade-client,trade,3.94658300001538
trade-client,trade,1.5745409999681215
trade-client,trade,0.7042089999913514
trade-client,trade,1.313374999995176
trade-client,trade,1.302582999983315
trade-client,trade,0.7701659999952426
trade-client,trade,0.7986250000158179
trade-client,trade,0.867792000008194
trade-client,trade,0.9312090000435091
trade-client,trade,1.0256250000111322
trade-client,trade,1.4382079999677444
trade-client,trade,1.2090419999708502
trade-client,trade,0.5741670000247723
trade-client,trade,2.2057079999626694
trade-client,trade,1.8886660000134725
trade-client,trade,1.1603340000192475
trade-client,trade,0.6513339999969503
trade-client,trade,1.0493329999690104
trade-client,trade,0.8872500000052241
trade-client,trade,1.4096250000079635
trade-client,trade,0.7676249999803986
trade-client,trade,0.7390420000206177
trade-client,trade,1.2281670000220402
trade-client,trade,0.8696670000176709
trade-client,trade,0.913499999967371
trade-client,trade,1.5514579999944544
trade-client,trade,2.043082999989565
trade-client,trade,1.0052500000483633
trade-client,trade,1.2380000000007385
trade-client,trade,0.786124999990534
trade-client,trade,1.1236670000016602
trade-client,trade,0.9509580000326423
trade-client,trade,1.622542000006888
trade-client,trade,1.2207920000264494
trade-client,trade,0.8859999999799584
trade-client,trade,0.8157920000257946
trade-client,trade,1.3537080000105561
trade-client,trade,1.112041999988378
trade-client,trade,0.9570000000280743
trade-client,trade,0.8665830000040842
trade-client,trade,1.1156670000218583
trade-client,trade,1.0249999999700776
trade-client,trade,1.3224169999830337
trade-client,trade,3.7411669999869446
trade-client,trade,0.8665419999829282
trade-client,trade,0.9922500000243417
trade-client,trade,0.7729579999704583
trade-client,trade,1.8312909999735894
trade-client,trade,1.1798330000374335
trade-client,trade,0.9072500000115724
trade-client,trade,0.7914999999911743
trade-client,trade,0.7528329999786365
trade-client,trade,0.9785000000306354
trade-client,trade,0.7769170000528902
trade-client,trade,0.7165829999848938
trade-client,trade,0.9470840000176395
trade-client,trade,0.9980829999562957
trade-client,trade,1.654416000008041
trade-client,trade,0.8500839999783238
trade-client,trade,1.246833000038805
trade-client,trade,0.8333330000027672
trade-client,trade,1.098208000030354
trade-client,trade,0.736207999977978
trade-client,trade,1.014290999989953
trade-client,trade,0.9624580000036076
trade-client,trade,0.8625419999930273
trade-client,trade,0.621209000030376
trade-client,trade,0.7317090000356075
trade-client,trade,1.1129999999752727
trade-client,trade,1.174999999989268
trade-client,trade,1.371875000018008
trade-client,trade,1.4358750000269538
trade-client,trade,1.7907920000084232
trade-client,trade,0.9244579999858615
trade-client,trade,1.2520000000222353
trade-client,trade,1.1990830000172537
trade-client,trade,1.3399580000168498
trade-client,trade,0.8108750000133114
trade-client,trade,0.6518750000168438
trade-client,trade,1.0535830000435453
trade-client,trade,0.6933330000151727
trade-client,trade,0.9728750000022046
trade-client,trade,1.5227499999923566
trade-client,trade,0.9610839999822929
trade-client,trade,1.1690829999793095
trade-client,trade,0.8648749999906613
trade-client,trade,1.2276249999558786
trade-client,trade,0.9650410000290321
trade-client,trade,1.2558340000055068
trade-client,trade,1.461915999982466
trade-client,trade,0.5815000000097825
trade-client,trade,1.1257920000389277
trade-client,trade,0.9250830000269161
trade-client,trade,0.8045000000151958
trade-client,trade,1.1299159999680342
trade-client,trade,0.8563330000015412
trade-client,trade,1.1261250000416112
trade-client,trade,1.4275409999982003
trade-client,trade,1.0236669999699188
trade-client,trade,1.457625000000462
trade-client,trade,1.085041999999703
trade-client,trade,0.8408749999944121
trade-client,trade,1.1721249999823158
trade-client,trade,0.719958000047427
trade-client,trade,0.6593749999979082
trade-client,trade,1.3988340000423705
trade-client,trade,0.9642090000170356
trade-client,trade,0.7910000000492801
trade-client,trade,0.777916999993522
trade-client,trade,0.6973750000156542
trade-client,trade,1.0064169999850492
trade-client,trade,1.6653330000053757
trade-client,trade,1.491541000007146
trade-client,trade,1.1535829999615999
trade-client,trade,1.0765839999749005
trade-client,trade,2.5879160000386037
trade-client,trade,0.7092910000210395
trade-client,trade,1.206457999956001
trade-client,trade,1.7195830000105161
trade-client,trade,1.8970419999959631
trade-client,trade,1.403124999967531
trade-client,trade,1.1592079999900307
trade-client,trade,0.9758339999734744
trade-client,trade,0.7782079999856251
trade-client,trade,1.0408750000010514
trade-client,trade,1.0192909999773292
trade-client,trade,1.2974999999642023
trade-client,trade,1.062250000018139
trade-client,trade,0.9363329999700909
trade-client,trade,1.739666999981182
trade-client,trade,1.5497910000021875
trade-client,trade,0.9745829999587841
trade-client,trade,0.87854100002005
trade-client,trade,0.42333300001473617
trade-client,trade,0.5551250000053187
trade-client,trade,0.8737080000287278
trade-client,trade,0.9501659999955336
trade-client,trade,0.7412919999865153
trade-client,trade,1.6551250000134132
trade-client,trade,0.982666999959747
trade-client,trade,0.7367499999872962
trade-client,trade,1.0009999999738284
trade-client,trade,1.1064580000379465
trade-client,trade,1.4936250000232576
trade-client,trade,0.926292000031026
trade-client,trade,1.0344160000386182
trade-client,trade,1.0230830000068636
trade-client,trade,1.026166999963607
trade-client,trade,1.6307500000039
trade-client,trade,1.3535830000250826
trade-client,trade,0.9577920000083395
trade-client,trade,1.265332999992097
trade-client,trade,0.8174160000180564
trade-client,trade,0.9098329999801535
trade-client,trade,0.922375000016018
trade-client,trade,0.8620419999942897
trade-client,trade,0.836625000033564
trade-client,trade,0.8853339999745913
trade-client,trade,1.9106249999936153
trade-client,trade,1.7308750000211148
trade-client,trade,0.9942080000087117
trade-client,trade,0.9685420000096201
trade-client,trade,0.7355409999831863
trade-client,trade,1.0739589999957388
trade-client,trade,1.5452920000029735
trade-client,trade,1.8976669999801743
trade-client,trade,1.1412079999786329
trade-client,trade,0.9852080000314345
trade-client,trade,1.428125000018099
trade-client,trade,0.7365830000480855
trade-client,trade,1.745832999972663
trade-client,trade,1.11533300002975
trade-client,trade,2.5538749999896027
trade-client,trade,3.0714579999653324
trade-client,trade,0.5911659999924268
trade-client,trade,1.1113339999724303
trade-client,trade,1.1002499999790416
trade-client,trade,1.8021249999833344
trade-client,trade,1.4569590000519383
trade-client,trade,0.7333750000384498
trade-client,trade,0.6349580000346577
trade-client,trade,0.9340419999830374
trade-client,trade,1.5733330000102796
trade-client,trade,1.4498339999704513
trade-client,trade,0.6264589999886994
trade-client,trade,1.0356669999964652
trade-client,trade,0.721499999997377
trade-client,trade,0.9671249999883003
trade-client,trade,1.0176249999744869
trade-client,trade,1.1380840000470016
trade-client,trade,0.8079589999852033
trade-client,trade,0.9111669999697369
trade-client,trade,0.6355830000188689
trade-client,trade,1.1863329999641792
trade-client,trade,0.9105829999498383
trade-client,trade,0.5545000000211076
trade-client,trade,1.1015829999792004
trade-client,trade,1.039332999994258
trade-client,trade,1.188124999998763
trade-client,trade,1.463374999957523
trade-client,trade,0.9000000000014552
trade-client,trade,1.0045829999967282
trade-client,trade,0.9299170000076629
trade-client,trade,0.8933750000323926
trade-client,trade,0.899583000034454
trade-client,trade,0.73000000003276
trade-client,trade,0.9796250000135842
trade-client,trade,1.1783340000306453
trade-client,trade,1.0002500000041437
trade-client,trade,1.0473749999846405
trade-client,trade,0.8374590000244098
trade-client,trade,0.8339170000226659
trade-client,trade,1.9727079999825037
trade-client,trade,1.760665999995581
trade-client,trade,1.3181250000116052
trade-client,trade,1.9555000000082146
trade-client,trade,0.9384169999862024
trade-client,trade,1.1282090000008793
trade-client,trade,0.6864160000077391
trade-client,trade,0.754916999994748
trade-client,trade,1.4295000000288383
trade-client,trade,1.6835000000128275
trade-client,trade,1.099667000005411
trade-client,trade,0.9172499999863248
trade-client,trade,4.751499999997577
trade-client,trade,1.2110410000332195
trade-client,trade,1.6778750000412401
trade-client,trade,1.3496249999889187
trade-client,trade,0.8550000000013824
trade-client,trade,0.7882080000172209
trade-client,trade,0.7620420000193917
trade-client,trade,0.769375000004402
trade-client,trade,1.1057500000219989
trade-client,trade,1.175459000023693
trade-client,trade,0.7879169999682745
trade-client,trade,0.6772500000238324
trade-client,trade,1.0426670000356353
trade-client,trade,1.5568339999845193
trade-client,trade,2.2103750000042055
trade-client,trade,1.0341249999896718
trade-client,trade,0.6706249999979264
trade-client,trade,0.6618749999915963
trade-client,trade,2.083500000026106
trade-client,trade,0.698499999998603
trade-client,trade,1.0052080000377828
trade-client,trade,0.9160000000179025
trade-client,trade,1.3312500000211003
trade-client,trade,0.8418749999918873
trade-client,trade,0.964292000048772
trade-client,trade,0.7507920000193735
trade-client,trade,0.9331669999710357
trade-client,trade,1.988833000041268
trade-client,trade,0.6737090000115131
trade-client,trade,0.8632920000195554
trade-client,trade,1.100250000035885
trade-client,trade,1.5755840000224453
trade-client,trade,1.1211660000185475
trade-client,trade,1.1975410000104603
trade-client,trade,2.2953340000526623
trade-client,trade,1.7350420000070699
trade-client,trade,1.0529580000024907
trade-client,trade,0.8368340000401986
trade-client,trade,1.0249580000163405
trade-client,trade,0.6538330000012138
trade-client,trade,0.9764170000039485
trade-client,trade,0.9902079999619673
trade-client,trade,0.5639579999865418
trade-client,trade,0.6343750000041837
trade-client,trade,0.6582089999938034
trade-client,trade,1.4998750000358996
trade-client,trade,1.072667000016736
trade-client,trade,0.8628749999957108
trade-client,trade,0.8736660000181473
trade-client,trade,0.9311669999760852
trade-client,trade,1.1720829999717353
trade-client,trade,0.8415000000354667
trade-client,trade,0.848874999974214
trade-client,trade,1.3936249999915162
trade-client,trade,0.9752089999892632
trade-client,trade,1.026875000036398
trade-client,trade,0.7273340000324424
trade-client,trade,1.2014590000148928
trade-client,trade,1.3390000000299551
trade-client,trade,1.177165999990848
trade-client,trade,0.838457999975617
trade-client,trade,0.6763330000012502
trade-client,trade,0.8836250000285872
trade-client,trade,1.0630419999984042
trade-client,trade,0.8252920000018094
trade-client,trade,1.13579200001368
trade-client,trade,0.6263329999569578
trade-client,trade,1.20266599998331
trade-client,trade,1.072582999995575
trade-client,trade,1.2346249999950487
trade-client,trade,0.8910420000347585
trade-client,trade,0.9600419999742371
trade-client,trade,1.122749999979078
trade-client,trade,1.3044580000496353
trade-client,trade,1.7287079999732669
trade-client,trade,1.0660000000370928
trade-client,trade,0.7152090000204225
trade-client,trade,0.8795420000069498
trade-client,trade,0.7961250000221298
trade-client,trade,1.127332999999453
trade-client,trade,1.7218749999869942
trade-client,trade,0.7624169999758124
trade-client,trade,0.8775840000225799
trade-client,trade,2.3006669999858786
trade-client,trade,0.6581250000294858
trade-client,trade,0.97224999996115
trade-client,trade,0.9649579999972957
trade-client,trade,1.5314579999881062
trade-client,trade,0.9375000000204636
trade-client,trade,0.809042000014415
trade-client,trade,1.3814589999583404
trade-client,trade,0.9938750000060281
trade-client,trade,1.3937919999875703
trade-client,trade,1.537250000012591
trade-client,trade,0.857375000009597
trade-client,trade,0.8149999999886859
trade-client,trade,1.1247080000202914
trade-client,trade,0.8319170000277154
trade-client,trade,1.3003749999711545
trade-client,trade,1.3277080000193564
trade-client,trade,0.9010830000306669
trade-client,trade,0.9668750000173532
trade-client,trade,1.2659589999657328
trade-client,trade,0.9996669999736696
trade-client,trade,1.25295800000913
trade-client,trade,0.811249999969732
trade-client,trade,0.8944170000404483
trade-client,trade,1.6359999999622232
trade-client,trade,1.04166700003816
trade-client,trade,1.064416000019719
trade-client,trade,0.9152499999913744
trade-client,trade,1.204540999992787
trade-client,trade,0.771625000027143
trade-client,trade,1.3071669999931146
trade-client,trade,0.7022910000387128
trade-client,trade,0.636042000053294
trade-client,trade,0.943124999992051
trade-client,trade,1.344832999961909
trade-client,trade,1.1729159999731564
trade-client,trade,1.236375000019052
trade-client,trade,0.8438749999868378
trade-client,trade,0.9211249999907523
trade-client,trade,0.660792000019228
trade-client,trade,0.836625000033564
trade-client,trade,0.7217500000251675
trade-client,trade,1.2571670000056656
trade-client,trade,1.0529580000024907
trade-client,trade,1.3833329999783928
trade-client,trade,1.5735000000063337
trade-client,trade,0.9175420000246959
trade-client,trade,0.9918339999899217
trade-client,trade,1.713167000048088
trade-client,trade,0.993417000017871
trade-client,trade,0.9712499999636748
trade-client,trade,1.2620420000075683
trade-client,trade,1.6832080000313
trade-client,trade,1.2542090000238204
trade-client,trade,0.9378340000125718
trade-client,trade,0.9699159999740914
trade-client,trade,1.0735829999930502
trade-client,trade,1.9293330000209608
trade-client,trade,1.2593330000072456
trade-client,trade,2.5313749999895663
trade-client,trade,1.0486250000099062
trade-client,trade,1.0925840000481912
trade-client,trade,0.8770830000344176
trade-client,trade,1.6488750000007713
trade-client,trade,0.6850830000075803
trade-client,trade,0.80499999995709
trade-client,trade,1.1884169999802907
trade-client,trade,1.2508340000181306
trade-client,trade,0.9674169999698279
trade-client,trade,1.3790419999963888
trade-client,trade,1.1415409999813164
trade-client,trade,1.3501249999876563
trade-client,trade,0.9749590000183161
trade-client,trade,0.9355419999792502
trade-client,trade,1.1645409999800904
trade-client,trade,1.043707999997423
trade-client,trade,1.1416250000024775
trade-client,trade,1.1180000000194923
trade-client,trade,1.1075419999997393
trade-client,trade,1.3809590000164462
trade-client,trade,1.0446249999631618
trade-client,trade,0.8651250000184518
trade-client,trade,1.3777909999816984
trade-client,trade,1.087583000014547
trade-client,trade,0.7646250000448163
trade-client,trade,1.1293329999944035
trade-client,trade,0.802792000001773
trade-client,trade,1.08570800000507
trade-client,trade,1.2379170000258455
trade-client,trade,0.9564580000187561
trade-client,trade,3.1223749999753636
trade-client,trade,1.2284999999678803
trade-client,trade,0.5993329999682828
trade-client,trade,0.8707920000006197
trade-client,trade,1.3705840000284297
trade-client,trade,1.5304589999800555
trade-client,trade,1.2637909999853036
trade-client,trade,1.3703330000112146
trade-client,trade,1.5082500000289656
trade-client,trade,1.0298750000288237
trade-client,trade,1.0758750000263717
trade-client,trade,1.2833750000140753
trade-client,trade,1.0218329999815978
trade-client,trade,0.9585829999991802
trade-client,trade,1.1121250000201144
trade-client,trade,1.1982919999695696
trade-client,trade,0.9145829999965827
trade-client,trade,1.3460830000440183
trade-client,trade,1.3152080000509159
trade-client,trade,0.7254590000229655
trade-client,trade,0.8874160000118536
trade-client,trade,0.9302079999997659
trade-client,trade,1.1296250000327746
trade-client,trade,1.1511669999890728
trade-client,trade,0.7852500000353757
trade-client,trade,0.8630840000023454
trade-client,trade,0.8600419999993392
trade-client,trade,1.5021670000123777
trade-client,trade,1.0482920000072227
trade-client,trade,0.6927499999846987
trade-client,trade,0.8289579999996022
trade-client,trade,0.828207999973074
trade-client,trade,1.255208000031871
trade-client,trade,1.1077089999957934
trade-client,trade,0.8786659999486801
trade-client,trade,1.1247500000308719
trade-client,trade,0.6655000000250766
trade-client,trade,2.44654100004027
trade-client,trade,0.9731669999837322
trade-client,trade,0.8226250000120672
trade-client,trade,0.645874999975149
trade-client,trade,1.0987079999722482
trade-client,trade,1.200582999956623
trade-client,trade,1.1827909999624353
trade-client,trade,0.9299999999825559
trade-client,trade,0.8362500000202999
trade-client,trade,0.6909999999606953
trade-client,trade,0.8332500000278742
trade-client,trade,2.112457999999151
trade-client,trade,1.363333000028888
trade-client,trade,1.1853749999772845
trade-client,trade,1.0974589999932505
trade-client,trade,1.6698339999834388
trade-client,trade,1.5755839999656018
trade-client,trade,1.1041659999477815
trade-client,trade,1.0753340000064782
trade-client,trade,1.074124999945525
trade-client,trade,1.0010830000055648
trade-client,trade,0.7398749999651955
trade-client,trade,1.3920420000204103
trade-client,trade,1.0909590000096614
trade-client,trade,1.7834170000128324
trade-client,trade,1.1552080000001297
trade-client,trade,0.8713329999636699
trade-client,trade,1.3193749999800275
trade-client,trade,0.7914579999805937
trade-client,trade,1.279500000009648
trade-client,trade,0.7319999999708671
trade-client,trade,0.7510419999903206
trade-client,trade,0.9704589999728341
trade-client,trade,1.03304199996046
trade-client,trade,1.5253749999715183
trade-client,trade,1.4959999999746287
trade-client,trade,1.9589579999887974
trade-client,trade,1.913249999972777
trade-client,trade,2.068166000015026
trade-client,trade,1.5149999999835018
trade-client,trade,0.9457500000280561
trade-client,trade,1.1898750000227665
trade-client,trade,2.311082999995051
trade-client,trade,0.9957500000155051
trade-client,trade,1.0531670000091253
trade-client,trade,0.8149999999886859
trade-client,trade,1.3503750000154469
trade-client,trade,1.230166000027566
trade-client,trade,1.2511249999533902
trade-client,trade,1.037457999984781
trade-client,trade,0.9408329999587295
trade-client,trade,0.5661250000343898
trade-client,trade,0.756874999979118
trade-client,trade,1.773875000026237
trade-client,trade,1.2382919999822661
trade-client,trade,2.3717500000088876
trade-client,trade,1.11708299999691
trade-client,trade,0.633875000005446
trade-client,trade,1.037457999984781
trade-client,trade,1.396667000051366
trade-client,trade,1.147833000004539
trade-client,trade,0.7158749999689462
trade-client,trade,0.8875839999973323
trade-client,trade,1.0946250000074542
trade-client,trade,0.901124999984404
trade-client,trade,1.107959000023584
trade-client,trade,1.0406670000406848
trade-client,trade,1.226959000007355
trade-client,trade,1.8501669999864134
trade-client,trade,1.0225839999975506
trade-client,trade,1.1801249999621177
trade-client,trade,1.112291999959325
trade-client,trade,0.675499999999829
trade-client,trade,0.9375409999847761
trade-client,trade,0.7971670000301856
trade-client,trade,1.413582999987284
trade-client,trade,0.8280410000338634
trade-client,trade,0.5902500000161126
trade-client,trade,1.0337079999658272
trade-client,trade,0.8075410000287775
trade-client,trade,1.2202920000277118
trade-client,trade,0.9687500000268301
trade-client,trade,1.1230840000280295
trade-client,trade,0.8675830000015594
trade-client,trade,1.9341670000017075
trade-client,trade,0.77383299998246
trade-client,trade,0.8665830000040842
trade-client,trade,0.9592499999939719
trade-client,trade,0.7802500000479995
trade-client,trade,1.1447090000160642
trade-client,trade,1.4982499999973697
trade-client,trade,1.3343339999778436
trade-client,trade,1.2010830000122041
trade-client,trade,0.8247499999924912
trade-client,trade,1.2703749999900538
trade-client,trade,2.0317910000358097
trade-client,trade,1.0947090000286153
trade-client,trade,0.717541000028632
trade-client,trade,0.9128330000294227
trade-client,trade,1.1804160000110642
trade-client,trade,0.790499999993699
trade-client,trade,0.6132080000043061
trade-client,trade,0.8146250000322652
trade-client,trade,0.9614170000418198
trade-client,trade,0.9853750000274886
trade-client,trade,1.7996250000464897
trade-client,trade,0.8038330000204041
trade-client,trade,1.0635419999971418
trade-client,trade,0.7486669999821061
trade-client,trade,0.9981670000343001
trade-client,trade,1.1317089999920427
trade-client,trade,1.0844170000154918
trade-client,trade,1.0988330000145652
trade-client,trade,1.3146250000204418
trade-client,trade,0.9898749999592837
trade-client,trade,1.6298750000487416
trade-client,trade,1.546999999959553
trade-client,trade,0.8336669999948754
trade-client,trade,0.8083750000196233
trade-client,trade,0.577041999974881
trade-client,trade,1.87804199998709
trade-client,trade,1.1021249999885185
trade-client,trade,0.9104580000212081
trade-client,trade,0.9567910000214397
trade-client,trade,0.9587499999952342
trade-client,trade,0.6592920000230151
trade-client,trade,1.3876670000172453
trade-client,trade,1.0286670000141385
trade-client,trade,0.8695829999965099
trade-client,trade,0.6415830000037204
trade-client,trade,0.9107920000133163
trade-client,trade,1.2417089999985365
trade-client,trade,0.660707999998067
trade-client,trade,1.1486659999491167
trade-client,trade,0.9803329999726884
trade-client,trade,0.6056250000483487
trade-client,trade,2.2511669999971673
trade-client,trade,1.3232080000307178
trade-client,trade,1.9058339999560303
trade-client,trade,0.9045840000112548
trade-client,trade,1.11729100001412
trade-client,trade,0.9435830000370515
trade-client,trade,1.1844580000115457
trade-client,trade,1.7277919999969527
trade-client,trade,1.1049170000205777
trade-client,trade,1.7174999999838292
trade-client,trade,0.8700829999952475
trade-client,trade,1.0826249999809079
trade-client,trade,1.6476249999755055
trade-client,trade,1.419709000003877
trade-client,trade,0.8149999999886859
trade-client,trade,1.2953749999837783
trade-client,trade,1.2635420000037811
trade-client,trade,0.8912500000519685
trade-client,trade,1.2592500000323525
trade-client,trade,0.8176660000458469
trade-client,trade,1.775750000035714
trade-client,trade,1.5089589999774944
trade-client,trade,1.318957999956183
trade-client,trade,1.3785419999976511
trade-client,trade,0.8395830000154092
trade-client,trade,1.5715000000113832
trade-client,trade,1.2074169999891637
trade-client,trade,0.9795839999924283
trade-client,trade,1.1469169999713813
trade-client,trade,1.9750829999907182
trade-client,trade,0.7620840000299722
trade-client,trade,0.6201670000223203
trade-client,trade,0.8163329999888447
trade-client,trade,1.638916999979756
trade-client,trade,1.20212500002026
trade-client,trade,1.06820799999241
trade-client,trade,0.7935410000072807
trade-client,trade,1.1729999999943175
trade-client,trade,2.3277079999957095
trade-client,trade,1.7169170000101985
trade-client,trade,1.040708999994422
trade-client,trade,0.876249999976153
trade-client,trade,1.188083000045026
trade-client,trade,0.819958000022325
trade-client,trade,1.4171249999890279
trade-client,trade,0.7642500000315522
trade-client,trade,1.0737919999996848
trade-client,trade,1.0679999999752
trade-client,trade,1.0031249999542524
trade-client,trade,0.7072079999943526
trade-client,trade,1.1050410000166266
trade-client,trade,0.9500410000100601
trade-client,trade,1.353415999972185
trade-client,trade,1.4000420000002123
trade-client,trade,1.0326660000146148
trade-client,trade,0.8808750000071086
trade-client,trade,1.4178330000049755
trade-client,trade,0.7320419999814476
trade-client,trade,1.0319579999986672
trade-client,trade,1.0845410000115407
trade-client,trade,1.2682919999633668
trade-client,trade,1.266999999984364
trade-client,trade,1.620207999962986
trade-client,trade,1.4389579999942725
trade-client,trade,1.0422920000223712
trade-client,trade,0.8411660000433585
trade-client,trade,1.5454589999990276
trade-client,trade,1.2772090000225944
trade-client,trade,1.1866250000025502
trade-client,trade,0.7379580000019814
trade-client,trade,2.4277919999917685
trade-client,trade,0.6901669999592741
trade-client,trade,0.8735829999864109
trade-client,trade,1.3516669999944497
trade-client,trade,1.867457999992439
trade-client,trade,1.5771669999935511
trade-client,trade,1.666291999981695
trade-client,trade,0.807167000004938
trade-client,trade,1.1659580000014103
trade-client,trade,0.9310419999906117
trade-client,trade,1.05195899999444
trade-client,trade,6.677541999977166
trade-client,trade,1.174624999976004
trade-client,trade,1.280333000011069
trade-client,trade,1.2536250000039217
trade-client,trade,2.0272920000365957
trade-client,trade,0.5673329999922316
trade-client,trade,0.8121249999817337
trade-client,trade,0.9592499999939719
trade-client,trade,1.7241659999740477
trade-client,trade,1.2705000000323707
trade-client,trade,1.4103340000133358
trade-client,trade,1.2995829999908892
trade-client,trade,0.7760839999946256
trade-client,trade,2.0217500000399014
trade-client,trade,1.0420840000051612
trade-client,trade,1.3428339999563832
trade-client,trade,1.5071660000103293
trade-client,trade,1.0049169999888363
trade-client,trade,1.0654580000277747
trade-client,trade,0.8940000000166037
trade-client,trade,0.9324579999656635
trade-client,trade,0.6439160000013544
trade-client,trade,1.4040419999901133
trade-client,trade,0.9177499999850625
trade-client,trade,1.2047910000205775
trade-client,trade,1.4367090000177996
trade-client,trade,0.9526669999786463
trade-client,trade,2.800458000024264
trade-client,trade,1.2652920000277845
trade-client,trade,1.200250000010783
trade-client,trade,1.0149999999953252
trade-client,trade,0.9183330000155365
trade-client,trade,1.089332999981707
trade-client,trade,1.2959999999679894
trade-client,trade,2.4861250000185464
trade-client,trade,1.4192500000262953
trade-client,trade,1.4398750000168548
trade-client,trade,1.401125000029424
trade-client,trade,0.8326249999868196
trade-client,trade,0.8186250000221662
trade-client,trade,0.9732910000366246
trade-client,trade,1.246167000033438
trade-client,trade,1.4848750000169275
trade-client,trade,1.3853330000301867
trade-client,trade,1.6027919999714868
trade-client,trade,2.3414999999999964
trade-client,trade,1.2192080000090755
trade-client,trade,1.4898750000043037
trade-client,trade,1.4399579999917478
trade-client,trade,1.239791999978479
trade-client,trade,1.179207999996379
trade-client,trade,3.0278749999865795
trade-client,trade,2.8179999999906613
trade-client,trade,1.1673330000121496
trade-client,trade,1.0615830000233473
trade-client,trade,1.2113750000253276
trade-client,trade,1.7548330000067835
trade-client,trade,0.7869159999813746
trade-client,trade,0.5077090000327189
trade-client,trade,0.7187079999653179
trade-client,trade,1.0954589999983
trade-client,trade,2.2720000000049367
trade-client,trade,1.209000000017113
trade-client,trade,1.0040000000230975
trade-client,trade,1.306291999981113
trade-client,trade,0.7679579999830821
trade-client,trade,0.9326670000291415
trade-client,trade,1.9000000000346517
trade-client,trade,1.6213749999565152
trade-client,trade,0.7290839999996024
trade-client,trade,0.8702499999913016
trade-client,trade,1.2245000000348227
trade-client,trade,1.8738339999799791
trade-client,trade,1.091500000029555
trade-client,trade,1.3374580000231617
trade-client,trade,1.5920419999702062
trade-client,trade,0.8308750000196596
trade-client,trade,1.124624999988555
trade-client,trade,0.8869170000025406
trade-client,trade,0.7066250000207219
trade-client,trade,1.1005829999817252
trade-client,trade,0.7820000000151595
trade-client,trade,0.8294579999983398
trade-client,trade,1.0983340000052522
trade-client,trade,1.7558339999936834
trade-client,trade,0.9402080000313617
trade-client,trade,1.1391669999625265
trade-client,trade,0.7757500000025175
trade-client,trade,0.7357909999541334
trade-client,trade,0.7628330000102324
trade-client,trade,1.330124999981308
trade-client,trade,1.5252499999860447
trade-client,trade,0.7409159999838266
trade-client,trade,1.1583330000348724
trade-client,trade,1.875667000035719
trade-client,trade,1.0097080000264214
trade-client,trade,0.926457999980812
trade-client,trade,1.1355000000321525
trade-client,trade,2.2002500000439795
trade-client,trade,1.3182499999970787
trade-client,trade,0.7936249999715983
trade-client,trade,0.8180419999916921
trade-client,trade,1.8110000000319815
trade-client,trade,1.1509999999930187
trade-client,trade,0.7535830000051646
trade-client,trade,0.9670000000028267
trade-client,trade,1.3797080000017559
trade-client,trade,1.0178330000485403
trade-client,trade,0.9420419999628393
trade-client,trade,1.6408750000209693
trade-client,trade,1.421833999984301
trade-client,trade,1.3356669999780024
trade-client,trade,0.6842079999955786
trade-client,trade,0.7946249999690735
trade-client,trade,1.7510840000340977
trade-client,trade,1.1382079999862071
trade-client,trade,0.9149589999992713
trade-client,trade,0.7180829999811067
trade-client,trade,0.6914999999594329
trade-client,trade,0.8214160000079573
trade-client,trade,0.7882500000278014
trade-client,trade,1.656208000042625
trade-client,trade,0.8717499999875145
trade-client,trade,0.7718749999980901
trade-client,trade,0.9980839999457203
trade-client,trade,1.018082999962644
trade-client,trade,1.1739580000380556
trade-client,trade,1.0735000000181572
trade-client,trade,0.859625000032338
trade-client,trade,0.5617500000312248
trade-client,trade,0.7705419999979313
trade-client,trade,0.6164170000033664
trade-client,trade,1.210374999971009
trade-client,trade,1.120958999990762
trade-client,trade,0.7979999999747633
trade-client,trade,1.1252090000084536
trade-client,trade,1.0724159999995209
trade-client,trade,0.8083749999627798
trade-client,trade,0.9608750000325017
trade-client,trade,0.5747499999984029
trade-client,trade,1.5716249999968568
trade-client,trade,0.5483340000296266
trade-client,trade,1.054415999988123
trade-client,trade,1.0606250000364525
trade-client,trade,0.8872089999840682
trade-client,trade,1.2930830000073001
trade-client,trade,0.9167500000444306
trade-client,trade,0.819665999983954
trade-client,trade,0.9603330000231836
trade-client,trade,1.6277080000008937
trade-client,trade,1.1899999999513966
trade-client,trade,1.280124999993859
trade-client,trade,0.7016249999765023
trade-client,trade,1.319583999986662
trade-client,trade,1.0461670000267986
trade-client,trade,0.8026670000162994
trade-client,trade,1.137667000023157
trade-client,trade,0.8681250000108776
trade-client,trade,0.7712500000138789
trade-client,trade,1.5504589999864038
trade-client,trade,1.6877909999948315
trade-client,trade,1.5564999999924112
trade-client,trade,1.4447089999976015
trade-client,trade,1.3393329999757952
trade-client,trade,1.2628330000552523
trade-client,trade,1.6661669999962214
trade-client,trade,1.1488750000125947
trade-client,trade,1.7820839999558302
trade-client,trade,0.8250000000202817
trade-client,trade,1.0112089999552154
trade-client,trade,1.492999999982203
trade-client,trade,1.0946250000074542
trade-client,trade,1.2854160000301817
trade-client,trade,2.248582999982318
trade-client,trade,1.5271670000061022
trade-client,trade,0.7963749999930769
trade-client,trade,1.1949999999956162
trade-client,trade,0.9600409999848125
trade-client,trade,1.2433330000476417
trade-client,trade,1.2572079999699781
trade-client,trade,0.8307499999773427
trade-client,trade,0.6500409999716794
trade-client,trade,0.6536249999840038
trade-client,trade,0.8794579999857888
trade-client,trade,1.4683339999805867
trade-client,trade,0.817584000003535
trade-client,trade,0.7597089999649143
trade-client,trade,0.6571250000320106
trade-client,trade,1.1054580000404712
trade-client,trade,0.9440829999789457
trade-client,trade,1.7061249999983374
trade-client,trade,1.9532499999854736
trade-client,trade,0.7454590000293138
trade-client,trade,0.9749999999826287
trade-client,trade,0.8687089999739328
trade-client,trade,1.262791999977253
trade-client,trade,1.0689590000083626
trade-client,trade,0.7053330000417191
trade-client,trade,0.9417910000024676
trade-client,trade,1.1320419999947262
trade-client,trade,1.0586249999846586
trade-client,trade,1.3806659999886506
trade-client,trade,1.6046669999809637
trade-client,trade,1.3115419999962796
trade-client,trade,2.4746670000013182
trade-client,trade,1.3632910000183074
trade-client,trade,0.8774579999908383
trade-client,trade,0.6695419999687147
trade-client,trade,0.7639590000394492
trade-client,trade,1.0157920000324339
trade-client,trade,0.9656670000026679
trade-client,trade,0.5299579999586967
trade-client,trade,1.4188750000130312
trade-client,trade,1.4997499999935826
trade-client,trade,1.4042500000073233
trade-client,trade,1.183958000012808
trade-client,trade,0.8210830000052738
trade-client,trade,0.5928749999952743
trade-client,trade,0.9182919999943806
trade-client,trade,1.4041669999755868
trade-client,trade,1.4607080000246242
trade-client,trade,0.6120829999645139
trade-client,trade,0.8238339999593336
trade-client,trade,1.4962919999561564
trade-client,trade,1.3959170000248378
trade-client,trade,0.6011250000028667
trade-client,trade,0.8453330000293136
trade-client,trade,0.9773749999908432
trade-client,trade,1.1005830000385686
trade-client,trade,0.7582079999792768
trade-client,trade,1.177167000037116
trade-client,trade,0.5733749999876636
trade-client,trade,1.731790999997429
trade-client,trade,1.0859170000117047
trade-client,trade,1.1785840000015924
trade-client,trade,1.3312500000211003
trade-client,trade,0.9820419999755359
trade-client,trade,1.0525000000143336
trade-client,trade,1.4247089999912532
trade-client,trade,1.0160829999676935
trade-client,trade,1.4899999999897773
trade-client,trade,4.929333000006864
trade-client,trade,1.961499999993066
trade-client,trade,1.9630839999535965
trade-client,trade,1.0071250000009968
trade-client,trade,0.8459580000135247
trade-client,trade,0.809625000044889
trade-client,trade,1.075165999964156
trade-client,trade,2.024750000032327
trade-client,trade,1.029167000012876
trade-client,trade,1.2814579999940179
trade-client,trade,0.9101659999828371
trade-client,trade,0.6322500000237596
trade-client,trade,1.6034999999874344
trade-client,trade,1.0839999999916472
trade-client,trade,0.9147499999926367
trade-client,trade,0.6950830000391761
trade-client,trade,1.7867089999867858
trade-client,trade,1.0991670000066733
trade-client,trade,1.8338330000347014
trade-client,trade,2.645500000028278
trade-client,trade,2.496790999998666
trade-client,trade,0.9093749999919964
trade-client,trade,0.7877499999722204
trade-client,trade,0.8775419999551559
trade-client,trade,0.9786659999804215
trade-client,trade,1.1010839999698874
trade-client,trade,1.409541999976227
trade-client,trade,0.8832080000047426
trade-client,trade,1.0239999999726024
trade-client,trade,1.3180830000010246
trade-client,trade,1.0241659999792319
trade-client,trade,1.522458000010829
trade-client,trade,1.1211249999973916
trade-client,trade,1.036999999996624
trade-client,trade,1.9808750000152031
trade-client,trade,2.2304580000422902
trade-client,trade,1.2808330000098067
trade-client,trade,1.0149169999635888
trade-client,trade,1.2075829999957932
trade-client,trade,0.58537500001421
trade-client,trade,0.8455419999791047
trade-client,trade,1.8468339999913042
trade-client,trade,1.0634999999865613
trade-client,trade,1.3563750000002983
trade-client,trade,0.9955419999982951
trade-client,trade,1.7226669999672595
trade-client,trade,1.376415999970959
trade-client,trade,0.8451250000121036
trade-client,trade,1.1472500000309083
trade-client,trade,0.8732080000299902
trade-client,trade,1.1043749999544161
trade-client,trade,1.3586250000230393
trade-client,trade,1.0669170000028316
trade-client,trade,1.9851669999866317
trade-client,trade,1.5309169999682126
trade-client,trade,2.39729200001193
trade-client,trade,0.7574589999990167
trade-client,trade,0.6080830000314563
trade-client,trade,1.4225420000002487
trade-client,trade,0.9527500000103828
trade-client,trade,1.9480830000020433
trade-client,trade,0.8565410000187512
trade-client,trade,0.9814169999913247
trade-client,trade,1.413500000012391
trade-client,trade,1.1430829999881098
trade-client,trade,1.4444170000160739
trade-client,trade,0.6170000000338405
trade-client,trade,0.9593749999794454
trade-client,trade,1.2282499999969332
trade-client,trade,1.2325000000146247
trade-client,trade,0.8467920000043705
trade-client,trade,0.8927920000019185
trade-client,trade,0.9541250000211221
trade-client,trade,1.6444169999658698
trade-client,trade,0.7976669999720798
trade-client,trade,0.7425000000012005
trade-client,trade,0.9404999999560459
trade-client,trade,1.0280409999836593
trade-client,trade,0.9808749999820066
trade-client,trade,0.8713340000099379
trade-client,trade,1.5866659999801414
trade-client,trade,0.9227920000398626
trade-client,trade,1.359459000013885
trade-client,trade,0.7687080000096103
trade-client,trade,0.7195829999773196
trade-client,trade,0.9756659999879957
trade-client,trade,0.9080829999561502
trade-client,trade,1.0552080000252317
trade-client,trade,1.3731660000075863
trade-client,trade,0.5643750000103864
trade-client,trade,1.3458340000056523
trade-client,trade,0.8848329999864291
trade-client,trade,1.2635839999575182
trade-client,trade,1.2075829999957932
trade-client,trade,1.1902090000148746
trade-client,trade,0.8215409999934309
trade-client,trade,1.0732089999692107
trade-client,trade,0.9690829999726702
trade-client,trade,0.7625829999824418
trade-client,trade,0.8037090000243552
trade-client,trade,0.9441249999895263
trade-client,trade,1.0218749999921783
trade-client,trade,0.681750000012471
trade-client,trade,1.0914169999978185
trade-client,trade,1.2917920000177219
trade-client,trade,0.6523750000155815
trade-client,trade,1.3416250000091168
trade-client,trade,1.2259590000098797
trade-client,trade,0.857375000009597
trade-client,trade,0.7751250000183063
trade-client,trade,0.7937500000139153
trade-client,trade,1.1643750000303044
trade-client,trade,0.8009590000028766
trade-client,trade,1.011792000042533
trade-client,trade,0.8670829999459784
trade-client,trade,0.7849589999864293
trade-client,trade,1.0921659999780786
trade-client,trade,0.7492500000125801
trade-client,trade,1.101333999997678
trade-client,trade,0.9730000000445216
trade-client,trade,1.294457999961196
trade-client,trade,0.9212500000330692
trade-client,trade,0.7431250000422551
trade-client,trade,0.8069169999771475
trade-client,trade,0.6582909999792719
trade-client,trade,1.3809170000058657
trade-client,trade,1.3883749999763495
trade-client,trade,0.7910829999673297
trade-client,trade,1.0215840000000753
trade-client,trade,0.7357499999898209
trade-client,trade,1.4974999999708416
trade-client,trade,1.0214170000040212
trade-client,trade,1.4517500000010841
trade-client,trade,0.9595000000217624
trade-client,trade,0.7792920000042614
trade-client,trade,1.1113749999935862
trade-client,trade,1.8235830000321585
trade-client,trade,1.3366249999648971
trade-client,trade,1.2400830000274254
trade-client,trade,1.1193749999733882
trade-client,trade,0.7455830000253627
trade-client,trade,1.0243749999858665
trade-client,trade,1.059917000020505
trade-client,trade,1.053875000025073
trade-client,trade,1.0551250000503387
trade-client,trade,0.8286670000074992
trade-client,trade,0.7483750000005784
trade-client,trade,1.2638339999853088
trade-client,trade,2.163417000019763
trade-client,trade,1.2114580000002206
trade-client,trade,1.2954580000155147
trade-client,trade,0.706707999995615
trade-client,trade,0.9845000000154869
trade-client,trade,0.8902499999976499
trade-client,trade,1.19000000000824
trade-client,trade,0.9319590000131939
trade-client,trade,1.2300829999958296
trade-client,trade,1.3751250000382242
trade-client,trade,0.9463750000122673
trade-client,trade,1.0143330000005335
trade-client,trade,3.749416999994537
trade-client,trade,1.0431659999881049
trade-client,trade,0.6748750000156178
trade-client,trade,0.8818329999940033
trade-client,trade,0.9705420000045706
trade-client,trade,1.2001660000464653
trade-client,trade,1.2961250000103064
trade-client,trade,0.8617909999770745
trade-client,trade,0.9591660000296542
trade-client,trade,1.0811250000415384
trade-client,trade,1.1490420000086488
trade-client,trade,0.8512499999824286
trade-client,trade,0.8566670000504928
trade-client,trade,1.0155420000046433
trade-client,trade,0.9988749999934043
trade-client,trade,0.6799999999884676
trade-client,trade,0.7853330000102687
trade-client,trade,1.133750000008149
trade-client,trade,1.0669999999777247
trade-client,trade,0.72137499995506
trade-client,trade,1.7356249999807005
trade-client,trade,0.842875000046206
trade-client,trade,1.3035000000058972
trade-client,trade,2.2135830000138412
trade-client,trade,1.1110419999909027
trade-client,trade,1.4916669999820442
trade-client,trade,1.168790999997782
trade-client,trade,1.4959579999640482
trade-client,trade,0.7615000000100736
trade-client,trade,0.7538340000223798
trade-client,trade,1.1475830000335918
trade-client,trade,0.8146250000322652
trade-client,trade,2.7927909999903022
trade-client,trade,0.9556670000279155
trade-client,trade,0.6702089999635064
trade-client,trade,1.5232920000016748
trade-client,trade,1.4308750000395776
trade-client,trade,1.2358339999991586
trade-client,trade,1.315709000039078
trade-client,trade,1.2211659999934454
trade-client,trade,1.1332919999631486
trade-client,trade,0.7517079999956877
trade-client,trade,0.9497080000073765
trade-client,trade,0.635541999997713
trade-client,trade,1.1160410000456977
trade-client,trade,1.039625000032629
trade-client,trade,2.0284170000195445
trade-client,trade,1.0577090000083444
trade-client,trade,0.9264589999702366
trade-client,trade,0.5815410000309384
trade-client,trade,1.5167500000075052
trade-client,trade,1.1027920000401537
trade-client,trade,1.1774160000186384
trade-client,trade,1.107875000002423
trade-client,trade,0.9984170000052472
trade-client,trade,1.6820000000166146
trade-client,trade,1.904499999966447
trade-client,trade,1.2417089999985365
trade-client,trade,0.7119999999645188
trade-client,trade,0.8894590000068092
trade-client,trade,0.9701669999913065
trade-client,trade,1.1700420000124723
trade-client,trade,0.8455420000359481
trade-client,trade,0.7377079999741909
trade-client,trade,0.9596250000072359
trade-client,trade,1.0669579999671441
trade-client,trade,0.7135839999818927
trade-client,trade,0.8745830000407295
trade-client,trade,0.9225829999763846
trade-client,trade,0.7339999999658176
trade-client,trade,0.9246249999819156
trade-client,trade,0.9138339999594791
trade-client,trade,0.5575000000135333
trade-client,trade,1.0779170000319027
trade-client,trade,1.074625000001106
trade-client,trade,1.1738329999957386
trade-client,trade,1.524582999991253
trade-client,trade,1.409333000026436
trade-client,trade,1.798457999996117
trade-client,trade,0.6735000000048785
trade-client,trade,0.9863330000143833
trade-client,trade,0.9198750000223299
trade-client,trade,2.028832999997121
trade-client,trade,3.0980000000226937
trade-client,trade,1.250542000036603
trade-client,trade,1.469832999987375
trade-client,trade,1.5531250000435648
trade-client,trade,1.126458999976876
trade-client,trade,0.6637079999904927
trade-client,trade,0.6847500000048967
trade-client,trade,1.6230840000162061
trade-client,trade,1.4390420000154336
trade-client,trade,1.9584170000257473
trade-client,trade,1.2531670000157646
trade-client,trade,1.1266660000046613
trade-client,trade,0.9444169999710539
trade-client,trade,1.6928750000033688
trade-client,trade,1.1315830000171445
trade-client,trade,0.6887499999947977
trade-client,trade,0.7523749999904794
trade-client,trade,1.0276670000166632
trade-client,trade,1.0703749999834145
trade-client,trade,1.084875000003649
trade-client,trade,26.782457999956932
trade-client,trade,4.978208000011364
trade-client,trade,1.5836669999771402
trade-client,trade,1.1487920000377017
trade-client,trade,2.226874999962547
trade-client,trade,0.8319579999920279
trade-client,trade,3.6609580000117603
trade-client,trade,2.689542000041456
trade-client,trade,1.8603749999783759
trade-client,trade,1.49366599998757
trade-client,trade,1.3067080000155329
trade-client,trade,0.9279170000127124
trade-client,trade,1.2486250000165455
trade-client,trade,1.4098330000251735
trade-client,trade,1.5389579999691705
trade-client,trade,1.078624999991007
trade-client,trade,0.6846670000300037
trade-client,trade,1.0812499999701686
trade-client,trade,1.1767500000132713
trade-client,trade,1.599709000004168
trade-client,trade,0.8380419999980404
trade-client,trade,1.037457999984781
trade-client,trade,0.767582999969818
trade-client,trade,0.9501659999955336
trade-client,trade,1.4134999999555475
trade-client,trade,2.9634999999643696
trade-client,trade,0.9469579999858979
trade-client,trade,1.0004170000001977
trade-client,trade,1.9780420000188315
trade-client,trade,1.197915999966881
trade-client,trade,0.8320000000026084
trade-client,trade,0.8447499999988395
trade-client,trade,0.9282500000153959
trade-client,trade,1.269499999978052
trade-client,trade,6.399791999967874
trade-client,trade,0.8848329999864291
trade-client,trade,1.2313749999748325
trade-client,trade,0.9583749999819702
trade-client,trade,1.5562079999540401
trade-client,trade,0.7919999999899119
trade-client,trade,0.7956669999771293
trade-client,trade,1.7614579999758462
trade-client,trade,1.2998749999724168
trade-client,trade,0.7227500000226428
trade-client,trade,1.1144580000177484
trade-client,trade,0.8095830000343085
trade-client,trade,1.1230829999817615
trade-client,trade,0.9552500000040709
trade-client,trade,0.9512499999573265
trade-client,trade,1.158499999974083
trade-client,trade,0.7426249999866741
trade-client,trade,0.8326659999511321
trade-client,trade,1.545041999975183
trade-client,trade,0.8302919999891856
trade-client,trade,0.6893339999578529
trade-client,trade,1.1012500000333603
trade-client,trade,0.8163329999888447
trade-client,trade,1.8292080000037458
trade-client,trade,0.9416249999958382
trade-client,trade,0.8291659999599688
trade-client,trade,1.3150839999980235
trade-client,trade,0.8629170000062913
trade-client,trade,1.0841669999877013
trade-client,trade,1.474125000015647
trade-client,trade,0.895375000027343
trade-client,trade,0.715292000052159
trade-client,trade,1.116916000000856
trade-client,trade,0.8275000000139698
trade-client,trade,1.0612920000312442
trade-client,trade,1.342458000010538
trade-client,trade,0.610875000006672
trade-client,trade,0.838166999983514
trade-client,trade,0.9908750000136024
trade-client,trade,0.9601250000059736
trade-client,trade,0.5307499999958054
trade-client,trade,1.3102499999604333
trade-client,trade,0.7511670000326376
trade-client,trade,1.4960830000063652
trade-client,trade,0.771792000023197
trade-client,trade,0.8881250000172258
trade-client,trade,0.7078329999785637
trade-client,trade,0.8263749999741776
trade-client,trade,1.3702079999688976
trade-client,trade,1.7968340000038552
trade-client,trade,0.9699170000203594
trade-client,trade,0.9110829999485759
trade-client,trade,0.9655000000066138
trade-client,trade,1.4548750000358268
trade-client,trade,0.7147500000428408
trade-client,trade,1.0087079999721027
trade-client,trade,1.0099579999973685
trade-client,trade,1.173332999997001
trade-client,trade,1.060292000033769
trade-client,trade,1.0232920000134982
trade-client,trade,0.8302080000248679
trade-client,trade,1.0259160000032352
trade-client,trade,0.9488329999953748
trade-client,trade,1.0043329999689377
trade-client,trade,0.7772499999987303
trade-client,trade,0.9431250000488944
trade-client,trade,0.9185409999759031
trade-client,trade,1.1072500000182117
trade-client,trade,0.7241250000333821
trade-client,trade,0.9850419999679616
trade-client,trade,1.2196669999866572
trade-client,trade,0.6580840000083299
trade-client,trade,1.9695830000046044
trade-client,trade,0.8727909999493022
trade-client,trade,0.9603749999769207
trade-client,trade,0.9530830000130663
trade-client,trade,1.196042000003672
trade-client,trade,1.3704170000323757
trade-client,trade,0.9642079999707676
trade-client,trade,1.236290999997891
trade-client,trade,1.2075829999957932
trade-client,trade,1.8062500000155524
trade-client,trade,0.7572079999818015
trade-client,trade,1.1221249999948668
trade-client,trade,0.8629160000168667
trade-client,trade,1.6522920000170416
trade-client,trade,0.9570839999923919
trade-client,trade,1.07325000004721
trade-client,trade,1.069125000014992
trade-client,trade,4.409500000008393
trade-client,trade,1.1209169999801816
trade-client,trade,1.5762500000278123
trade-client,trade,0.9215420000145969
trade-client,trade,1.1765829999603739
trade-client,trade,0.9939999999915017
trade-client,trade,0.6646670000236554
trade-client,trade,3.2802500000457258
trade-client,trade,1.0945420000325612
trade-client,trade,1.2839999999982865
trade-client,trade,1.5147090000482422
trade-client,trade,1.6099160000067059
trade-client,trade,2.6452909999648
trade-client,trade,1.3713330000086899
trade-client,trade,1.2913749999938773
trade-client,trade,2.1309580000092865
trade-client,trade,1.7593750000060027
trade-client,trade,3.3358329999941816
trade-client,trade,2.0830000000273685
trade-client,trade,1.8063340000367134
trade-client,trade,1.4385830000378519
trade-client,trade,3.436625000006188
trade-client,trade,3.0483749999916654
trade-client,trade,7.8734580000059395
trade-client,trade,2.624583999988772
trade-client,trade,6.204832999969767
trade-client,trade,3.201208999996652
trade-client,trade,3.785542000002806
trade-client,trade,4.323292000037782
trade-client,trade,1.7325000000028012
trade-client,trade,3.1654999999659594
trade-client,trade,2.00887499994451
trade-client,trade,2.4751660000106313
trade-client,trade,9.684083000024657
trade-client,trade,1.9702920000099766
trade-client,trade,1.5471660000230258
trade-client,trade,6.321041000035166
trade-client,trade,4.129166999973677
trade-client,trade,5.787999999995463
trade-client,trade,1.560541000003468
trade-client,trade,1.9209159999604708
trade-client,trade,6.670082999960414
trade-client,trade,1.9870000000423715
trade-client,trade,2.0131249999622014
trade-client,trade,1.530999999999949
trade-client,trade,0.8416249999640968
trade-client,trade,1.022832999979073
trade-client,trade,1.068791000022884
trade-client,trade,0.6362080000030801
trade-client,trade,0.7981669999708174
trade-client,trade,0.876000000005206
trade-client,trade,0.5543330000250535
trade-client,trade,0.8482079999794223
trade-client,trade,2.563167000005251
trade-client,trade,1.4999580000107926
trade-client,trade,0.8668340000212993
trade-client,trade,1.0992910000027223
trade-client,trade,1.242332999993323
trade-client,trade,0.6117500000186737
trade-client,trade,0.5322499999920183
trade-client,trade,0.5549159999986841
trade-client,trade,0.5425420000051417
trade-client,trade,0.7996670000238737
trade-client,trade,0.7476669999846308
trade-client,trade,1.3639169999919432
trade-client,trade,0.87616700000126
trade-client,trade,0.6849580000221067
trade-client,trade,0.6277919999888582
trade-client,trade,0.5789589999949385
trade-client,trade,0.5120829999896159
trade-client,trade,0.9348749999844586
trade-client,trade,0.8317080000210808
trade-client,trade,0.5044169999450787
trade-client,trade,0.6406250000168257
trade-client,trade,0.4655829999933303
