client,method,latency(ms)
update-client,update,6.9592499999657775
update-client,update,0.48079200001893696
update-client,update,0.6489589999887357
update-client,update,0.3992080000330134
update-client,update,0.4254579999951602
update-client,update,0.3521250000062537
update-client,update,0.29679199997190153
update-client,update,0.3892920000225786
update-client,update,0.5727079999928719
update-client,update,1.029291000008925
update-client,update,0.5161249999900974
update-client,update,0.5957500000022264
update-client,update,0.3733750000378677
update-client,update,0.38204099996619334
update-client,update,0.38291599997819503
update-client,update,0.6829580000271562
update-client,update,0.4807079999977759
update-client,update,0.5040419999886581
update-client,update,1.2157909999928052
update-client,update,0.40929199997208343
update-client,update,0.3479169999991427
update-client,update,0.39154199998847616
update-client,update,0.49404200001390564
update-client,update,0.32924999999295324
update-client,update,0.4283750000126929
update-client,update,0.3988749999734864
update-client,update,0.3832909999914591
update-client,update,0.5310000000235959
update-client,update,0.349290999963614
update-client,update,0.5219590000251628
update-client,update,0.6133339999792042
update-client,update,1.2450830000148017
update-client,update,2.84162500003049
update-client,update,1.0819590000323842
update-client,update,0.6215840000436401
update-client,update,0.7706669999834048
update-client,update,0.9129580000148962
update-client,update,0.8839590000206954
update-client,update,1.5048749999664324
update-client,update,1.3765420000027007
update-client,update,0.8121660000028896
update-client,update,1.4542089999736163
update-client,update,0.6700419999674523
update-client,update,2.1600000000034925
update-client,update,0.6804999999872052
update-client,update,1.5009159999976873
update-client,update,0.8523749999653774
update-client,update,0.5262920000177473
update-client,update,1.1660000000119908
update-client,update,1.2061250000101609
update-client,update,0.9429589999854215
update-client,update,1.0946670000180347
update-client,update,0.6615409999994881
update-client,update,0.5553749999762658
update-client,update,0.9979159999602416
update-client,update,2.058458000021801
update-client,update,1.5401250000195432
update-client,update,1.097915999991983
update-client,update,0.7152090000204225
update-client,update,0.9908330000030219
update-client,update,0.9171250000008513
update-client,update,2.1775839999804703
update-client,update,5.972250000013446
update-client,update,1.4467080000031274
update-client,update,3.039582999974755
update-client,update,1.7873749999921529
update-client,update,1.0233340000240787
update-client,update,0.9029159999727199
update-client,update,0.9916249999832871
update-client,update,0.8496669999544793
update-client,update,0.7116659999724106
update-client,update,0.8201249999615357
update-client,update,0.9017500000254586
update-client,update,0.8280829999876005
update-client,update,1.302291999991212
update-client,update,1.4593330000138849
update-client,update,1.6057500000101754
update-client,update,0.3954590000034841
update-client,update,0.33404199996311945
update-client,update,0.5726250000179789
update-client,update,0.7611249999968095
update-client,update,2.7857499999868196
update-client,update,0.8900419999804399
update-client,update,1.1229159999857075
update-client,update,1.0154170000191698
update-client,update,1.7763339999987693
update-client,update,0.5799580000029891
update-client,update,1.4088749999814354
update-client,update,0.6972909999944932
update-client,update,0.7077500000036707
update-client,update,1.3602499999478823
update-client,update,1.476499999967018
update-client,update,1.5257079999742018
update-client,update,1.9181669999852602
update-client,update,0.614499999983309
update-client,update,1.1284580000392452
update-client,update,1.5861669999708283
update-client,update,2.160875000015494
update-client,update,0.8961659999613403
update-client,update,0.8247500000493346
update-client,update,1.4172500000313448
update-client,update,1.2369170000283702
update-client,update,1.3851670000235572
update-client,update,0.7726660000457741
update-client,update,0.8742090000168901
update-client,update,1.0107499999776337
update-client,update,1.3454159999923831
update-client,update,2.1975839999868185
update-client,update,1.652332999981354
update-client,update,1.350750000028711
update-client,update,0.6402500000035616
update-client,update,0.6582910000361153
update-client,update,0.6195840000486896
update-client,update,1.4209999999934553
update-client,update,0.6175830000074711
update-client,update,0.775792000013098
update-client,update,0.8182500000089021
update-client,update,0.7848340000009557
update-client,update,0.8807919999753722
update-client,update,0.8007909999605545
update-client,update,1.2548750000291875
update-client,update,0.6835830000113674
update-client,update,0.727958000027229
update-client,update,0.8882909999670119
update-client,update,1.108417000011741
update-client,update,1.0512919999996484
update-client,update,1.2058329999717898
update-client,update,0.9242499999686515
update-client,update,0.6487079999715206
update-client,update,1.6798750000361906
update-client,update,4.530041000009533
update-client,update,1.4703329999861126
update-client,update,1.5704160000495904
update-client,update,1.024625000013657
update-client,update,0.8544169999709084
update-client,update,1.2163750000127038
update-client,update,1.457167000012305
update-client,update,2.2599999999783904
update-client,update,1.3965840000196295
update-client,update,1.3180000000261316
update-client,update,1.4208329999974012
update-client,update,1.0844170000154918
update-client,update,1.3017500000387372
update-client,update,1.101707999964674
update-client,update,1.0107090000133212
update-client,update,1.4189999999985048
update-client,update,0.6265840000310163
update-client,update,1.846374999956879
update-client,update,1.2554159999922376
update-client,update,1.3112080000041715
update-client,update,0.8124579999844173
update-client,update,2.2149580000245805
update-client,update,0.8848749999970096
update-client,update,0.5517499999996289
update-client,update,0.7415420000143058
update-client,update,1.2750829999959024
update-client,update,1.8608330000233764
update-client,update,1.324000000010983
update-client,update,0.7872920000409067
update-client,update,0.5280419999849073
update-client,update,1.7379590000246026
update-client,update,1.1679169999752048
update-client,update,1.76466700003175
update-client,update,1.0142919999793776
update-client,update,1.1684160000413613
update-client,update,0.739999999950669
update-client,update,0.7532500000024811
update-client,update,1.1493330000007518
update-client,update,0.9387079999783055
update-client,update,1.4670830000227397
update-client,update,0.8610419999968144
update-client,update,0.7550419999802216
update-client,update,0.4994169999577025
update-client,update,1.01574999996501
update-client,update,1.0135830000308488
update-client,update,0.8337499999697684
update-client,update,1.176874999998745
update-client,update,0.9397499999863612
update-client,update,0.937291000013829
update-client,update,0.9008330000028764
update-client,update,0.9769590000132666
update-client,update,1.587542000038411
update-client,update,2.2533750000093278
update-client,update,1.698458000021219
update-client,update,1.1839160000022275
update-client,update,1.208249999990585
update-client,update,2.9447090000189746
update-client,update,0.9755840000025273
update-client,update,1.0692910000216216
update-client,update,1.5786249999791835
update-client,update,1.9306660000211195
update-client,update,1.5666660000306365
update-client,update,1.1497079999571724
update-client,update,0.5620420000127524
update-client,update,0.9651670000039303
update-client,update,0.9799580000162678
update-client,update,0.9522500000116452
update-client,update,0.9817079999834277
update-client,update,1.5530410000224038
update-client,update,1.0591250000402397
update-client,update,2.8845000000501386
update-client,update,1.1910840000268763
update-client,update,1.2100409999789008
update-client,update,0.6301249999864922
update-client,update,0.8588339999846539
update-client,update,1.8234169999686856
update-client,update,1.0201669999787555
update-client,update,1.072958000008839
update-client,update,1.530791999982739
update-client,update,1.189707999969869
update-client,update,0.685958000019582
update-client,update,1.5378749999968022
update-client,update,0.7832080000298447
update-client,update,1.2809170000309678
update-client,update,1.2647909999827789
update-client,update,0.6928749999701722
update-client,update,0.9965410000063457
update-client,update,0.7597910000072261
update-client,update,0.757167000017489
update-client,update,1.6908750000084183
update-client,update,1.256875000024138
update-client,update,1.53891599995859
update-client,update,0.8271670000112863
update-client,update,1.5955000000076325
update-client,update,0.9936670000456616
update-client,update,1.9771249999962492
update-client,update,1.0758750000263717
update-client,update,0.8222500000556465
update-client,update,2.144082999961938
update-client,update,1.0492079999835369
update-client,update,1.2979580000092028
update-client,update,1.1357500000030996
update-client,update,1.7092499999762367
update-client,update,0.7761669999695187
update-client,update,1.061957999979768
update-client,update,1.3479590000429198
update-client,update,1.53325000002269
update-client,update,2.0649169999842343
update-client,update,1.6764999999736574
update-client,update,0.9719579999796224
update-client,update,1.9092920000503
update-client,update,1.0380840000152602
update-client,update,0.9590839999873424
update-client,update,2.3890420000043378
update-client,update,1.9298330000196984
update-client,update,2.366041000016139
update-client,update,1.0450830000081623
update-client,update,2.019583999981478
update-client,update,3.907708999975057
update-client,update,3.132916999959434
update-client,update,2.0758340000384123
update-client,update,1.1261249999847678
update-client,update,2.833500000008371
update-client,update,1.4790000000175496
update-client,update,1.2990839999815762
update-client,update,1.2080829999945308
update-client,update,4.032750000021679
update-client,update,1.0312919999933001
update-client,update,0.5787499999883039
update-client,update,0.5506250000166801
update-client,update,0.6230000000186919
update-client,update,0.4707499999767606
update-client,update,0.5487079999966227
update-client,update,0.5973330000301758
update-client,update,0.6875830000012684
update-client,update,0.8506670000087979
update-client,update,0.761082999986229
update-client,update,1.283749999970496
update-client,update,1.5362909999794283
update-client,update,0.9424999999509964
update-client,update,0.6331249999789179
update-client,update,1.3833329999783928
update-client,update,1.7850840000050994
update-client,update,1.7190409999443546
update-client,update,0.7037500000137697
update-client,update,0.938749999988886
update-client,update,1.2505000000260225
update-client,update,1.1151669999662772
update-client,update,0.9833340000113822
update-client,update,1.0037920000058875
update-client,update,0.6238330000201131
update-client,update,2.3678339999833042
update-client,update,0.7280829999558591
update-client,update,6.966583999997056
update-client,update,1.573000000007596
update-client,update,1.374292000036803
update-client,update,3.7932079999905
update-client,update,1.6222500000253604
update-client,update,5.080249999991793
update-client,update,6.52137499997707
update-client,update,1.7290409999759504
update-client,update,2.2645000000238724
update-client,update,2.5064999999813153
update-client,update,1.099667000005411
update-client,update,0.8142909999833137
update-client,update,0.7885420000093291
update-client,update,0.9869589999880191
update-client,update,1.1299999999891952
update-client,update,1.309082999966904
update-client,update,0.8775420000119993
update-client,update,1.4980419999801597
update-client,update,1.2161249999849133
update-client,update,1.0510420000287013
update-client,update,0.7019579999791858
update-client,update,2.200334000008297
update-client,update,1.2554159999922376
update-client,update,0.7893330000001697
update-client,update,0.9386250000034124
update-client,update,1.4738330000341193
update-client,update,1.8223749999606298
update-client,update,4.710166999984722
update-client,update,1.7937499999902684
update-client,update,2.8151669999942897
update-client,update,9.270000000014988
update-client,update,23.54845799999339
update-client,update,1.7377080000073875
update-client,update,1.5117909999844414
update-client,update,0.8905830000003334
update-client,update,1.5632500000037908
update-client,update,0.7156249999979991
update-client,update,2.027540999961275
update-client,update,1.1179159999983312
update-client,update,1.858833999961007
update-client,update,0.8690829999977723
update-client,update,1.817540999979883
update-client,update,0.6846670000300037
update-client,update,0.9605409999835501
update-client,update,1.0470409999925323
update-client,update,2.267582999991191
update-client,update,0.9216660000106458
update-client,update,0.8759579999946254
update-client,update,1.0821669999927508
update-client,update,2.4303330000066126
update-client,update,0.7911249999779102
update-client,update,0.7645000000024993
update-client,update,1.0984589999907257
update-client,update,1.227917000051093
update-client,update,1.8202499999802058
update-client,update,1.0563749999619176
update-client,update,0.9451249999870015
update-client,update,0.7558750000384862
update-client,update,2.936750000003485
update-client,update,1.1548750000542896
update-client,update,0.8325830000330825
update-client,update,0.5827500000350483
update-client,update,3.9304580000134592
update-client,update,1.6028329999926427
update-client,update,0.9178330000167989
update-client,update,1.050042000031226
update-client,update,0.4883330000211572
update-client,update,2.0209589999922173
update-client,update,1.0384580000390997
update-client,update,1.0226669999724436
update-client,update,2.0107500000108303
update-client,update,2.218707999986691
update-client,update,1.3582500000097752
update-client,update,1.4347499999871616
update-client,update,0.7250410000096963
update-client,update,2.3017500000150903
update-client,update,0.9024579999845628
update-client,update,0.5951669999717524
update-client,update,0.945416000035948
update-client,update,2.11533299994926
update-client,update,2.6002910000215707
update-client,update,0.8202919999575897
update-client,update,0.9762500000078944
update-client,update,1.0470830000031128
update-client,update,0.8325420000119266
update-client,update,1.5062080000234346
update-client,update,1.2541250000026594
update-client,update,1.1150000000270666
update-client,update,0.8037079999780872
update-client,update,1.1731250000366344
update-client,update,1.499416999990899
update-client,update,2.811166000014964
update-client,update,1.7082499999787615
update-client,update,1.1051250000377877
update-client,update,0.758916999984649
update-client,update,0.890707999985807
update-client,update,0.8329590000357712
update-client,update,0.8831249999730062
update-client,update,1.5724170000339655
update-client,update,0.9235419999527039
update-client,update,0.9774579999657362
update-client,update,1.4817499999821848
update-client,update,0.8739170000353624
update-client,update,1.0304999999561915
update-client,update,1.9624999999905413
update-client,update,1.1721660000034717
update-client,update,1.8022080000150709
update-client,update,3.0126660000178163
update-client,update,0.9687909999911426
update-client,update,1.5782909999870753
update-client,update,0.9745840000050521
update-client,update,1.6806670000164559
update-client,update,1.7518750000249383
update-client,update,1.1242909999964468
update-client,update,2.9297090000000026
update-client,update,1.0302910000064003
update-client,update,1.2229170000068734
update-client,update,0.9201670000038575
update-client,update,1.1633749999759857
update-client,update,0.6375830000138194
update-client,update,0.7554999999683787
update-client,update,0.8226250000120672
update-client,update,0.9192919999918558
update-client,update,3.2269160000168995
update-client,update,0.9301670000354534
update-client,update,0.6604579999702764
update-client,update,1.0001659999829826
update-client,update,1.8798330000322494
update-client,update,1.3041249999901083
update-client,update,1.0569159999818112
update-client,update,1.0842909999837502
update-client,update,1.461375000019416
update-client,update,1.3802499999542306
update-client,update,0.9543329999814887
update-client,update,0.8815409999556323
update-client,update,1.3912910000044576
update-client,update,0.8126669999910519
update-client,update,0.7421249999879365
update-client,update,3.534417000025769
update-client,update,2.7197920000503473
update-client,update,2.0814579999637317
update-client,update,0.9799170000519553
update-client,update,0.6610840000007556
update-client,update,0.861374999999498
update-client,update,1.1724999999955799
update-client,update,1.346915999988596
update-client,update,2.8262499999982538
update-client,update,1.6850419999627775
update-client,update,1.1822079999888047
update-client,update,1.7157909999809817
update-client,update,2.5981660000411466
update-client,update,1.6573340000149983
update-client,update,1.17129099999147
update-client,update,1.5572080000083588
update-client,update,1.696292000019639
update-client,update,0.6957080000233873
update-client,update,1.2870410000118682
update-client,update,1.723374999983207
update-client,update,0.9525419999931728
update-client,update,0.7028329999911875
update-client,update,1.2658750000014152
update-client,update,1.7617500000142172
update-client,update,1.738208000006125
update-client,update,1.8547500000067885
update-client,update,2.08241600000747
update-client,update,3.544457999964834
update-client,update,2.022749999980533
update-client,update,7.22858400001769
update-client,update,3.596833999949922
update-client,update,3.47958300000073
update-client,update,0.8412910000288321
update-client,update,1.3934170000311497
update-client,update,1.1168329999691196
update-client,update,1.963750000015807
update-client,update,0.8601250000310756
update-client,update,1.4249999999833562
update-client,update,1.2000000000398359
update-client,update,1.0758340000052158
update-client,update,1.6583340000124736
update-client,update,2.318542000011803
update-client,update,1.6339169999923797
update-client,update,1.0285419999718215
update-client,update,0.938667000013993
update-client,update,1.1347079999950438
update-client,update,1.752833000011833
update-client,update,2.0953750000103355
update-client,update,2.7686660000085794
update-client,update,1.2582500000348773
update-client,update,0.7889170000225931
update-client,update,1.1346670000307313
update-client,update,2.5473750000060136
update-client,update,0.830165999957444
update-client,update,1.2029170000005251
update-client,update,1.217290999989018
update-client,update,0.9207919999880687
update-client,update,0.7569160000002739
update-client,update,2.1165829999745256
update-client,update,0.8854170000063277
update-client,update,0.8191249999640604
update-client,update,0.8385000000430409
update-client,update,3.661625000006552
update-client,update,2.204249999977037
update-client,update,2.2064579999891976
update-client,update,5.3974580000044625
update-client,update,0.7374159999926633
update-client,update,1.6054580000286478
update-client,update,1.2578330000110327
update-client,update,1.2495830000034402
update-client,update,0.9655830000383503
update-client,update,1.6557079999870439
update-client,update,1.582957999971768
update-client,update,1.2637080000104106
update-client,update,0.7014580000372916
update-client,update,0.9087079999972048
update-client,update,2.1982499999921856
update-client,update,1.4436660000001211
update-client,update,1.0390000000484179
update-client,update,0.6127919999698861
update-client,update,0.8080829999812522
update-client,update,2.2188750000395885
update-client,update,1.4329159999988406
update-client,update,0.9154170000442718
update-client,update,1.453625000010561
update-client,update,0.9730830000194146
update-client,update,0.8893329999750677
update-client,update,1.0822909999887997
update-client,update,0.8486659999675794
update-client,update,1.2057090000325843
update-client,update,0.970332999997936
update-client,update,0.8704170000441991
update-client,update,0.6777920000331505
update-client,update,0.890458999947441
update-client,update,0.864208000052713
update-client,update,1.062042000000929
update-client,update,1.0082910000051015
update-client,update,1.0737080000353671
update-client,update,0.735832999964714
update-client,update,0.750958000026003
update-client,update,0.7045839999477721
update-client,update,1.1326670000357808
update-client,update,1.0405830000195238
update-client,update,0.9268750000046566
update-client,update,0.9152910000125303
update-client,update,1.1609579999571906
update-client,update,2.0520420000025297
update-client,update,0.8985409999695548
update-client,update,0.9312500000078217
update-client,update,1.701792000005753
update-client,update,0.7540830000039023
update-client,update,1.5814169999543992
update-client,update,0.9134579999567904
update-client,update,1.1484999999993306
update-client,update,0.917791999995643
update-client,update,1.2210000000436594
update-client,update,1.135874999988573
update-client,update,1.1820419999821752
update-client,update,1.2449579999724847
update-client,update,1.043124999966949
update-client,update,0.8842500000127984
update-client,update,1.4187920000381382
update-client,update,2.0284159999732765
update-client,update,1.0317079999708767
update-client,update,0.7417499999746724
update-client,update,0.9231249999857027
update-client,update,1.0467500000004293
update-client,update,1.3181659999759177
update-client,update,0.7360839999819291
update-client,update,1.1626670000168815
update-client,update,1.66037500002858
update-client,update,1.0321670000053018
update-client,update,0.51008399998409
update-client,update,1.0678329999791458
update-client,update,0.7946660000470729
update-client,update,0.9942080000087117
update-client,update,2.1947919999547594
update-client,update,1.1685000000056789
update-client,update,0.7022080000069764
update-client,update,0.890874999981861
update-client,update,1.739874999998392
update-client,update,0.7177919999890037
update-client,update,0.8917910000150187
update-client,update,1.1197499999866523
update-client,update,1.06408400000646
update-client,update,0.9114580000186834
update-client,update,1.3232500000412983
update-client,update,0.769375000004402
update-client,update,1.030791000005138
update-client,update,1.3862499999959255
update-client,update,8.073082999999315
update-client,update,1.3843339999652926
update-client,update,1.5526669999985643
update-client,update,1.2064580000128444
update-client,update,0.782125000000633
update-client,update,0.9581250000110231
update-client,update,1.6990830000054302
update-client,update,1.6847920000486738
update-client,update,1.2258330000349815
update-client,update,0.9042500000191467
update-client,update,0.7076250000181972
update-client,update,0.9600000000205
update-client,update,1.3622499999996762
update-client,update,0.7165419999637379
update-client,update,0.7322920000092381
update-client,update,1.2682920000202103
update-client,update,1.0296250000010332
update-client,update,1.8801659999780895
update-client,update,1.2075000000209002
update-client,update,1.0869169999523365
update-client,update,0.6303750000142827
update-client,update,1.0817909999900621
update-client,update,3.383999999982734
update-client,update,1.0927920000085578
update-client,update,1.0500000000206455
update-client,update,0.9442920000424238
update-client,update,2.097333000051549
update-client,update,1.9067090000248754
update-client,update,0.6342500000187101
update-client,update,0.8610419999968144
update-client,update,1.603832999990118
update-client,update,1.2687089999872114
update-client,update,0.9190419999640653
update-client,update,0.7985830000052374
update-client,update,1.3632910000183074
update-client,update,1.4382919999889054
update-client,update,0.7124580000095193
update-client,update,1.0480839999900127
update-client,update,1.6004170000201157
update-client,update,1.7764170000305057
update-client,update,0.7352920000016638
update-client,update,1.2323750000291511
update-client,update,0.7883749999564316
update-client,update,1.230040999985249
update-client,update,0.8850419999930637
update-client,update,1.1528340000381831
update-client,update,0.644042000033096
update-client,update,1.2451659999896947
update-client,update,0.9822920000033264
update-client,update,1.108291999969424
update-client,update,1.1822079999888047
update-client,update,1.624792000029629
update-client,update,1.1548749999974461
update-client,update,1.2849579999851812
update-client,update,0.9866249999959109
update-client,update,2.5275419999957194
update-client,update,1.2948749999850406
update-client,update,1.5256670000098893
update-client,update,1.5106669999909172
update-client,update,1.7909579999582093
update-client,update,1.0337919999869882
update-client,update,0.5913339999779055
update-client,update,0.5607079999663256
update-client,update,0.7123329999672023
update-client,update,0.5761670000197228
update-client,update,1.6854999999509346
update-client,update,0.5329579999511225
update-client,update,1.4202919999775077
update-client,update,0.914082999997845
update-client,update,0.9425000000078398
update-client,update,1.1752919999707956
update-client,update,0.786042000015641
update-client,update,0.9770409999987351
update-client,update,0.7007499999645006
update-client,update,1.5041249999967476
update-client,update,1.2795830000413844
update-client,update,1.5873330000317765
update-client,update,1.0912500000017644
update-client,update,0.9786249999592656
update-client,update,2.059125000016593
update-client,update,1.3111669999830156
update-client,update,0.7044580000297174
update-client,update,0.7341249999512911
update-client,update,0.7694999999898755
update-client,update,1.7367500000204927
update-client,update,0.9785419999843725
update-client,update,0.8376249999741958
update-client,update,0.8452920000081576
update-client,update,1.0064999999599422
update-client,update,1.183374999982334
update-client,update,0.9480420000045342
update-client,update,1.0221250000199689
update-client,update,0.8467080000400529
update-client,update,3.658083000004808
update-client,update,3.2397079999668676
update-client,update,3.0679170000098566
update-client,update,1.3726249999876927
update-client,update,2.0832089999771597
update-client,update,0.7486659999926815
update-client,update,1.2062080000418973
update-client,update,0.8914160000017546
update-client,update,1.0530409999773838
update-client,update,0.7169170000338454
update-client,update,1.4461670000400773
update-client,update,3.174625000042397
update-client,update,1.4413749999562242
update-client,update,1.7269580000061069
update-client,update,2.0444169999791484
update-client,update,1.1078329999918424
update-client,update,1.0183329999904345
update-client,update,1.1120829999526904
update-client,update,1.112583999997696
update-client,update,0.9370420000323065
update-client,update,0.6107500000211985
update-client,update,1.2585000000058244
update-client,update,1.118541999971967
update-client,update,1.5047079999703783
update-client,update,1.0028330000295682
update-client,update,0.6029580000017631
update-client,update,0.8582919999753358
update-client,update,1.1537909999788099
update-client,update,2.452333999997336
update-client,update,0.8517079999705857
update-client,update,2.2052499999745123
update-client,update,1.016124999978274
update-client,update,1.144583000041166
update-client,update,1.6684999999938555
update-client,update,1.0876669999788646
update-client,update,1.0973750000289328
update-client,update,2.61854199999334
update-client,update,2.072708000014245
update-client,update,1.0136250000414293
update-client,update,0.7542920000105369
update-client,update,0.7249170000136473
update-client,update,0.7810000000176842
update-client,update,0.5801660000201991
update-client,update,1.4947079999956259
update-client,update,1.2862089999998716
update-client,update,1.007875000027525
update-client,update,0.7212920000370104
update-client,update,0.740124999992986
update-client,update,1.9947910000155389
update-client,update,1.837958000010076
update-client,update,0.984832999961327
update-client,update,0.721708000014587
update-client,update,0.9547500000053333
update-client,update,0.7504170000061094
update-client,update,1.4419169999655423
update-client,update,1.3349169999514743
update-client,update,0.7513340000286917
update-client,update,0.5949579999651178
update-client,update,1.746125000011034
update-client,update,0.7542089999788004
update-client,update,1.3097919999722762
update-client,update,1.967583000009654
update-client,update,1.2327499999855718
update-client,update,0.5597500000362743
update-client,update,0.727750000010019
update-client,update,1.6816250000033506
update-client,update,1.093625000009979
update-client,update,1.862709000022278
update-client,update,2.628707999974722
update-client,update,1.2147500000310174
update-client,update,1.1303329999918788
update-client,update,1.0357090000070457
update-client,update,0.8975000000077671
update-client,update,1.2161249999849133
update-client,update,1.371584000025905
update-client,update,1.11729100001412
update-client,update,0.813541000013629
update-client,update,1.4247909999767217
update-client,update,0.652500000001055
update-client,update,0.6970000000023902
update-client,update,1.3687910000044212
update-client,update,1.7563330000029964
update-client,update,0.8914580000123351
update-client,update,1.3386670000272716
update-client,update,0.7785000000239961
update-client,update,0.8599169999570222
update-client,update,1.5592500000138898
update-client,update,1.148290999992696
update-client,update,1.1266660000046613
update-client,update,0.9294580000300812
update-client,update,1.1495420000073864
update-client,update,0.9052499999597785
update-client,update,1.0628329999917696
update-client,update,0.8246660000281736
update-client,update,1.0287910000101874
update-client,update,1.064541999994617
update-client,update,1.7029999999635947
update-client,update,1.2162500000272303
update-client,update,1.1180000000194923
update-client,update,0.757082999996328
update-client,update,0.8984169999735059
update-client,update,1.28454100001818
update-client,update,1.0067080000339956
update-client,update,1.1555000000385007
update-client,update,1.5360419999979058
update-client,update,1.162249999993037
update-client,update,1.7645420000462764
update-client,update,1.1727500000233704
update-client,update,1.0639580000315618
update-client,update,0.7664590000331373
update-client,update,0.7652909999933399
update-client,update,0.859124999976757
update-client,update,2.6807919999782825
update-client,update,0.8886250000159635
update-client,update,0.813332999996419
update-client,update,0.8318750000171349
update-client,update,0.6557919999750084
update-client,update,1.4388750000193795
update-client,update,1.026582999998027
update-client,update,1.346167000008336
update-client,update,0.8522920000473277
update-client,update,1.0861249999720712
update-client,update,1.2045000000284745
update-client,update,0.924458000042705
update-client,update,1.2852500000235523
update-client,update,0.9632910000050288
update-client,update,0.681333999978051
update-client,update,1.2547080000331334
update-client,update,1.094082999998136
update-client,update,0.9927500000230793
update-client,update,0.8693749999792999
update-client,update,2.4235839999846576
update-client,update,1.1989999999855172
update-client,update,0.7602500000416512
update-client,update,1.1971669999866208
update-client,update,0.7500409999465774
update-client,update,0.9237919999804944
update-client,update,1.2073750000354266
update-client,update,1.284042000008867
update-client,update,0.8960840000327153
update-client,update,0.6655410000462325
update-client,update,0.5942499999491702
update-client,update,1.9465419999846745
update-client,update,2.0145409999940966
update-client,update,1.1063749999493666
update-client,update,1.4015419999964251
update-client,update,3.660708000040813
update-client,update,2.4563329999978123
update-client,update,0.832916000035766
update-client,update,0.9813330000270071
update-client,update,1.1014579999937268
update-client,update,0.8419170000024678
update-client,update,1.2367499999754727
update-client,update,0.9667080000212991
update-client,update,0.8641659999852891
update-client,update,1.7949589999943782
update-client,update,1.0943330000259266
update-client,update,0.799291000021185
update-client,update,0.6900000000200635
update-client,update,0.9442079999644193
update-client,update,1.4794999999594438
update-client,update,1.2666669999816804
update-client,update,1.7633749999959036
update-client,update,0.9043329999940397
update-client,update,1.0774579999974776
update-client,update,0.8315420000144513
update-client,update,0.7804580000083661
update-client,update,0.6340419999446567
update-client,update,1.4090000000237524
update-client,update,1.1534169999549704
update-client,update,1.7708330000232309
update-client,update,1.1241670000003978
update-client,update,1.1627499999917745
update-client,update,0.7679999999936626
update-client,update,1.1414999999601605
update-client,update,1.7364579999821217
update-client,update,1.2969580000117276
update-client,update,2.5376670000127888
update-client,update,0.6690000000162399
update-client,update,0.7059589999585114
update-client,update,0.8568330000002788
update-client,update,0.6140830000163078
update-client,update,1.0842920000300182
update-client,update,1.3539579999815032
update-client,update,1.2956670000221493
update-client,update,1.1742500000195832
update-client,update,1.3579580000282476
update-client,update,0.993625000035081
update-client,update,1.1048750000099972
update-client,update,1.1729170000194244
update-client,update,0.769542000000456
update-client,update,1.0723330000246278
update-client,update,1.1919159999820295
update-client,update,1.4122079999765447
update-client,update,1.1771669999802725
update-client,update,2.8857080000079804
update-client,update,1.850749999960044
update-client,update,0.884750000011536
update-client,update,0.9948750000035034
update-client,update,0.7376670000098784
update-client,update,0.7201660000077936
update-client,update,1.2156669999967562
update-client,update,1.4191249999839783
update-client,update,1.0740419999706319
update-client,update,0.9582080000427595
update-client,update,0.8387919999677251
update-client,update,1.6982920000145896
update-client,update,2.018875000032949
update-client,update,1.8130839999912496
update-client,update,0.944874999959211
update-client,update,0.849292000054902
update-client,update,1.7070409999746516
update-client,update,1.4541250000092987
update-client,update,1.5984579999894777
update-client,update,2.1400420000077247
update-client,update,1.8201670000053127
update-client,update,1.3825419999875521
update-client,update,1.127083000028506
update-client,update,2.17262500001425
update-client,update,0.8432089999814707
update-client,update,0.5904170000121667
update-client,update,1.12725000002456
update-client,update,1.8603330000246387
update-client,update,1.574582999978702
update-client,update,1.1820839999927557
update-client,update,1.2219170000093982
update-client,update,1.4100829999961206
update-client,update,0.7266670000376507
update-client,update,1.1073329999931047
update-client,update,1.2016669999752594
update-client,update,1.0354169999686746
update-client,update,1.3052499999730571
update-client,update,1.3220000000160326
update-client,update,1.2347919999911028
update-client,update,0.91770900002075
update-client,update,0.9349590000056196
update-client,update,0.9270829999650232
update-client,update,1.068750000001728
update-client,update,1.3703330000112146
update-client,update,2.394041999991714
update-client,update,1.1242919999858714
update-client,update,1.4504579999652378
update-client,update,1.1571659999844996
update-client,update,1.2615829999731432
update-client,update,1.0676660000399352
update-client,update,1.2297909999574586
update-client,update,1.1406250000050022
update-client,update,0.8529159999852709
update-client,update,0.7472089999964737
update-client,update,0.9009579999883499
update-client,update,1.0650419999933547
update-client,update,1.38666700001977
update-client,update,1.3371670000310587
update-client,update,1.0945000000219807
update-client,update,1.3654589999987365
update-client,update,0.8105420000106278
update-client,update,0.9805830000004789
update-client,update,1.434416999984478
update-client,update,1.0257499999966058
update-client,update,3.4457090000046264
update-client,update,1.0642919999668266
update-client,update,0.838583000017934
update-client,update,0.6757910000487755
update-client,update,1.1790830000109054
update-client,update,0.974124999970627
update-client,update,0.7632080000234964
update-client,update,1.2890840000068238
update-client,update,1.181334000023071
update-client,update,0.7525000000327964
update-client,update,0.8165419999954793
update-client,update,0.9854169999812257
update-client,update,1.7757919999894511
update-client,update,0.9914170000229205
update-client,update,1.1521659999971234
update-client,update,1.2245839999991404
update-client,update,0.8789589999764758
update-client,update,2.4073330000078386
update-client,update,0.976583000010578
update-client,update,1.1427499999854263
update-client,update,1.1906670000030317
update-client,update,1.093625000009979
update-client,update,1.123415999984445
update-client,update,2.0787079999990965
update-client,update,1.6305839999972704
update-client,update,1.058333000003131
update-client,update,0.7472500000176296
update-client,update,1.3895419999698788
update-client,update,1.4171669999996084
update-client,update,1.4161670000021331
update-client,update,1.2924579999662456
update-client,update,0.7677919999764526
update-client,update,0.5265000000349573
update-client,update,1.7007089999765412
update-client,update,0.8309590000408207
update-client,update,0.4766249999761385
update-client,update,1.915250000024571
update-client,update,0.9688749999554602
update-client,update,2.0777080000016213
update-client,update,4.501917000027333
update-client,update,1.392583999972885
update-client,update,1.0895000000346045
update-client,update,1.1098339999762175
update-client,update,1.0116250000464788
update-client,update,1.141500000017004
update-client,update,1.281707999964965
update-client,update,0.7385000000112996
update-client,update,1.2894580000306632
update-client,update,0.6451670000160448
update-client,update,3.4470840000153657
update-client,update,0.8355420000043523
update-client,update,0.9198750000223299
update-client,update,1.5137910000362353
update-client,update,0.7402080000247224
update-client,update,0.9595419999754995
update-client,update,0.8595830000217575
update-client,update,0.7618330000127571
update-client,update,1.0010830000055648
update-client,update,1.1073329999931047
update-client,update,1.3399580000168498
update-client,update,1.047833000029641
update-client,update,0.7895830000279602
update-client,update,2.4637089999828277
update-client,update,0.8849170000075901
update-client,update,2.263792000007925
update-client,update,2.3878750000108084
update-client,update,2.2193749999814827
update-client,update,1.183791000016754
update-client,update,1.0278750000338732
update-client,update,2.397290999965662
update-client,update,0.9589999999661813
update-client,update,1.0619999999903484
update-client,update,0.7845419999625847
update-client,update,0.8571249999818065
update-client,update,1.4807499999847096
update-client,update,0.9455000000002656
update-client,update,0.9254999999939173
update-client,update,0.6351250000307118
update-client,update,1.1220839999737109
update-client,update,1.5510000000062973
update-client,update,0.8780829999750495
update-client,update,1.3704590000429562
update-client,update,1.313292000020283
update-client,update,0.819958000022325
update-client,update,0.8768329999497837
update-client,update,1.507750000030228
update-client,update,2.6896659999806616
update-client,update,1.3154579999650196
update-client,update,0.8435830000053102
update-client,update,0.6654580000144961
update-client,update,2.323041000011017
update-client,update,1.6264170000113154
update-client,update,1.6545419999829392
update-client,update,1.2293330000261449
update-client,update,2.729375000001255
update-client,update,1.2077910000130032
update-client,update,0.5512500000008913
update-client,update,1.41166600002407
update-client,update,0.9387910000100419
update-client,update,0.903290999985984
update-client,update,1.0442089999855853
update-client,update,1.467916999956742
update-client,update,1.1863329999641792
update-client,update,0.8246670000175982
update-client,update,0.7158750000257896
update-client,update,0.9329999999749816
update-client,update,0.9126250000122127
update-client,update,0.8774589999802629
update-client,update,1.0365830000296228
update-client,update,0.6100829999695634
update-client,update,0.8647500000051878
update-client,update,0.6783329999962007
update-client,update,0.815750000015214
update-client,update,1.0920830000031856
update-client,update,1.1658750000265172
update-client,update,0.7134999999607317
update-client,update,1.223167000034664
update-client,update,2.7452499999753854
update-client,update,1.365249999992102
update-client,update,0.9972500000117179
update-client,update,0.7913750000057007
update-client,update,1.4498749999916072
update-client,update,1.058207999960814
update-client,update,1.906916999985242
update-client,update,1.677374999985659
update-client,update,0.9172919999969054
update-client,update,0.8735000000115178
update-client,update,0.6663330000264978
update-client,update,1.3269579999928283
update-client,update,2.1372499999756656
update-client,update,1.5063750000194887
update-client,update,2.0249589999821183
update-client,update,1.313125000024229
update-client,update,0.7259999999860156
update-client,update,0.6440000000225155
update-client,update,0.8492500000443215
update-client,update,1.4570410000374068
update-client,update,1.6135409999833428
update-client,update,0.8136669999885271
update-client,update,0.8564579999870148
update-client,update,0.5747920000089835
update-client,update,0.6116250000332002
update-client,update,1.286166999989291
update-client,update,0.8495000000152686
update-client,update,0.6554999999934807
update-client,update,0.6836250000219479
update-client,update,1.2012500000082582
update-client,update,1.429666999968049
update-client,update,1.0422920000223712
update-client,update,1.3610000000312539
update-client,update,0.8285830000431815
update-client,update,1.8057919999705518
update-client,update,1.3554590000239841
update-client,update,0.8205419999853802
update-client,update,0.7391669999492478
update-client,update,1.1530410000091251
update-client,update,1.275958000007904
update-client,update,0.8980419999602418
update-client,update,1.9674170000030244
update-client,update,3.429084000003968
update-client,update,0.6962079999652815
update-client,update,1.1874580000039714
update-client,update,0.7191249999891625
update-client,update,1.024540999992496
update-client,update,1.0230419999857077
update-client,update,0.9859580000011192
update-client,update,1.5565420000029917
update-client,update,1.4937919999624683
update-client,update,1.3059579999890047
update-client,update,2.1043749999876127
update-client,update,1.2030419999859987
update-client,update,0.9302500000103464
update-client,update,0.8180419999916921
update-client,update,0.8664159999511867
update-client,update,8.367582999994738
update-client,update,1.262832999998409
update-client,update,1.9999170000346567
update-client,update,1.0533750000263353
update-client,update,0.7242500000188556
update-client,update,0.56429199997865
update-client,update,0.9817499999940082
update-client,update,0.7472089999964737
update-client,update,1.1301250000315122
update-client,update,1.3640419999774167
update-client,update,1.009624999994685
update-client,update,1.2859579999826565
update-client,update,1.8553339999698437
update-client,update,1.4550420000318809
update-client,update,0.8812500000203727
update-client,update,1.1218750000239197
update-client,update,0.9738340000353674
update-client,update,1.526167000008627
update-client,update,1.0350410000228294
update-client,update,1.6683329999978014
update-client,update,0.9064159999638832
update-client,update,0.658541999996487
update-client,update,1.8047919999730766
update-client,update,2.8749159999961194
update-client,update,0.8335829999737143
update-client,update,0.8072080000260939
update-client,update,1.1497919999783335
update-client,update,1.1241249999898173
update-client,update,1.1899579999976595
update-client,update,0.6980419999536025
update-client,update,0.533500000017284
update-client,update,0.8705839999834097
update-client,update,1.2056249999545798
update-client,update,0.9387079999783055
update-client,update,1.3804589999608652
update-client,update,5.649207999965711
update-client,update,1.6517089999865675
update-client,update,2.403999999955886
update-client,update,0.591790999976638
update-client,update,0.9264999999913925
update-client,update,0.8333339999921918
update-client,update,0.7931250000297041
update-client,update,1.9104579999975613
update-client,update,0.8177500000101645
update-client,update,1.0553329999538619
update-client,update,1.8699999999967076
update-client,update,2.6505419999693913
update-client,update,1.7070000000103391
update-client,update,1.0805420000110644
update-client,update,1.6119580000122369
update-client,update,1.4142499999820757
update-client,update,0.8497919999967962
update-client,update,1.5759590000357093
update-client,update,0.9690420000083577
update-client,update,0.49833300005275305
update-client,update,0.5959169999982805
update-client,update,0.4529170000182603
update-client,update,1.8007500000294385
update-client,update,1.7418749999933425
update-client,update,1.3957499999719403
update-client,update,0.8037080000349306
update-client,update,0.827916999980971
update-client,update,0.82412500000828
update-client,update,1.181542000040281
update-client,update,1.5275420000193662
update-client,update,1.3288749999560423
update-client,update,1.060457999983555
update-client,update,1.098082999988037
update-client,update,0.8814999999913198
update-client,update,1.136083000005783
update-client,update,0.8259169999860205
update-client,update,1.3036249999913707
update-client,update,1.2968749999799911
update-client,update,0.5444999999895117
update-client,update,0.5783330000213027
update-client,update,0.7318749999853935
update-client,update,0.47091699997281466
update-client,update,1.259000000004562
update-client,update,1.043499999980213
update-client,update,0.7880410000211668
update-client,update,0.9016249999831416
update-client,update,0.6730829999810339
update-client,update,0.6753330000037749
update-client,update,1.5906250000057298
update-client,update,1.3430830000515925
update-client,update,1.2152089999517557
update-client,update,0.9340420000398808
update-client,update,1.1185420000288104
update-client,update,1.1182499999904394
update-client,update,0.7187090000115859
update-client,update,0.37487499997723717
update-client,update,0.5056669999703445
update-client,update,0.82412500000828
update-client,update,1.1322499999550928
update-client,update,0.7399579999969319
update-client,update,0.6455420000293088
update-client,update,0.6768329999999878
update-client,update,0.48683400001436894
update-client,update,0.5816249999952561
update-client,update,0.7436669999947298
update-client,update,1.0402089999956843
update-client,update,0.7659999999987122
update-client,update,0.5425420000051417
update-client,update,0.5861249999838947
update-client,update,0.44945799999140945
update-client,update,0.4215829999907328
update-client,update,1.0459589999527452
update-client,update,0.8164159999637377
update-client,update,0.650459000041792
update-client,update,0.5557920000001104
update-client,update,0.6387919999610858
update-client,update,0.6247080000321148
update-client,update,0.551916999995683
update-client,update,0.4117089999908785
update-client,update,0.6175000000325781
update-client,update,0.37712499999997817
update-client,update,0.4919579999977941
update-client,update,0.792166999985966
update-client,update,1.0254999999688152
update-client,update,0.727624999967702
update-client,update,0.8574999999950705
update-client,update,0.6314170000223385
update-client,update,1.210749999984273
update-client,update,1.9827919999784172
update-client,update,1.005707999979677
update-client,update,1.35704199999509
update-client,update,0.8779579999895759
update-client,update,1.173209000000952
update-client,update,1.178999999979169
update-client,update,1.6932910000377888
update-client,update,0.7716669999808801
update-client,update,0.7928750000019136
update-client,update,1.1494999999968059
update-client,update,0.740625000048567
update-client,update,1.1947500000246691
update-client,update,1.051625000002332
update-client,update,1.1890829999856578
update-client,update,0.8564999999975953
update-client,update,1.1043339999901036
update-client,update,1.9358750000151304
update-client,update,1.0571669999990263
update-client,update,0.45962499996221595
update-client,update,0.6609170000047015
update-client,update,0.7171670000047925
update-client,update,0.4840000000285727
update-client,update,0.5372910000005504
update-client,update,0.7639169999720252
update-client,update,0.5471249999686734
update-client,update,0.5578749999699539
update-client,update,0.7343330000253445
update-client,update,0.4447500000424043
update-client,update,0.4948330000047463
update-client,update,1.010457999996106
update-client,update,0.865624999960346
update-client,update,0.8287499999823922
update-client,update,0.6644999999707579
update-client,update,0.9499170000140111
update-client,update,0.9165839999809577
update-client,update,0.8848340000326971
update-client,update,0.5625000000009095
update-client,update,0.9991249999643514
update-client,update,0.6821250000257351
update-client,update,0.4807079999977759
update-client,update,0.8129170000188424
update-client,update,1.2626669999917794
update-client,update,0.5820830000402566
update-client,update,0.6365830000163442
update-client,update,1.7840419999970436
update-client,update,0.568708000002971
update-client,update,0.49837500000649015
update-client,update,0.8371250000323016
update-client,update,1.1177499999917018
update-client,update,1.281416999972862
update-client,update,2.021083999977691
update-client,update,1.4879589999736709
update-client,update,1.5268749999677311
update-client,update,1.9636669999840706
update-client,update,1.2897500000121909
update-client,update,0.9357499999964602
update-client,update,1.0300000000142973
update-client,update,3.0548330000215174
update-client,update,1.5424590000066019
update-client,update,1.192042000013771
update-client,update,1.4931670000351005
update-client,update,2.946167000004607
update-client,update,0.6605000000377004
update-client,update,1.248750000002019
update-client,update,1.5219580000120914
update-client,update,1.0381249999795727
update-client,update,1.1204159999920194
update-client,update,0.9586250000097607
update-client,update,1.5816250000284526
update-client,update,1.1255829999754496
update-client,update,1.6409170000315498
update-client,update,0.8865419999892765
update-client,update,1.954958999988321
update-client,update,0.8022499999924548
update-client,update,1.1794999999779066
update-client,update,0.7177499999784231
update-client,update,1.229500000022199
update-client,update,0.748499999986052
update-client,update,0.7347910000135016
update-client,update,1.093916000002082
update-client,update,1.2335409999764124
update-client,update,0.815457999976843
update-client,update,1.1175829999956477
update-client,update,0.9624160000498705
update-client,update,1.8813749999821994
update-client,update,0.8778750000146829
update-client,update,1.33833299997832
update-client,update,0.8641669999747137
update-client,update,0.5957500000022264
update-client,update,0.8054580000020906
update-client,update,2.081416999999419
update-client,update,1.0047079999822017
update-client,update,1.1452079999685338
update-client,update,1.5942919999929472
update-client,update,0.9306250000236105
update-client,update,1.4437499999644388
update-client,update,0.738291000004665
update-client,update,0.8824580000350579
update-client,update,0.8368329999939306
update-client,update,0.9881660000132797
update-client,update,1.0634589999654054
update-client,update,0.9034170000177255
update-client,update,0.9453330000042115
update-client,update,1.020874999994703
update-client,update,0.9216670000000704
update-client,update,0.8579590000294957
update-client,update,1.0940830000549795
update-client,update,1.1095830000158458
update-client,update,1.154041999996025
update-client,update,0.7769579999603593
update-client,update,1.2290829999983544
update-client,update,0.9865829999853304
update-client,update,0.865541999985453
update-client,update,0.685750000002372
update-client,update,0.8563330000015412
update-client,update,0.987082999984068
update-client,update,0.9041669999874102
update-client,update,1.0018750000426735
update-client,update,0.7600420000244412
update-client,update,1.047625000012431
update-client,update,0.6834170000047379
update-client,update,0.9855419999666992
update-client,update,1.0896659999843905
update-client,update,1.2490000000298096
update-client,update,1.4027910000322663
update-client,update,0.9392079999770431
update-client,update,0.9191660000169577
update-client,update,1.0052920000021004
update-client,update,0.610291999976198
update-client,update,1.048291000017798
update-client,update,2.1631660000025477
update-client,update,1.7664169999989099
update-client,update,1.4963329999773123
update-client,update,1.146333000008326
update-client,update,1.2770830000476963
update-client,update,0.6783340000424687
update-client,update,0.9194589999879099
update-client,update,0.8727499999849897
update-client,update,0.9439579999934722
update-client,update,1.9544589999895834
update-client,update,0.7271249999689644
update-client,update,0.9269160000258125
update-client,update,1.007958000002418
update-client,update,2.143791999969835
update-client,update,0.6737089999546697
update-client,update,0.6147919999648366
update-client,update,1.0565000000042346
update-client,update,0.7875409999655858
update-client,update,1.9812920000390477
update-client,update,0.6717090000165626
update-client,update,0.7504580000272654
update-client,update,0.6205829999998969
update-client,update,0.9723329999928865
update-client,update,1.681292000000667
update-client,update,1.0258749999820793
update-client,update,0.9454590000359531
update-client,update,0.9707080000112001
update-client,update,0.9200829999826965
update-client,update,0.641959000006409
update-client,update,1.3963750000129949
update-client,update,0.8339579999869784
update-client,update,0.9715000000483087
update-client,update,1.4484579999702873
update-client,update,0.911541999983001
update-client,update,0.9083749999945212
update-client,update,1.3330829999631533
update-client,update,0.7972920000156591
update-client,update,0.9645420000197191
update-client,update,0.938749999988886
update-client,update,1.8309579999709058
update-client,update,1.0880419999921287
update-client,update,1.3629160000050433
update-client,update,1.1154590000046483
update-client,update,0.7651249999867105
update-client,update,0.5380000000059226
update-client,update,1.5047499999809588
update-client,update,1.4505409999969743
update-client,update,1.0339159999830372
update-client,update,0.9188750000248547
update-client,update,1.5354579999780071
update-client,update,0.7683750000069267
update-client,update,1.2604170000258819
update-client,update,1.3032079999675261
update-client,update,1.0352499999726206
update-client,update,0.7079999999746178
update-client,update,1.2667920000239974
update-client,update,0.8585420000031263
update-client,update,0.5109170000423546
update-client,update,0.9924579999847083
update-client,update,0.5972910000195952
update-client,update,1.288000000045031
update-client,update,2.0460000000070977
update-client,update,1.1053750000087348
update-client,update,1.1092500000131622
update-client,update,1.3304999999945721
update-client,update,1.8683330000044407
update-client,update,0.8157920000257946
update-client,update,0.6649999999694955
update-client,update,0.838249999958407
update-client,update,0.9352499999977226
update-client,update,1.0429579999708949
update-client,update,1.9378329999995003
update-client,update,1.0507079999797497
update-client,update,1.99499999996533
update-client,update,1.2395840000181124
update-client,update,1.1097080000013193
update-client,update,0.8089579999932539
update-client,update,1.3573330000440365
update-client,update,1.026374999980817
update-client,update,1.4074590000063836
update-client,update,0.9972080000011374
update-client,update,1.4909170000123595
update-client,update,0.8834170000113772
update-client,update,0.9817499999940082
update-client,update,1.6321669999683763
update-client,update,1.1872499999867614
update-client,update,1.8684169999687583
update-client,update,1.6299170000024787
update-client,update,1.3748749999535903
update-client,update,1.8767909999723997
update-client,update,1.0862500000143882
update-client,update,1.4017500000136351
update-client,update,1.2833330000034948
update-client,update,1.0275829999955022
update-client,update,0.9000420000120357
update-client,update,0.7282079999981761
update-client,update,0.9759580000263668
update-client,update,1.0205830000131755
update-client,update,2.2617079999918133
update-client,update,0.7341250000081345
update-client,update,0.8715409999808799
update-client,update,0.8830419999981132
update-client,update,0.8076249999930951
update-client,update,0.9148340000137978
update-client,update,0.5755000000249311
update-client,update,1.1134999999740103
update-client,update,1.3915000000110922
update-client,update,1.1190000000169675
update-client,update,0.7940000000417058
update-client,update,0.8290000000101827
update-client,update,5.701249999958691
update-client,update,1.1193749999733882
update-client,update,1.2054999999691063
update-client,update,0.8016250000082437
update-client,update,0.8850000000393266
update-client,update,0.7844169999771111
update-client,update,0.6387500000073487
update-client,update,1.070707999986098
update-client,update,1.5804999999886604
update-client,update,0.911958000017421
update-client,update,1.0376669999914157
update-client,update,0.8019999999646643
update-client,update,1.073125000004893
update-client,update,1.4267089999862037
update-client,update,1.1437499999829015
update-client,update,1.7551669999988917
update-client,update,1.242625000031694
update-client,update,0.7976250000183427
update-client,update,0.6143749999978354
update-client,update,0.7664170000225567
update-client,update,1.0692500000004657
update-client,update,1.501292000000376
update-client,update,1.054250000038337
update-client,update,1.5907499999912034
update-client,update,0.7127499999910469
update-client,update,0.8852500000102737
update-client,update,1.3556250000306136
update-client,update,3.3344580000402857
update-client,update,1.4029160000177399
update-client,update,1.1280420000048252
update-client,update,0.8444580000173119
update-client,update,1.371374999962427
update-client,update,1.1947919999784062
update-client,update,1.733750000028067
update-client,update,1.0721250000074178
update-client,update,0.8324589999801901
update-client,update,1.0692919999542028
update-client,update,1.6963749999945321
update-client,update,1.0663749999935135
update-client,update,1.718832999983988
update-client,update,1.0456250000174805
update-client,update,0.6654999999682332
update-client,update,1.4487919999623955
update-client,update,1.1451249999936408
update-client,update,0.9089999999787324
update-client,update,0.9520829999587477
update-client,update,1.0349159999805124
update-client,update,1.074625000001106
update-client,update,3.1080420000080267
update-client,update,1.1799170000017511
update-client,update,1.2419999999906395
update-client,update,0.7077500000036707
update-client,update,0.9862079999720663
update-client,update,1.1801659999832737
update-client,update,0.8629170000062913
update-client,update,1.1259999999992942
update-client,update,1.3858330000289243
update-client,update,0.7279999999809661
update-client,update,1.603750000015225
update-client,update,0.7828750000271611
update-client,update,1.0342080000214082
update-client,update,0.9884579999948073
update-client,update,0.7510829999546331
update-client,update,1.3053749999585307
update-client,update,0.864000000035503
update-client,update,0.7289160000141237
update-client,update,1.6910409999582043
update-client,update,1.2400420000062695
update-client,update,1.5837090000445642
update-client,update,0.8226669999658043
update-client,update,0.8373329999926682
update-client,update,1.7024590000005446
update-client,update,3.1795419999980368
update-client,update,1.0242920000109734
update-client,update,1.7225830000029418
update-client,update,1.068624999959411
update-client,update,0.6889999999657448
update-client,update,1.357083000016246
update-client,update,0.9456670000531631
update-client,update,0.8203749999893262
update-client,update,1.2976670000170998
update-client,update,1.0860419999971782
update-client,update,2.0017080000229726
update-client,update,3.342207999992297
update-client,update,1.128624999978456
update-client,update,1.072665999970468
update-client,update,1.049749999992855
update-client,update,1.3502499999731299
update-client,update,1.3402499999983775
update-client,update,0.788375000013275
update-client,update,0.6868749999853208
update-client,update,1.0380000000509426
update-client,update,0.8394579999730922
update-client,update,1.2847090000036587
update-client,update,0.8917910000150187
update-client,update,0.9672499999737738
update-client,update,1.2508749999824431
update-client,update,2.126792000012756
update-client,update,1.07674999998153
update-client,update,0.8887919999551741
update-client,update,1.2413340000421158
update-client,update,1.2894170000095073
update-client,update,1.5208339999617237
update-client,update,1.146124999991116
update-client,update,0.7290839999996024
update-client,update,0.6394160000127158
update-client,update,3.7976660000254014
update-client,update,0.9801669999660589
update-client,update,0.9652500000356667
update-client,update,0.6232090000253265
update-client,update,0.7874159999801122
update-client,update,0.9502089999955388
update-client,update,1.064958000029037
update-client,update,1.1221659999591793
update-client,update,0.683874999992895
update-client,update,1.3142080000534406
update-client,update,0.8253330000229653
update-client,update,1.2217920000239246
update-client,update,1.7724589999943419
update-client,update,1.6418750000184446
update-client,update,0.9298339999759264
update-client,update,0.6622079999942798
update-client,update,1.351375000012922
update-client,update,1.810459000012088
update-client,update,1.0709169999927326
update-client,update,0.8080420000169397
update-client,update,1.9721669999626101
update-client,update,2.6121250000414875
update-client,update,0.9162499999888496
update-client,update,0.9267920000297636
update-client,update,1.2775419999684345
update-client,update,0.5830420000165759
update-client,update,1.6389590000471799
update-client,update,0.7676669999909791
update-client,update,0.7160830000429996
update-client,update,0.9144169999899532
update-client,update,0.6904999999619577
update-client,update,2.1324169999843434
update-client,update,1.0242079999898124
update-client,update,0.8897079999883317
update-client,update,0.9047910000390402
update-client,update,0.8616250000272885
update-client,update,1.2702500000045802
update-client,update,0.8696250000070904
update-client,update,0.7266669999808073
update-client,update,0.8114160000332049
update-client,update,0.8742919999917831
update-client,update,1.8036250000363907
update-client,update,0.9420829999839953
update-client,update,2.098292000027868
update-client,update,0.9336249999591928
update-client,update,0.6159590000152093
update-client,update,0.8167920000232698
update-client,update,1.0385420000034173
update-client,update,0.8442920000106824
update-client,update,1.8568330000334754
update-client,update,0.765375000014501
update-client,update,1.9476669999676233
update-client,update,1.1712090000060016
update-client,update,0.9642090000170356
update-client,update,1.1002080000253045
update-client,update,0.6538330000012138
update-client,update,0.8850419999930637
update-client,update,1.2312919999999394
update-client,update,1.5801670000428203
update-client,update,1.2621250000393047
update-client,update,1.1570000000347136
update-client,update,1.3203330000237656
update-client,update,1.9537919999947917
update-client,update,0.8859579999693779
update-client,update,1.1560419999909755
update-client,update,1.0155839999583804
update-client,update,0.5222500000172658
update-client,update,1.6012499999646934
update-client,update,0.8524159999865333
update-client,update,0.7264590000204407
update-client,update,0.8422079999945709
update-client,update,0.7511250000220571
update-client,update,1.9052920000035556
update-client,update,0.9365409999873009
update-client,update,0.9146250000071632
update-client,update,0.899375000017244
update-client,update,0.7170000000087384
update-client,update,0.8896669999671758
update-client,update,1.8664579999949638
update-client,update,0.7459579999817834
update-client,update,0.7434999999986758
update-client,update,3.052334000017254
update-client,update,0.9229579999896487
update-client,update,0.8086249999905704
update-client,update,1.0819579999861162
update-client,update,0.8830830000192691
update-client,update,1.3622079999890957
update-client,update,0.7613330000140195
update-client,update,2.4757909999948424
update-client,update,0.8357500000215623
update-client,update,0.8128329999976813
update-client,update,1.099875000022621
update-client,update,0.7696249999753491
update-client,update,0.7438749999550964
update-client,update,0.8663329999762936
update-client,update,1.235915999984627
update-client,update,1.3682910000056836
update-client,update,1.1915409999687654
update-client,update,1.819500000010521
update-client,update,1.669208000009803
update-client,update,114.42016699999158
update-client,update,8.303208000029372
update-client,update,3.5393750000025648
update-client,update,1.787917000001471
update-client,update,1.6034159999662734
update-client,update,2.3097079999843118
update-client,update,1.5939999999545762
update-client,update,1.8368329999702837
update-client,update,1.7472499999939828
update-client,update,1.0907500000030268
update-client,update,1.3044170000284794
update-client,update,1.1910000000057153
update-client,update,1.973416999987876
update-client,update,1.3077919999773258
update-client,update,1.2540829999920788
update-client,update,2.474374999962947
update-client,update,1.0220409999988078
update-client,update,0.9882079999670168
update-client,update,1.5549999999961983
update-client,update,1.607999999976073
update-client,update,1.4772499999935462
update-client,update,1.6493749999995089
update-client,update,1.6973749999920074
update-client,update,1.044999999976426
update-client,update,1.5290829999798916
update-client,update,1.7407920000209742
update-client,update,0.8041669999556689
update-client,update,1.8382499999916035
update-client,update,1.2350000000083128
update-client,update,0.8697920000031445
update-client,update,0.9876670000039667
update-client,update,1.9110000000068794
update-client,update,1.2422499999615866
update-client,update,2.101999999979398
update-client,update,1.309166999988065
update-client,update,0.9578749999832326
update-client,update,1.060208000012608
update-client,update,2.0715420000101403
update-client,update,1.5573750000044129
update-client,update,0.9869160000448574
update-client,update,1.3579170000070917
update-client,update,1.0910000000308173
update-client,update,2.0865839999828495
update-client,update,0.9443749999604734
update-client,update,1.468332999991162
update-client,update,1.1841250000088621
update-client,update,1.1528750000024957
update-client,update,0.8912499999951251
update-client,update,1.1822499999993852
update-client,update,1.0982090000197786
update-client,update,1.413457999944967
update-client,update,1.0674999999764623
update-client,update,2.321250000022701
update-client,update,1.54712500000187
update-client,update,1.3843749999864485
update-client,update,0.855207999961749
update-client,update,0.9550409999974363
update-client,update,2.7522089999933996
update-client,update,1.2768330000199057
update-client,update,1.0637080000037713
update-client,update,1.2620410000181437
update-client,update,2.3204579999855923
update-client,update,1.0144170000216945
update-client,update,0.9067500000128348
update-client,update,1.2472920000163867
update-client,update,1.8451249999884567
update-client,update,1.1526250000315486
update-client,update,0.8540409999682197
update-client,update,1.8479170000205158
update-client,update,1.3600830000086717
update-client,update,1.6127079999819216
update-client,update,1.311167000039859
update-client,update,1.584333999971932
update-client,update,2.0701249999888205
update-client,update,0.9277080000060778
update-client,update,1.5105420000054437
update-client,update,1.258542000016405
update-client,update,2.348250000011376
update-client,update,1.66212499999574
update-client,update,1.7450409999923977
update-client,update,2.1714999999744578
update-client,update,1.3886659999684525
update-client,update,1.2473749999912798
update-client,update,1.0091249999959473
update-client,update,0.882334000039009
update-client,update,0.704249999955664
update-client,update,1.3608340000246244
update-client,update,0.9770419999881597
update-client,update,1.106542000002264
update-client,update,0.9134590000030585
update-client,update,0.6723330000113492
update-client,update,0.9476249999806896
update-client,update,1.0659160000159318
update-client,update,0.7198750000156906
update-client,update,0.7712920000244594
update-client,update,0.830457999995815
update-client,update,0.6025409999779185
update-client,update,1.0565420000148151
update-client,update,1.1695000000031541
update-client,update,0.780167000016263
update-client,update,0.9470829999713715
update-client,update,0.6367499999555548
update-client,update,1.3642910000157826
update-client,update,1.3420829999972739
update-client,update,0.7294580000234419
update-client,update,1.1212919999934456
update-client,update,0.5405829999745038
update-client,update,1.225374999989981
update-client,update,0.6917080000334863
update-client,update,0.8372089999966192
update-client,update,1.1852500000486543
update-client,update,0.7747080000513051
update-client,update,0.8522499999799038
update-client,update,0.6664160000013908
update-client,update,1.8317500000080145
update-client,update,0.8296249999943939
update-client,update,0.6599160000178017
update-client,update,0.6226670000160084
update-client,update,0.8262919999992846
update-client,update,1.3501250000444998
update-client,update,1.2262499999451393
update-client,update,1.1085000000434775
update-client,update,1.0427090000462158
update-client,update,0.7387499999822467
update-client,update,0.9215420000145969
update-client,update,1.2534159999972871
update-client,update,0.9319579999669259
update-client,update,1.0456250000174805
update-client,update,0.7462079999527305
update-client,update,0.8412919999614132
update-client,update,0.7210420000092199
update-client,update,1.7563330000029964
update-client,update,0.6669580000107089
update-client,update,0.9955840000088756
update-client,update,1.1784580000266942
update-client,update,0.8836250000285872
update-client,update,1.0444170000027952
update-client,update,1.7032090000270728
update-client,update,0.6180419999850528
update-client,update,0.746375000005628
update-client,update,1.4920419999953083
update-client,update,0.7988339999656091
update-client,update,0.8442920000106824
update-client,update,0.6180830000062087
update-client,update,0.8762509999655776
update-client,update,0.8607920000258673
update-client,update,1.135291999958099
update-client,update,1.5341249999778483
update-client,update,1.0712079999848356
update-client,update,1.248500000031072
update-client,update,0.5104580000079295
update-client,update,1.1534999999867068
update-client,update,0.7096249999563042
update-client,update,1.4829159999862895
update-client,update,2.3211669999909645
update-client,update,1.2747499999932188
update-client,update,1.4050419999875885
update-client,update,1.146250000033433
update-client,update,0.77383299998246
update-client,update,1.0028329999727248
update-client,update,1.0309159999906115
update-client,update,0.7975419999866062
update-client,update,1.5404160000116462
update-client,update,1.017917000012858
update-client,update,1.1429580000026363
update-client,update,1.7258339999557393
update-client,update,1.3333750000015243
update-client,update,0.8424999999760985
update-client,update,0.9122079999883681
update-client,update,1.282000000003336
update-client,update,1.7404160000182856
update-client,update,1.537083000016537
update-client,update,1.2373750000165273
update-client,update,0.82391699999107
update-client,update,1.0051250000060463
update-client,update,1.0796669999990627
update-client,update,0.652500000001055
update-client,update,0.5956670000273334
update-client,update,0.7258750000005421
update-client,update,1.4408749999574866
update-client,update,0.8757079999668349
update-client,update,0.9677500000293549
update-client,update,1.5374579999729576
update-client,update,1.8428340000014032
update-client,update,1.018750000014279
update-client,update,1.0975829999892994
update-client,update,1.986166999984107
update-client,update,1.2340000000108375
update-client,update,1.4437500000212822
update-client,update,0.7115000000226246
update-client,update,1.576666000005389
update-client,update,0.7359159999964504
update-client,update,2.0761669999842525
update-client,update,0.9777500000041073
update-client,update,0.5462499999566717
update-client,update,1.3262499999768806
update-client,update,1.0027089999766758
update-client,update,1.5942919999929472
update-client,update,1.4602499999796237
update-client,update,1.006082999992941
update-client,update,1.7514159999905132
update-client,update,1.1538329999893904
update-client,update,1.2278329999730886
update-client,update,1.952749999986736
update-client,update,0.905582999962462
update-client,update,1.7854579999720954
update-client,update,1.007999999956155
update-client,update,0.8882920000132799
update-client,update,1.0707499999966785
update-client,update,0.5755829999998241
update-client,update,0.809500000002572
update-client,update,1.687583000034465
update-client,update,0.7969170000023951
update-client,update,1.0925409999913427
update-client,update,0.8916250000083892
update-client,update,0.9344580000174574
update-client,update,0.6103750000079344
update-client,update,1.2844999999970241
update-client,update,0.8160830000178976
update-client,update,0.8241670000188606
update-client,update,0.7025410000096599
update-client,update,0.5801249999990432
update-client,update,0.6384170000046652
update-client,update,0.8737500000393084
update-client,update,1.0532499999840184
update-client,update,0.6665829999974449
update-client,update,1.1552080000001297
update-client,update,0.6869580000170572
update-client,update,1.3661250000041036
update-client,update,0.8185419999904298
update-client,update,0.6847500000048967
update-client,update,0.7773330000304668
update-client,update,0.8313339999972413
update-client,update,0.7046669999795085
update-client,update,0.4847499999982574
update-client,update,1.0789579999936905
update-client,update,0.8833329999902162
update-client,update,0.7586660000242773
update-client,update,0.6882920000066406
update-client,update,0.5587910000031115
update-client,update,0.8744170000341001
update-client,update,1.3146250000204418
update-client,update,1.1097500000118998
update-client,update,1.3710420000165868
update-client,update,0.9087920000183658
update-client,update,0.7884999999987485
update-client,update,1.0262499999953434
update-client,update,0.7587079999780144
update-client,update,2.1262920000140184
update-client,update,1.5897920000043086
update-client,update,1.1343749999923602
update-client,update,0.7772080000449932
update-client,update,1.6954170000076374
update-client,update,1.0455409999963194
update-client,update,1.0210419999907572
update-client,update,1.564124999958949
update-client,update,0.9488329999953748
update-client,update,0.8027499999911925
update-client,update,0.9948339999823474
update-client,update,0.8185419999904298
update-client,update,1.4567919999990409
update-client,update,1.2614160000339325
update-client,update,1.6662500000279579
update-client,update,1.158542000041507
update-client,update,0.7211670000515369
update-client,update,0.8215830000040114
update-client,update,1.8650000000093314
update-client,update,1.3854159999482363
update-client,update,0.8852499999534302
update-client,update,2.2955000000024484
update-client,update,0.9058750000008331
update-client,update,1.7579999999952634
update-client,update,0.7565000000226973
update-client,update,1.3942500000325708
update-client,update,0.9876670000039667
update-client,update,0.7519170000023223
update-client,update,0.7174579999968955
update-client,update,1.5479169999821352
update-client,update,1.2977499999919928
update-client,update,0.7450420000054692
update-client,update,0.7157080000297356
update-client,update,0.658667000038804
update-client,update,0.8010000000240325
update-client,update,0.8043749999728789
update-client,update,1.3961669999957849
update-client,update,1.7234169999937876
update-client,update,1.1882919999948172
update-client,update,0.7542079999893758
update-client,update,1.2706659999821568
update-client,update,0.7845829999837406
update-client,update,1.145875000020169
update-client,update,0.7827499999848442
update-client,update,1.210792000051697
update-client,update,1.670625000031123
update-client,update,1.2539169999854494
update-client,update,0.9804160000044249
update-client,update,0.5505830000060996
update-client,update,0.8708329999649322
update-client,update,1.2411249999786378
update-client,update,0.8069579999983034
update-client,update,1.3139999999793872
update-client,update,0.7897500000240143
update-client,update,1.3410000000249056
update-client,update,1.3395419999824298
update-client,update,0.9129999999686333
update-client,update,1.2049169999954756
update-client,update,0.9473750000097425
update-client,update,0.6822909999755211
update-client,update,1.051625000002332
update-client,update,1.2644170000157828
update-client,update,1.2551670000107151
update-client,update,1.5007910000122138
update-client,update,1.4054999999757456
update-client,update,0.8515000000102191
update-client,update,0.6364999999846077
update-client,update,1.4549590000001444
update-client,update,1.3057500000286382
update-client,update,1.0923749999847132
update-client,update,1.1977080000065143
update-client,update,1.0980420000237245
update-client,update,1.039417000015419
update-client,update,0.9162499999888496
update-client,update,0.7787080000412061
update-client,update,0.8077499999785687
update-client,update,1.1597079999887683
update-client,update,0.788750000026539
update-client,update,1.290208000000348
update-client,update,1.1719590000325297
update-client,update,0.6407909999666117
update-client,update,1.7051659999651747
update-client,update,1.1155830000006972
update-client,update,0.5980000000249674
update-client,update,1.2414999999919019
update-client,update,0.7214579999867965
update-client,update,0.7263340000349672
update-client,update,0.8770829999775742
update-client,update,1.1095000000409527
update-client,update,0.8536249999906431
update-client,update,0.8000000000265572
update-client,update,0.8373330000495116
update-client,update,1.167000000009466
update-client,update,1.1425409999787917
update-client,update,1.0339579999936177
update-client,update,1.974375000031614
update-client,update,1.1312499999576175
update-client,update,1.1719169999651058
update-client,update,1.5753339999946547
update-client,update,2.1207079999499
update-client,update,2.480459000025803
update-client,update,0.8796660000029988
update-client,update,1.0765000000105829
update-client,update,2.412417000016376
update-client,update,1.396750000026259
update-client,update,1.1729160000299999
update-client,update,1.1581660000388183
update-client,update,1.3055420000114282
update-client,update,1.9155420000060985
update-client,update,1.218957999981285
update-client,update,1.6240420000031008
update-client,update,0.6637920000116537
update-client,update,1.2776670000107515
update-client,update,0.6526660000076845
update-client,update,1.2370830000349997
update-client,update,0.8087919999866244
update-client,update,1.0367500000256769
update-client,update,1.0790420000148515
update-client,update,1.501207999979215
update-client,update,0.9373749999781467
update-client,update,0.786500000003798
update-client,update,0.6265839999741729
update-client,update,1.024625000013657
update-client,update,1.6797499999938736
update-client,update,0.9923340000455028
update-client,update,0.7117920000041522
update-client,update,1.5057500000352775
update-client,update,1.0450830000081623
update-client,update,1.1075830000208953
update-client,update,1.0385420000034173
update-client,update,1.0197909999760668
update-client,update,1.0731670000154736
update-client,update,0.8468749999792635
update-client,update,1.9682500000044456
update-client,update,1.0841250000339642
update-client,update,0.8643329999813432
update-client,update,0.9610000000179753
update-client,update,0.9714170000165723
update-client,update,1.1349159999554104
update-client,update,0.9808330000282695
update-client,update,1.1725830000273163
update-client,update,0.8390829999598282
update-client,update,0.9132920000070044
update-client,update,1.8416660000184493
update-client,update,1.585541000054036
update-client,update,0.76116700000739
update-client,update,2.676291999989644
update-client,update,1.1320829999590387
update-client,update,0.7988340000224525
update-client,update,1.170917000024474
update-client,update,0.9345409999923504
update-client,update,0.876290999997309
update-client,update,0.8295000000089203
update-client,update,1.1938750000126674
update-client,update,1.3066249999837964
update-client,update,3.247499999986303
update-client,update,1.7876250000199434
update-client,update,1.4353749999713727
update-client,update,1.2534170000435552
update-client,update,0.9341250000147738
update-client,update,0.8792500000254222
update-client,update,1.2811660000124903
update-client,update,0.8630830000129208
update-client,update,1.4999580000107926
update-client,update,1.6609580000022106
update-client,update,1.1841659999731746
update-client,update,1.5749169999708101
update-client,update,0.5869999999958964
update-client,update,1.0077919999957885
update-client,update,2.548958999966544
update-client,update,1.1279999999942447
update-client,update,0.8228750000398577
update-client,update,1.3817920000178674
update-client,update,0.7967910000274969
update-client,update,1.2267920000113008
update-client,update,0.8046250000006694
update-client,update,0.7573330000241185
update-client,update,1.0085419999654732
update-client,update,0.8986670000012964
update-client,update,1.6498330000445094
update-client,update,0.9906249999858119
update-client,update,1.2267920000113008
update-client,update,1.274000000023534
update-client,update,0.9384999999610955
update-client,update,0.9987079999973503
update-client,update,1.6895420000082595
update-client,update,1.3897499999870888
update-client,update,1.5253750000283617
update-client,update,2.515708000032646
update-client,update,2.6162920000274426
update-client,update,1.576707999959126
update-client,update,0.8643340000276112
update-client,update,1.760999999987689
update-client,update,2.3012920000269332
update-client,update,1.0985000000118816
update-client,update,0.9257919999754449
update-client,update,1.1080410000090524
update-client,update,1.8972500000131731
update-client,update,2.2907499999860192
update-client,update,1.2781249999989086
update-client,update,0.8472499999925276
update-client,update,1.5718749999678039
update-client,update,1.6600420000258964
update-client,update,1.1449589999870113
update-client,update,0.9285419999969236
update-client,update,0.9124169999950027
update-client,update,0.8434579999629932
update-client,update,1.8098749999921893
update-client,update,0.9918750000110776
update-client,update,0.7805839999832642
update-client,update,1.3057919999823753
update-client,update,6.806582999956845
update-client,update,2.0008750000215514
update-client,update,1.5602080000007845
update-client,update,1.662916000043424
update-client,update,0.7918750000044383
update-client,update,1.2331249999988358
update-client,update,2.8191250000304535
update-client,update,1.256500000010874
update-client,update,3.8410839999869495
update-client,update,0.9405410000340453
update-client,update,0.891082999999071
update-client,update,0.8639589999575037
update-client,update,0.9797499999990578
update-client,update,1.289917000008245
update-client,update,1.197999999988042
update-client,update,0.7619169999770747
update-client,update,0.9354169999937767
update-client,update,1.5709159999914846
update-client,update,1.1655420000238337
update-client,update,1.6303329999800553
update-client,update,1.6131660000269221
update-client,update,1.3039170000297418
update-client,update,1.4287500000023101
update-client,update,0.8813750000058462
update-client,update,1.2930830000073001
update-client,update,1.45179100002224
update-client,update,1.8702080000139176
update-client,update,1.2912909999727162
update-client,update,1.2151669999980186
update-client,update,1.4062500000022737
update-client,update,2.3177090000103817
update-client,update,0.7794590000003154
update-client,update,1.3767909999842232
update-client,update,1.4837080000233982
update-client,update,1.1640829999919333
update-client,update,0.6789589999698364
update-client,update,1.290583000013612
update-client,update,0.8300420000182385
update-client,update,0.798291999956291
update-client,update,1.2279590000048302
update-client,update,0.7202499999721113
update-client,update,1.0335829999803536
update-client,update,0.6413749999865104
update-client,update,1.2433750000013788
update-client,update,1.2517500000512882
update-client,update,1.319416999990608
update-client,update,1.8245830000296337
update-client,update,1.7464999999674546
update-client,update,1.016708000008748
update-client,update,0.9260839999569725
update-client,update,1.1627910000129305
update-client,update,1.056000000005497
update-client,update,1.217166999992969
update-client,update,0.8205830000065362
update-client,update,0.9609159999968142
update-client,update,3.2630410000251686
update-client,update,1.7225409999923613
update-client,update,1.1605409999901894
update-client,update,2.412875000004533
update-client,update,0.88883299997633
update-client,update,0.9782079999922644
update-client,update,1.2794169999779115
update-client,update,1.262624999981199
update-client,update,0.7604589999914424
update-client,update,0.8636669999759761
update-client,update,1.4447919999724945
update-client,update,1.5777500000240252
update-client,update,0.9714170000165723
update-client,update,1.1260420000098748
update-client,update,0.9420409999734147
update-client,update,1.4829999999506072
update-client,update,1.691791999974157
update-client,update,1.1992500000133077
update-client,update,0.6993750000106047
update-client,update,1.2493330000324931
update-client,update,1.6611249999982647
update-client,update,1.2952080000445676
update-client,update,0.8725000000140426
update-client,update,1.4202500000237706
update-client,update,1.2364169999727892
update-client,update,0.6450839999843083
update-client,update,0.8869170000025406
update-client,update,0.9115839999935815
update-client,update,0.9823329999676389
update-client,update,0.9902499999725478
update-client,update,0.9285830000180795
update-client,update,0.7775000000265209
update-client,update,0.6764999999973043
update-client,update,0.8663329999762936
update-client,update,0.9334580000199821
update-client,update,1.169166000011046
update-client,update,0.7197080000196365
update-client,update,1.0591670000508202
update-client,update,1.069125000014992
update-client,update,2.2482499999796346
update-client,update,0.9279580000338683
update-client,update,1.0239169999977094
update-client,update,0.9712919999742553
update-client,update,0.9326659999828735
update-client,update,1.1884159999908661
update-client,update,0.962541000035344
update-client,update,0.8797920000347403
update-client,update,0.7290409999995973
update-client,update,1.030374999970718
update-client,update,2.067041000032077
update-client,update,0.9948340000391909
update-client,update,0.987583000039649
update-client,update,1.5760000000000218
update-client,update,1.6712080000047536
update-client,update,0.9001249999869287
update-client,update,1.359333000038987
update-client,update,0.7835000000113723
update-client,update,0.7416249999891988
update-client,update,1.672667000036654
update-client,update,1.4807499999847096
update-client,update,0.8958329999586567
update-client,update,1.024666999967394
update-client,update,1.3269579999928283
update-client,update,1.0519999999587526
update-client,update,1.0956669999586666
update-client,update,0.9529159999601688
update-client,update,0.7810000000176842
update-client,update,0.9835419999717487
update-client,update,0.7761250000157816
update-client,update,1.250249999998232
update-client,update,1.0083329999588386
update-client,update,0.7498329999862108
update-client,update,0.6242080000333772
update-client,update,0.7965409999997064
update-client,update,1.5173749999917163
update-client,update,1.1334170000054655
update-client,update,0.8164999999848987
update-client,update,0.5722500000047148
update-client,update,0.8242079999831731
update-client,update,1.1826249999558058
update-client,update,1.4080419999800142
update-client,update,1.2680829999567322
update-client,update,0.7053339999743002
update-client,update,0.8653749999893989
update-client,update,1.1373329999742054
update-client,update,1.9599169999651167
update-client,update,0.9872499999801221
update-client,update,1.1882919999948172
update-client,update,0.7401670000035665
update-client,update,1.0241250000149194
update-client,update,1.2474590000124408
update-client,update,1.3032499999781066
update-client,update,1.0252089999767122
update-client,update,1.0422920000223712
update-client,update,1.9100000000094042
update-client,update,0.6406669999705628
update-client,update,1.5818329999888192
update-client,update,0.8755830000382048
update-client,update,1.3197499999932916
update-client,update,1.7259169999874757
update-client,update,0.7516250000207947
update-client,update,0.9163340000100106
update-client,update,2.045124999995096
update-client,update,1.283957999987706
update-client,update,0.7912500000202272
update-client,update,1.9006659999831754
update-client,update,2.0536659999947915
update-client,update,1.2959169999930964
update-client,update,0.6357080000043425
update-client,update,0.5454159999658259
update-client,update,2.1203329999934795
update-client,update,0.9566250000148102
update-client,update,0.9850419999679616
update-client,update,1.411917000041285
update-client,update,0.6778339999868876
update-client,update,1.2575829999832422
update-client,update,0.8205419999853802
update-client,update,0.6310829999733869
update-client,update,0.8087500000328873
update-client,update,0.7259580000322785
update-client,update,1.8615830000499045
update-client,update,1.0040829999979906
update-client,update,0.8500829999888992
update-client,update,0.7214579999867965
update-client,update,0.7599579999464368
update-client,update,1.0089169999787373
update-client,update,1.002000000028147
update-client,update,1.0827500000232249
update-client,update,0.8207500000025902
update-client,update,0.7782499999962056
update-client,update,2.341333999993367
update-client,update,0.9493329999941125
update-client,update,1.16737500002273
update-client,update,1.324082999985876
update-client,update,0.9668749999605097
update-client,update,1.2852920000341328
update-client,update,1.476249999996071
update-client,update,1.582499999983611
update-client,update,0.8854579999706402
update-client,update,1.1830000000259133
update-client,update,0.9328749999895081
update-client,update,1.007749999985208
update-client,update,1.124709000009716
update-client,update,1.2347079999699417
update-client,update,1.1422919999972692
update-client,update,0.7674579999843445
update-client,update,0.8365420000018275
update-client,update,0.9392499999876236
update-client,update,2.1656659999962358
update-client,update,1.0632499999587708
update-client,update,1.209291000009216
update-client,update,0.9479170000190607
update-client,update,1.5396670000313861
update-client,update,1.3016670000070008
update-client,update,1.2511670000208142
update-client,update,1.0611249999783468
update-client,update,1.4325839999855816
update-client,update,1.1267919999795595
update-client,update,1.0800829999766393
update-client,update,1.098000000013144
update-client,update,1.089332999981707
update-client,update,2.1167080000168426
update-client,update,1.0911659999806034
update-client,update,0.849583000047005
update-client,update,1.1562919999619226
update-client,update,0.7944590000192875
update-client,update,1.337874999990163
update-client,update,0.6142080000017813
update-client,update,1.1453750000214313
update-client,update,0.7180420000167942
update-client,update,1.0397919999718397
update-client,update,1.4673750000042673
update-client,update,0.5081249999534521
update-client,update,1.283875000012813
update-client,update,1.2215410000067095
update-client,update,1.8875000000093678
update-client,update,1.2396669999930054
update-client,update,1.1532080000051792
update-client,update,1.0440419999895312
update-client,update,1.3390839999942727
update-client,update,0.8849169999507467
update-client,update,0.6982080000170754
update-client,update,0.7535420000408521
update-client,update,0.638000000037664
update-client,update,0.7725830000140377
update-client,update,0.957958000014969
update-client,update,1.1807500000031723
update-client,update,0.7167090000166354
update-client,update,0.8813340000415337
update-client,update,1.1254169999688202
update-client,update,2.6242090000323515
update-client,update,1.1574160000122902
update-client,update,0.7631670000023405
update-client,update,1.5002080000385831
update-client,update,1.2287499999956708
update-client,update,1.3927910000006705
update-client,update,1.0531249999985448
update-client,update,1.2698750000481596
update-client,update,1.5294169999719998
update-client,update,2.2393750000446744
update-client,update,1.1032920000388913
update-client,update,1.133290999973724
update-client,update,2.1526250000079017
update-client,update,1.547458999993978
update-client,update,1.6810829999940324
update-client,update,0.6539159999761068
update-client,update,0.8902909999619624
update-client,update,1.4713329999835878
update-client,update,1.712499999996453
update-client,update,0.8724159999928816
update-client,update,0.8862500000077489
update-client,update,0.8288749999678657
update-client,update,1.434540999980527
update-client,update,1.0957500000472464
update-client,update,0.8213749999868014
update-client,update,0.6380419999914011
update-client,update,0.7490830000165261
update-client,update,0.8618329999876551
update-client,update,0.8849999999824831
update-client,update,2.842250000014701
update-client,update,0.886499999978696
update-client,update,1.0195840000051248
update-client,update,0.5341250000014952
update-client,update,0.9212919999868063
update-client,update,0.9106670000278427
update-client,update,0.6505410000272605
update-client,update,1.073207999979786
update-client,update,1.064583000015773
update-client,update,1.919332999989365
update-client,update,0.9156669999583755
update-client,update,0.6899589999989075
update-client,update,0.9841250000022228
update-client,update,0.6579999999871688
update-client,update,0.9557910000239644
update-client,update,1.152292000028865
update-client,update,1.9483330000298338
update-client,update,1.9450830000096175
update-client,update,1.66016700001137
update-client,update,1.2145410000243828
update-client,update,1.095708999969247
update-client,update,0.9489579999808484
update-client,update,0.8922499999926004
update-client,update,0.936916000000565
update-client,update,2.314915999988898
update-client,update,1.2089580000065325
update-client,update,2.0184169999879487
update-client,update,0.622666999959165
update-client,update,1.8181249999997817
update-client,update,2.370792000021993
update-client,update,0.9833340000113822
update-client,update,0.6811670000388403
update-client,update,0.9248329999991256
update-client,update,0.7394169999770384
update-client,update,0.5309999999667525
update-client,update,0.7435410000198317
update-client,update,1.2294580000116184
update-client,update,0.8050829999888265
update-client,update,0.8777090000080534
update-client,update,2.0851250000077926
update-client,update,2.1242909999728
update-client,update,1.306833999990431
update-client,update,1.030916999980036
update-client,update,0.8787499999698412
update-client,update,1.3435419999723308
update-client,update,1.148000000000593
update-client,update,0.9424579999972593
update-client,update,1.4417500000263317
update-client,update,1.2156669999967562
update-client,update,0.8530839999707496
update-client,update,1.0152909999874282
update-client,update,1.0838329999955931
update-client,update,0.654666000002635
update-client,update,1.3479160000429147
update-client,update,0.984541999969224
update-client,update,1.4552089999710915
update-client,update,1.0107079999670532
update-client,update,1.200542000049154
update-client,update,1.407916000005116
update-client,update,0.853000000006432
update-client,update,1.048000000025695
update-client,update,1.292540999997982
update-client,update,1.8081669999787664
update-client,update,0.6908749999752217
update-client,update,0.7509579999691596
update-client,update,1.0537500000395994
update-client,update,1.154208999992079
update-client,update,0.8133750000069995
update-client,update,1.0043340000152057
update-client,update,1.0479590000045391
update-client,update,1.4373750000231666
update-client,update,1.5289169999732621
update-client,update,1.3510419999533951
update-client,update,0.8357500000215623
update-client,update,0.869708999971408
update-client,update,1.0253749999833417
update-client,update,0.892749999991338
update-client,update,1.1261669999953483
update-client,update,1.8842499999891515
update-client,update,2.2804170000085833
update-client,update,1.9383750000088185
update-client,update,1.2515419999772348
update-client,update,3.1735830000343412
update-client,update,2.842999999984386
update-client,update,2.6331249999884676
update-client,update,0.8603339999808668
update-client,update,1.4012500000148975
update-client,update,2.3376670000061495
update-client,update,1.7466249999529282
update-client,update,1.1054999999942083
update-client,update,0.6612079999968046
update-client,update,0.721499999997377
update-client,update,1.4525419999813494
update-client,update,1.3812500000085493
update-client,update,0.7665410000186057
update-client,update,0.832250000030399
update-client,update,0.9366250000084619
update-client,update,1.6698330000508577
update-client,update,0.9865000000104374
update-client,update,0.9067909999771473
update-client,update,1.7656669999723817
update-client,update,2.693249999992986
update-client,update,2.308209000034367
update-client,update,1.0062090000246826
update-client,update,2.0385000000260334
update-client,update,1.9061670000155573
update-client,update,1.070707999986098
update-client,update,1.0360419999528858
update-client,update,1.0021250000136206
update-client,update,1.2447919999658552
update-client,update,1.6998330000319584
update-client,update,1.3602500000047257
update-client,update,1.5990830000305323
update-client,update,2.1501250000142136
update-client,update,2.9392499999971733
update-client,update,1.8202500000370492
update-client,update,1.0157080000112728
update-client,update,1.4323750000357904
update-client,update,1.1454159999857438
update-client,update,0.7909590000281241
update-client,update,0.8194170000024315
update-client,update,0.9168329999624802
update-client,update,1.6777090000346107
update-client,update,1.5613749999943138
update-client,update,1.941125000030297
update-client,update,0.9977920000210361
update-client,update,0.7640000000037617
update-client,update,1.0015000000294094
update-client,update,1.2388330000021597
update-client,update,0.9588750000375512
update-client,update,0.9645000000091386
update-client,update,1.225583000007191
update-client,update,1.384291999954712
update-client,update,1.2326250000000982
update-client,update,0.905417000012676
update-client,update,1.156750000006923
update-client,update,0.5273339999689597
update-client,update,0.7247919999713304
update-client,update,0.6739159999824551
update-client,update,1.112583999997696
update-client,update,1.0575839999660275
update-client,update,0.8413749999931497
update-client,update,0.9410420000222075
update-client,update,0.6939159999888034
update-client,update,2.270582999983617
update-client,update,1.2192909999839685
update-client,update,1.390541999967354
update-client,update,2.4915000000191867
update-client,update,1.0170829999651687
update-client,update,0.9057089999942036
update-client,update,0.8010419999777696
update-client,update,0.6571659999963231
update-client,update,2.1183750000091095
update-client,update,1.1433330000159003
update-client,update,1.702167000019017
update-client,update,1.009874999965632
update-client,update,1.8972920000237536
update-client,update,0.9915420000083941
update-client,update,1.7340829999739071
update-client,update,0.9439169999723163
update-client,update,0.8642500000064501
update-client,update,0.9431660000132069
update-client,update,1.3243749999674037
update-client,update,0.8923329999674934
update-client,update,0.8813750000058462
update-client,update,0.9156669999583755
update-client,update,0.836417000016354
update-client,update,3.834291000032408
update-client,update,1.1338749999936226
update-client,update,1.3320830000225214
update-client,update,0.7261669999820697
update-client,update,1.234083000042574
update-client,update,0.8341670000504564
update-client,update,0.9904160000360207
update-client,update,1.2908749999951397
update-client,update,1.083166999990226
update-client,update,0.9015829999725611
update-client,update,0.9217080000212263
update-client,update,1.1562500000081855
update-client,update,1.1844169999903897
update-client,update,1.4503750000471882
update-client,update,1.4238750000004075
update-client,update,1.0609579999822927
update-client,update,1.3864999999668726
update-client,update,1.1991249999709908
update-client,update,0.9404999999560459
update-client,update,0.685916999998426
update-client,update,0.685541999985162
update-client,update,1.185666999958812
update-client,update,0.8066250000524633
update-client,update,0.8147500000177388
update-client,update,1.5929580000033638
update-client,update,0.5592500000375367
update-client,update,0.6282080000232781
update-client,update,2.908583000021281
update-client,update,0.909583999998631
update-client,update,1.5442909999592302
update-client,update,1.9008329999792295
update-client,update,1.1414169999852675
update-client,update,0.8564590000332828
update-client,update,0.6997500000238688
update-client,update,0.9901249999870743
update-client,update,1.330541000015728
update-client,update,1.0222080000517053
update-client,update,1.0517499999878055
update-client,update,0.7722089999901982
update-client,update,0.8547500000304353
update-client,update,0.878042000010737
update-client,update,0.7371670000111408
update-client,update,0.7665830000291862
update-client,update,0.9822499999927459
update-client,update,0.8008339999605596
update-client,update,0.943333000009261
update-client,update,1.0510000000181208
update-client,update,1.1812920000124905
update-client,update,0.7921659999965414
update-client,update,1.0282920000008744
update-client,update,1.5046670000060658
update-client,update,1.1091249999708452
update-client,update,2.2134170000072118
update-client,update,0.9008750000134569
update-client,update,0.7841249999955835
update-client,update,0.8554169999683836
update-client,update,0.7257919999688056
update-client,update,1.3452910000069096
update-client,update,1.0966670000129852
update-client,update,0.7282089999876007
update-client,update,1.1280829999691377
update-client,update,1.0972079999760354
update-client,update,1.047707999987324
update-client,update,0.8855419999918013
update-client,update,1.2142909999965923
update-client,update,0.9037080000098285
update-client,update,0.8242499999937536
update-client,update,0.9548330000370697
update-client,update,1.045500000032007
update-client,update,0.8021659999712938
update-client,update,1.2741670000195882
update-client,update,1.016584000012699
update-client,update,0.610417000018515
update-client,update,1.1040840000191565
update-client,update,0.9282500000153959
update-client,update,0.8449999999697866
update-client,update,0.8852079999996931
update-client,update,0.6752499999720385
update-client,update,1.4038749999940592
update-client,update,0.8207089999814343
update-client,update,0.7282500000087566
update-client,update,0.6354999999871325
update-client,update,0.6373329999860289
update-client,update,0.9085840000011558
update-client,update,1.0496250000073815
update-client,update,0.8767500000317341
update-client,update,1.2580829999819798
update-client,update,0.775707999991937
update-client,update,0.8455839999896853
update-client,update,1.213167000003068
update-client,update,1.0547919999908117
update-client,update,0.8272910000073352
update-client,update,0.8549159999802214
update-client,update,1.0368330000005699
update-client,update,0.9869579999985945
update-client,update,1.57654200000934
update-client,update,0.8174169999506375
update-client,update,1.0891250000213404
update-client,update,0.6710419999649275
update-client,update,1.0019999999713036
update-client,update,0.7302500000037071
update-client,update,0.7745829999521447
update-client,update,1.3374999999768988
update-client,update,0.7380839999768796
update-client,update,0.855042000011963
update-client,update,1.2118750000240652
update-client,update,1.342375000035645
update-client,update,0.934749999998985
update-client,update,1.1742920000301638
update-client,update,0.8732080000299902
update-client,update,0.8557920000384911
update-client,update,1.1429590000489043
update-client,update,1.1831250000113869
update-client,update,1.0197080000011738
update-client,update,0.5967920000102822
update-client,update,0.7206660000065312
update-client,update,0.6261670000071717
update-client,update,1.2671670000372615
update-client,update,0.9411249999971005
update-client,update,0.970541000015146
update-client,update,0.7412089999547788
update-client,update,0.8219999999710126
update-client,update,0.9135000000242144
update-client,update,1.9951659999719595
update-client,update,2.172792000010304
update-client,update,0.738082999987455
update-client,update,2.945624999995289
update-client,update,1.5342500000201653
update-client,update,0.8933750000323926
update-client,update,0.8014160000016091
update-client,update,0.7322079999880771
update-client,update,1.108417000011741
update-client,update,1.0005000000319342
update-client,update,1.4925000000403088
update-client,update,1.3142910000283337
update-client,update,1.6072079999958078
update-client,update,1.7259999999623687
update-client,update,0.9819160000006377
update-client,update,0.878042000010737
update-client,update,1.1820419999821752
update-client,update,0.7229999999935899
update-client,update,1.128624999978456
update-client,update,1.131250000014461
update-client,update,1.1577500000043983
update-client,update,0.8139999999912106
update-client,update,1.060542000004716
update-client,update,1.022292000016023
update-client,update,1.2079999999627944
update-client,update,1.6930419999994228
update-client,update,0.7581249999475403
update-client,update,0.7587079999780144
update-client,update,0.7320830000026035
update-client,update,1.177499999982956
update-client,update,1.0694999999714128
update-client,update,1.009624999994685
update-client,update,1.0490829999980633
update-client,update,0.9952080000061869
update-client,update,1.1885000000120272
update-client,update,1.0799589999805903
update-client,update,1.1358340000242606
update-client,update,1.3450000000148066
update-client,update,1.5542499999696702
update-client,update,1.8609589999982745
update-client,update,1.7785419999540864
update-client,update,1.1511669999890728
update-client,update,0.8390840000060962
update-client,update,1.1222080000266033
update-client,update,1.0220830000093883
update-client,update,1.2747089999720629
update-client,update,1.4328749999776846
update-client,update,1.5529170000263548
update-client,update,1.6721249999704924
update-client,update,1.2764169999854857
update-client,update,2.611040999966008
update-client,update,1.4277499999479915
update-client,update,1.253833999953713
update-client,update,2.0847499999945285
update-client,update,1.7334580000465394
update-client,update,1.396999999997206
update-client,update,0.901417000022775
update-client,update,1.1997920000226259
update-client,update,1.8393329999639718
update-client,update,0.8139169999594742
update-client,update,0.7533330000342175
update-client,update,1.2755839999840646
update-client,update,6.214833000001363
update-client,update,1.059709000003295
update-client,update,0.7362919999991391
update-client,update,2.2158749999903193
update-client,update,0.5975420000368104
update-client,update,1.0859579999760172
update-client,update,1.635667000016383
update-client,update,0.6577089999950658
update-client,update,1.0950000000207183
update-client,update,0.8697079999819834
update-client,update,0.9250410000163356
update-client,update,1.1359159999528856
update-client,update,0.8047919999967235
update-client,update,1.0095000000092114
update-client,update,0.9774579999657362
update-client,update,1.1642080000342503
update-client,update,1.311625000028016
update-client,update,0.9834159999968506
update-client,update,0.97091600002841
update-client,update,1.003834000016468
update-client,update,1.1855419999733385
update-client,update,1.4949589999559976
update-client,update,0.8497910000073716
update-client,update,1.39079100000572
update-client,update,1.246916000013698
update-client,update,1.1029579999899397
update-client,update,0.8464580000122623
update-client,update,0.6116249999763568
update-client,update,2.2947500000327636
update-client,update,1.2443329999882735
update-client,update,1.1616249999519823
update-client,update,0.555999999960477
update-client,update,1.5363339999794334
update-client,update,2.9011249999939537
update-client,update,0.7218330000000606
update-client,update,0.7874170000263803
update-client,update,0.861249999957181
update-client,update,1.0315000000105101
update-client,update,0.9207079999669077
update-client,update,0.7520839999983764
update-client,update,1.764917000002697
update-client,update,0.7837499999823194
update-client,update,0.6525409999653675
update-client,update,1.5016250000030595
update-client,update,1.4719580000246424
update-client,update,0.9335000000305627
update-client,update,0.8335830000305577
update-client,update,0.6526249999865286
update-client,update,0.816041000007317
update-client,update,1.2554169999816622
update-client,update,1.7478750000350374
update-client,update,0.9964580000314527
update-client,update,1.2624999999957254
update-client,update,0.8503750000272703
update-client,update,1.0409579999759444
update-client,update,1.0564170000293416
update-client,update,1.1820420000390186
update-client,update,1.4000829999645248
update-client,update,0.6495420000192098
update-client,update,0.9029999999938809
update-client,update,1.3308329999972557
update-client,update,1.1654579999458292
update-client,update,1.3638330000276255
update-client,update,1.5385410000021693
update-client,update,0.7583330000215938
update-client,update,1.737375000004704
update-client,update,0.9594590000006065
update-client,update,1.0662079999974594
update-client,update,0.8378750000019863
update-client,update,1.2570829999845046
update-client,update,1.0629170000129307
update-client,update,1.5756249999867578
update-client,update,0.7645000000024993
update-client,update,1.06645800002525
update-client,update,1.6279579999718408
update-client,update,2.71408399999018
update-client,update,0.7878750000145374
update-client,update,0.9937919999742917
update-client,update,1.4316670000198428
update-client,update,1.3657499999908396
update-client,update,0.9348330000307215
update-client,update,0.7239999999910651
update-client,update,1.0383750000073633
update-client,update,1.2454170000069098
update-client,update,2.130167000018446
update-client,update,0.7757500000025175
update-client,update,0.9536250000223845
update-client,update,0.6956660000128068
update-client,update,1.0924169999952937
update-client,update,1.0209999999801767
update-client,update,1.2256250000177715
update-client,update,0.6100420000052509
update-client,update,1.1269999999967695
update-client,update,3.0399170000237064
update-client,update,1.9265419999783262
update-client,update,0.713333000021521
update-client,update,1.0579589999792915
update-client,update,1.1782920000200647
update-client,update,0.74050000000625
update-client,update,1.3812910000297052
update-client,update,1.0473749999846405
update-client,update,1.3832079999929192
update-client,update,0.7375409999781368
update-client,update,0.562166999998226
update-client,update,0.5328749999762294
update-client,update,1.4402920000406993
update-client,update,1.5896249999514112
update-client,update,0.756874999979118
update-client,update,0.6922919999965416
update-client,update,1.1008749999632528
update-client,update,0.9900829999764937
update-client,update,1.1847080000393362
update-client,update,0.9352080000439855
update-client,update,0.821790999964378
update-client,update,0.5911670000386948
update-client,update,0.8357500000215623
update-client,update,1.0623750000036125
update-client,update,1.3792500000135988
update-client,update,0.9401249999996253
update-client,update,1.0824999999954343
update-client,update,0.8892079999895941
update-client,update,0.8350829999699272
update-client,update,2.8028330000324786
update-client,update,2.1023329999820817
update-client,update,1.6616670000075828
update-client,update,1.2039999999728934
update-client,update,1.1786250000227483
update-client,update,0.8810420000031627
update-client,update,1.0658340000304634
update-client,update,1.165124999999989
update-client,update,0.874124999995729
update-client,update,1.0828750000086984
update-client,update,0.5775000000198816
update-client,update,1.1135409999951662
update-client,update,1.4459999999871798
update-client,update,0.9787089999804266
update-client,update,0.7939999999848624
update-client,update,1.014166999993904
update-client,update,1.6265840000073695
update-client,update,0.8401250000247273
update-client,update,0.9737089999930504
update-client,update,0.8109160000344673
update-client,update,0.6829999999808933
update-client,update,3.07895800000324
update-client,update,1.7726250000009713
update-client,update,1.057957999989867
update-client,update,1.501292000000376
update-client,update,1.275958000007904
update-client,update,1.0689169999977821
update-client,update,1.0674170000015692
update-client,update,0.7641249999892352
update-client,update,1.0404170000128943
update-client,update,0.9861249999971733
update-client,update,0.963791999993191
update-client,update,1.0315420000210906
update-client,update,0.6988750000118671
update-client,update,1.6796659999727126
update-client,update,1.3205409999841322
update-client,update,1.0612500000206637
update-client,update,0.8363750000057735
update-client,update,0.9839589999955933
update-client,update,0.9301250000248729
update-client,update,1.012124999988373
update-client,update,0.786207999965427
update-client,update,0.7270840000046519
update-client,update,0.7741250000208311
update-client,update,1.606124999966596
update-client,update,1.5043340000033822
update-client,update,0.8764170000290505
update-client,update,0.5556659999683689
update-client,update,1.0540000000105465
update-client,update,2.0613749999824904
update-client,update,1.2606249999862484
update-client,update,0.9507919999691694
update-client,update,0.974541000005047
update-client,update,1.4070839999931195
update-client,update,1.7261250000046857
update-client,update,1.7490000000179862
update-client,update,1.965959000017392
update-client,update,1.0739170000420017
update-client,update,0.7112090000305216
update-client,update,0.9357079999858797
update-client,update,0.8390829999598282
update-client,update,1.0995409999736694
update-client,update,2.3616250000486616
update-client,update,0.8753750000209948
update-client,update,1.0091249999959473
update-client,update,1.2325410000357806
update-client,update,1.6257500000165237
update-client,update,1.112874999989799
update-client,update,1.1194580000051246
update-client,update,1.1989170000106242
update-client,update,2.4655409999922995
update-client,update,1.8567090000374264
update-client,update,0.8876249999616448
update-client,update,1.6887909999923068
update-client,update,0.7809159999965232
update-client,update,0.7115829999975176
update-client,update,1.07716600001595
update-client,update,1.013917000022957
update-client,update,1.6137090000256649
update-client,update,0.9569580000174938
update-client,update,0.9435409999696276
update-client,update,1.4590000000112013
update-client,update,0.9962090000499302
update-client,update,1.1740829999666857
update-client,update,1.2854580000407623
update-client,update,1.4058749999890097
update-client,update,1.4177500000300824
update-client,update,1.1121669999738515
update-client,update,1.4650410000172087
update-client,update,1.8129169999951955
update-client,update,0.7772920000093109
update-client,update,0.7293749999917054
update-client,update,0.8183749999943757
update-client,update,1.1339589999579403
update-client,update,1.5790410000136035
update-client,update,0.9417499999813117
update-client,update,1.0112080000226342
update-client,update,0.8833750000007967
update-client,update,1.1652079999748821
update-client,update,1.0740409999812073
update-client,update,0.6656250000105501
update-client,update,1.074917000039477
update-client,update,0.809250000031625
update-client,update,1.460458000053677
update-client,update,2.321875000006912
update-client,update,1.3245409999740332
update-client,update,0.7888750000120126
update-client,update,0.7433330000026217
update-client,update,1.8502499999613065
update-client,update,1.765083999998751
update-client,update,1.1734160000287375
update-client,update,0.8906659999752264
update-client,update,0.9254160000295997
update-client,update,1.2557090000200333
update-client,update,0.9008750000134569
update-client,update,1.1445420000200102
update-client,update,0.7947500000113905
update-client,update,1.1392909999585754
update-client,update,1.0760000000118453
update-client,update,1.1091250000276887
update-client,update,0.8309999999482898
update-client,update,1.2761249999471147
update-client,update,1.1811250000164364
update-client,update,1.1617499999942993
update-client,update,0.7672500000239779
update-client,update,0.6562500000200089
update-client,update,1.3996670000437916
update-client,update,2.384000000006381
update-client,update,1.0487909999596923
update-client,update,1.0424580000290007
update-client,update,0.9180420000234335
update-client,update,0.46729199999617776
update-client,update,1.3551249999750326
update-client,update,0.9524170000076992
update-client,update,0.7421249999879365
update-client,update,1.069125000014992
update-client,update,0.9454169999685291
update-client,update,2.033208000000286
update-client,update,1.2140829999793823
update-client,update,1.043332999984159
update-client,update,1.0189170000103331
update-client,update,1.3247919999912483
update-client,update,1.4096249999511201
update-client,update,0.7646660000091288
update-client,update,1.084957999978542
update-client,update,0.9075829999574125
update-client,update,2.3520839999946475
update-client,update,1.0477089999767486
update-client,update,1.5212499999961437
update-client,update,0.9019999999964057
update-client,update,0.8997500000305081
update-client,update,1.6717910000352276
update-client,update,1.0799170000268532
update-client,update,0.7819580000045789
update-client,update,0.8307909999984986
update-client,update,2.867125000022952
update-client,update,7.187291000036566
update-client,update,0.9307919999628211
update-client,update,0.9494160000258489
update-client,update,1.5259999999557294
update-client,update,0.9685840000202006
update-client,update,0.8098750000158361
update-client,update,0.9793749999857937
update-client,update,0.704750000011245
update-client,update,0.9670829999777197
update-client,update,1.1639159999958792
update-client,update,0.5451249999737229
update-client,update,0.8767090000105782
update-client,update,1.1639999999601969
update-client,update,1.6716249999717547
update-client,update,0.8976249999932406
update-client,update,0.6070830000339811
update-client,update,1.4133340000057615
update-client,update,1.0219170000027589
update-client,update,1.338458000020637
update-client,update,0.8688330000268252
update-client,update,1.0181249999732245
update-client,update,0.7389169999783007
update-client,update,0.6685000000175023
update-client,update,1.185332999966704
update-client,update,0.6454579999513044
update-client,update,1.1765840000066419
update-client,update,0.738082999987455
update-client,update,0.8097500000303626
update-client,update,1.0074169999825244
update-client,update,1.5290410000261545
update-client,update,1.2519580000116548
update-client,update,1.560332999986258
update-client,update,0.93891699998494
update-client,update,1.2968749999799911
update-client,update,0.7254580000335409
update-client,update,1.1906249999924512
update-client,update,1.5917909999529911
update-client,update,0.7072079999943526
update-client,update,0.9946249999757129
update-client,update,0.7572499999923821
update-client,update,1.5712499999835927
update-client,update,0.6786250000345717
update-client,update,1.6710410000086995
update-client,update,0.9739580000314163
update-client,update,1.6762500000027103
update-client,update,1.030749999983982
update-client,update,2.399000000025353
update-client,update,1.067291000026671
update-client,update,0.6314999999972315
update-client,update,0.7855420000169033
update-client,update,2.2719169999732003
update-client,update,0.8775410000225747
update-client,update,1.5273750000233122
update-client,update,1.0682500000029904
update-client,update,0.997499999982665
update-client,update,1.0542080000277565
update-client,update,0.9595420000323429
update-client,update,0.8188329999825328
update-client,update,1.482582999983606
update-client,update,0.945249999972475
update-client,update,1.2153750000152286
update-client,update,1.312708999989809
update-client,update,0.8127500000227883
update-client,update,1.1341249999645697
update-client,update,1.4357079999740563
update-client,update,1.093707999984872
update-client,update,1.2177090000022872
update-client,update,0.5629999999996471
update-client,update,3.479207999987466
update-client,update,1.1025840000229437
update-client,update,1.02645799995571
update-client,update,0.9358330000281967
update-client,update,1.8893339999976888
update-client,update,0.9751670000355261
update-client,update,0.7971669999733422
update-client,update,0.8691250000083528
update-client,update,0.7996249999564498
update-client,update,1.0572080000201822
update-client,update,1.1144999999714855
update-client,update,0.7742910000274605
update-client,update,0.8375840000098833
update-client,update,0.9121250000134751
update-client,update,0.5071669999665573
update-client,update,1.503542000023117
update-client,update,0.8975000000077671
update-client,update,0.6340829999658126
update-client,update,1.1991249999709908
update-client,update,0.757000000021435
update-client,update,2.0506669999917904
update-client,update,1.0406670000406848
update-client,update,2.114708000021892
update-client,update,1.0498749999783286
update-client,update,1.010540999970999
update-client,update,0.7308329999773377
update-client,update,0.7945830000153364
update-client,update,0.9082079999984671
update-client,update,0.5502920000139966
update-client,update,1.2777080000319074
update-client,update,0.9653749999642969
update-client,update,1.5508749999639804
update-client,update,1.0929160000046068
update-client,update,0.7886669999948026
update-client,update,1.0990839999749369
update-client,update,0.8502089999637974
update-client,update,0.6606250000231739
update-client,update,1.121082999986811
update-client,update,0.8715829999914604
update-client,update,0.9153749999768479
update-client,update,1.8504160000247794
update-client,update,1.4324169999895275
update-client,update,0.8758329999523085
update-client,update,1.2538330000211317
update-client,update,0.848791999999321
update-client,update,0.8201659999826916
update-client,update,1.3470409999740696
update-client,update,1.304624999988846
update-client,update,7.029750000015156
update-client,update,3.252332999977625
update-client,update,1.0950829999956113
update-client,update,0.9044170000152008
update-client,update,0.7826249999993706
update-client,update,1.624875000004522
update-client,update,0.7071250000194595
update-client,update,0.8462090000307398
update-client,update,0.8129160000294178
update-client,update,1.0653329999854577
update-client,update,0.7385000000112996
update-client,update,2.264000000025135
update-client,update,0.769542000000456
update-client,update,1.6050829999585403
update-client,update,1.6004579999844282
update-client,update,1.6185419999601436
update-client,update,2.346333000048162
update-client,update,0.7598749999715437
update-client,update,0.7664579999868693
update-client,update,1.0415840000064236
update-client,update,0.7307500000024447
update-client,update,1.4818330000139213
update-client,update,0.8402500000102009
update-client,update,0.6559999999922184
update-client,update,0.87812499998563
update-client,update,0.9732920000260492
update-client,update,1.1098329999867929
update-client,update,1.2647500000184664
update-client,update,1.1184169999864935
update-client,update,1.5126669999858677
update-client,update,1.5188329999773487
update-client,update,1.0256669999648693
update-client,update,0.5628339999930176
update-client,update,2.0083750000026157
update-client,update,0.9988339999722484
update-client,update,0.8578330000545975
update-client,update,1.1572079999950802
update-client,update,0.7374999999569809
update-client,update,0.7583749999753309
update-client,update,1.1458330000095884
update-client,update,0.5931249999662214
update-client,update,1.5043749999676947
update-client,update,0.8182920000194827
update-client,update,0.5972499999984393
update-client,update,0.7692080000083479
update-client,update,0.9490420000020094
update-client,update,1.0672499999486718
update-client,update,1.1768329999881644
update-client,update,2.072666999993089
update-client,update,1.2640420000025188
update-client,update,0.5735000000299806
update-client,update,0.8803329999977905
update-client,update,1.037375000009888
update-client,update,0.7328750000397122
update-client,update,1.0323749999656684
update-client,update,0.6688340000096105
update-client,update,1.7861249999668871
update-client,update,3.4833329999628404
update-client,update,0.9369169999899896
update-client,update,6.459957999993549
update-client,update,73.66916699999138
update-client,update,15.389792000007674
update-client,update,2.357249999988653
update-client,update,1.2707500000033178
update-client,update,0.8520000000089567
update-client,update,3.400250000026972
update-client,update,1.3996669999869482
update-client,update,1.0699580000164133
update-client,update,1.5316249999841602
update-client,update,0.8459169999923688
update-client,update,1.0473330000309033
update-client,update,0.9315419999893493
update-client,update,1.0922499999992397
update-client,update,2.346624999972846
update-client,update,0.9111250000159998
update-client,update,0.6445000000212531
update-client,update,1.1911249999911888
update-client,update,1.535500000045431
update-client,update,1.1095410000052652
update-client,update,1.2083749999760585
update-client,update,1.768749999996544
update-client,update,2.4046249999969405
update-client,update,2.1509590000050594
update-client,update,0.7639169999720252
update-client,update,0.7249579999779598
update-client,update,1.2123750000228029
update-client,update,0.9852910000063275
update-client,update,0.955625000017335
update-client,update,1.119125000002441
update-client,update,0.8925839999847085
update-client,update,0.7870000000025357
update-client,update,2.137749999974403
update-client,update,1.177332999986902
update-client,update,0.9934590000284516
update-client,update,1.0209170000052836
update-client,update,1.3876250000066648
update-client,update,0.9455420000108461
update-client,update,1.7974589999880664
update-client,update,0.9251249999806532
update-client,update,1.2027089999833152
update-client,update,0.9687080000162496
update-client,update,0.8587500000203363
update-client,update,0.6574999999884312
update-client,update,0.9363330000269343
update-client,update,0.7322089999775017
update-client,update,1.132000000040989
update-client,update,0.8442910000212578
update-client,update,0.7206660000065312
update-client,update,1.328290999992987
update-client,update,0.9444169999710539
update-client,update,1.0567090000108692
update-client,update,1.0319999999524043
update-client,update,1.065959000015937
update-client,update,1.1940830000298774
update-client,update,0.7380000000125619
update-client,update,1.0841249999771208
update-client,update,0.993042000004607
update-client,update,1.156541999989713
update-client,update,1.3785829999619637
update-client,update,1.0859999999865977
update-client,update,1.4014999999858446
update-client,update,1.8408750000276086
update-client,update,1.1468750000176442
update-client,update,0.7652910000501834
update-client,update,0.9979170000065096
update-client,update,0.8137920000308441
update-client,update,1.1309170000117774
update-client,update,1.0917079999899215
update-client,update,0.6867920000104277
update-client,update,0.6630830000062815
update-client,update,0.8647500000051878
update-client,update,0.8358750000070359
update-client,update,2.0554170000082195
update-client,update,0.915667000015219
update-client,update,0.8736249999969914
update-client,update,0.5673750000028122
update-client,update,0.7372079999754533
update-client,update,0.6381249999662941
update-client,update,0.8024580000096648
update-client,update,1.5129170000136583
update-client,update,0.6446659999710391
update-client,update,0.7589589999952295
update-client,update,1.1005000000068321
update-client,update,1.112417000001642
update-client,update,0.7223329999987982
update-client,update,0.779709000028106
update-client,update,0.654457999985425
update-client,update,1.2695419999886326
update-client,update,0.790582999968592
update-client,update,1.0849160000248048
update-client,update,0.6655419999788137
update-client,update,0.7095409999919866
update-client,update,1.0428749999960019
update-client,update,1.291959000013776
update-client,update,0.6011250000028667
update-client,update,1.1153750000403306
update-client,update,0.9192919999918558
update-client,update,1.6284170000062659
update-client,update,1.3305830000263086
update-client,update,0.9572920000096019
update-client,update,1.222959000017454
update-client,update,1.089707999994971
update-client,update,3.085084000019833
update-client,update,0.8585420000031263
update-client,update,0.99333299999671
update-client,update,0.6442910000146185
update-client,update,1.4406249999865395
update-client,update,1.2643750000052023
update-client,update,1.499416999990899
update-client,update,1.347041000030913
update-client,update,0.9776670000292143
update-client,update,1.8822079999836205
update-client,update,1.4754169999946498
update-client,update,0.951417000010224
update-client,update,0.9874170000330196
update-client,update,0.6593749999979082
update-client,update,0.8189170000036938
update-client,update,0.9650420000184567
update-client,update,1.1722080000140522
update-client,update,1.300707999973838
update-client,update,0.8584170000176528
update-client,update,1.2417089999985365
update-client,update,0.8604999999874963
update-client,update,1.317459000006238
update-client,update,1.0152080000125352
update-client,update,0.6216670000185331
update-client,update,1.3189580000130263
update-client,update,0.5415420000076665
update-client,update,1.030374999970718
update-client,update,1.936084000021765
update-client,update,0.7318339999642376
update-client,update,0.7277499999531756
update-client,update,1.0347080000201458
update-client,update,1.3893340000095122
update-client,update,1.3055000000008476
update-client,update,0.7257499999582251
update-client,update,0.8681250000108776
update-client,update,0.9494170000152735
update-client,update,0.7412090000116223
update-client,update,1.0662079999974594
update-client,update,0.7625410000287047
update-client,update,0.8482920000005834
update-client,update,1.0870000000409163
update-client,update,1.373041999954694
update-client,update,1.0087499999826832
update-client,update,1.1131659999819021
update-client,update,0.894583999979659
update-client,update,0.7541250000144828
update-client,update,1.0711660000310985
update-client,update,1.1008330000095157
update-client,update,1.0271669999610822
update-client,update,1.22312499996724
update-client,update,0.666999999964446
update-client,update,0.978416999998899
update-client,update,0.6576249999739048
update-client,update,1.7346669999938058
update-client,update,0.7058340000298813
update-client,update,1.4947919999599435
update-client,update,1.0025000000268847
update-client,update,1.063917000010406
update-client,update,0.9655829999815069
update-client,update,0.7562499999949068
update-client,update,1.3634169999932055
update-client,update,0.9939579999809212
update-client,update,1.1184999999613865
update-client,update,1.4329579999525777
update-client,update,0.7704170000124577
update-client,update,0.8649160000118172
update-client,update,1.6000420000068516
update-client,update,0.9842919999982769
update-client,update,0.8380410000086158
update-client,update,2.0008750000215514
update-client,update,1.2109170000371705
update-client,update,0.6965000000036525
update-client,update,1.394582999978411
update-client,update,0.8860000000368018
update-client,update,0.8958750000260807
update-client,update,1.2421669999866936
update-client,update,1.4204170000198246
update-client,update,0.8685000000241416
update-client,update,0.939042000027257
update-client,update,1.389000000017404
update-client,update,0.5546250000065811
update-client,update,0.9719579999796224
update-client,update,1.8393329999639718
update-client,update,0.9779580000213173
update-client,update,1.0126660000082666
update-client,update,0.7606249999980719
update-client,update,1.0137500000269029
update-client,update,0.9989580000251408
update-client,update,1.3622499999996762
update-client,update,0.8820420000006379
update-client,update,0.7372500000428772
update-client,update,0.8482910000111588
update-client,update,1.1134169999991173
update-client,update,1.1050840000166318
update-client,update,1.4539580000132446
update-client,update,0.610499999993408
update-client,update,0.930249999953503
update-client,update,1.3443329999631715
update-client,update,1.1725830000273163
update-client,update,1.2543750000304499
update-client,update,0.9078329999852031
update-client,update,0.7740839999996751
update-client,update,0.7898339999883319
update-client,update,0.6742909999957192
update-client,update,1.7003340000201206
update-client,update,0.8983330000091883
update-client,update,2.2233330000176466
update-client,update,1.5258329999596754
update-client,update,1.5251250000005712
update-client,update,1.2979580000092028
update-client,update,6.8504999999845495
update-client,update,2.302499999984775
update-client,update,1.3871659999722397
update-client,update,2.545249999968746
update-client,update,1.2534169999867117
update-client,update,1.825666000002002
update-client,update,1.3875420000317717
update-client,update,1.0118749999605825
update-client,update,1.1975000000461478
update-client,update,1.3307499999655192
update-client,update,1.0129159999792137
update-client,update,1.3605409999968288
update-client,update,1.8806250000125146
update-client,update,0.9648340000012467
update-client,update,1.79758399997354
update-client,update,0.6783750000067812
update-client,update,1.1178750000340187
update-client,update,1.5976249999880565
update-client,update,2.067582999984552
update-client,update,0.976583000010578
update-client,update,1.8436249999922438
update-client,update,1.7993750000186992
update-client,update,1.231625000002623
update-client,update,3.8635829999975613
update-client,update,1.35899999997946
update-client,update,1.4594579999993584
update-client,update,3.2937500000116415
update-client,update,4.669999999975971
update-client,update,1.3433749999762767
update-client,update,3.0686669999795413
update-client,update,1.51454100000592
update-client,update,1.4921249999702013
update-client,update,2.255749999960699
update-client,update,1.937833999988925
update-client,update,1.7436670000279264
update-client,update,1.6385830000444912
update-client,update,1.1274579999849266
update-client,update,2.5581659999716067
update-client,update,1.4276659999836738
update-client,update,1.589875000036045
update-client,update,1.69208299996626
update-client,update,1.0671250000200416
update-client,update,1.1953750000088803
update-client,update,3.0207909999830918
update-client,update,1.7427910000265001
update-client,update,1.5066670000010163
update-client,update,2.04724999997552
update-client,update,1.1326249999683569
update-client,update,1.0851250000314394
update-client,update,1.037583000027098
update-client,update,1.1703330000045753
update-client,update,1.6485409999518197
update-client,update,1.4080830000011701
update-client,update,0.8427920000144695
update-client,update,0.959709000028397
update-client,update,0.8167079999452653
update-client,update,1.1007080000240421
update-client,update,0.895000000014079
update-client,update,1.9477920000099402
update-client,update,1.1949170000207232
update-client,update,0.9983749999946667
update-client,update,1.2875839999537675
update-client,update,1.0193749999984902
update-client,update,0.8893330000319111
update-client,update,1.7144160000270858
update-client,update,0.9147090000283242
update-client,update,1.0644580000302994
update-client,update,1.2340829999857306
update-client,update,0.8657079999920825
update-client,update,1.2210830000185524
update-client,update,1.952749999986736
update-client,update,1.1540410000066004
update-client,update,1.2264169999980368
update-client,update,1.5981250000436376
update-client,update,1.4352910000070551
update-client,update,1.4797090000229218
update-client,update,1.1358329999779926
update-client,update,0.7610830000430724
update-client,update,1.1418749999734246
update-client,update,1.6164580000008755
update-client,update,1.5726670000049126
update-client,update,1.208625000003849
update-client,update,0.9942080000087117
update-client,update,1.36816600002021
update-client,update,1.058499999999185
update-client,update,1.0084169999799997
update-client,update,0.8957499999837637
update-client,update,0.9015830000294045
update-client,update,1.1286250000352993
update-client,update,0.7449579999843081
update-client,update,2.187708000008115
update-client,update,1.294374999986303
update-client,update,1.821249999977681
update-client,update,1.3982909999867843
update-client,update,0.750750000008793
update-client,update,0.8473329999674206
update-client,update,1.8509999999878346
update-client,update,1.9000839999989694
update-client,update,1.9542079999723683
update-client,update,0.8461669999633159
update-client,update,2.7824160000022857
update-client,update,1.3410410000460615
update-client,update,1.283749999970496
update-client,update,1.9394590000274547
update-client,update,1.0170420000008562
update-client,update,1.235540999971363
update-client,update,1.6091249999590218
update-client,update,1.659874999972999
update-client,update,1.1048750000099972
update-client,update,1.1383749999822612
update-client,update,3.547749999995631
update-client,update,0.8583750000070722
update-client,update,1.196124999978565
update-client,update,0.6667499999934989
update-client,update,1.9648330000450187
update-client,update,0.9422910000012052
update-client,update,1.428083999996943
update-client,update,0.7410830000367241
update-client,update,2.070375000016611
update-client,update,1.081124999984695
update-client,update,1.3431669999590667
update-client,update,0.7913329999951202
update-client,update,1.4184999999997672
update-client,update,1.051542000027439
update-client,update,1.0714169999914702
update-client,update,0.9643330000130845
update-client,update,1.0476249999555876
update-client,update,1.407499999970696
update-client,update,0.8856659999878502
update-client,update,0.911541999983001
update-client,update,1.106292000031317
update-client,update,1.9522499999879983
update-client,update,1.123333000009552
update-client,update,2.466125000012198
update-client,update,1.7282079999745292
update-client,update,1.2287080000419337
update-client,update,1.1473750000163818
update-client,update,1.0990829999855123
update-client,update,1.8851670000117338
update-client,update,1.1049170000205777
update-client,update,1.2702500000045802
update-client,update,1.4146249999953397
update-client,update,1.0495420000324884
update-client,update,1.1062079999533125
update-client,update,1.9170420000023114
update-client,update,1.0742919999984224
update-client,update,1.365625000005366
update-client,update,2.423999999962234
update-client,update,1.488791999975092
update-client,update,0.8420839999985219
update-client,update,0.6340420000015001
update-client,update,1.5487910000047123
update-client,update,1.0390830000233109
update-client,update,1.1691670000004706
update-client,update,1.310875000001488
update-client,update,1.5762080000172318
update-client,update,0.913874999980635
update-client,update,1.198292000026413
update-client,update,1.1340829999539892
update-client,update,1.4307919999509977
update-client,update,1.0096670000052654
update-client,update,0.8829580000337955
update-client,update,1.1548749999974461
update-client,update,0.9227909999935946
update-client,update,0.5033339999727104
update-client,update,1.118958000006387
update-client,update,1.067083000009461
update-client,update,1.2881669999842416
update-client,update,0.8970000000090295
update-client,update,1.1532909999800722
update-client,update,0.8633749999944484
update-client,update,1.3063750000128493
update-client,update,0.8532500000342225
update-client,update,0.9019169999646692
update-client,update,0.8626249999679203
update-client,update,1.2175409999599651
update-client,update,1.2823750000166
update-client,update,1.5405409999971198
update-client,update,1.1117080000531132
update-client,update,0.759333000019069
update-client,update,1.1874170000396589
update-client,update,0.9592080000402348
update-client,update,0.8736670000075719
update-client,update,1.1235420000161866
update-client,update,1.4781660000267038
update-client,update,1.0863329999892812
update-client,update,0.9183749999692736
update-client,update,1.6230840000162061
update-client,update,1.2361249999912616
update-client,update,1.093332999971608
update-client,update,1.242499999989377
update-client,update,2.1301669999616024
update-client,update,2.2498339999970085
update-client,update,1.4888750000068285
update-client,update,1.2415830000236383
update-client,update,0.8738750000247819
update-client,update,1.1627080000380374
update-client,update,1.4983330000291062
update-client,update,2.275042000007943
update-client,update,0.9659170000304584
update-client,update,1.4958750000459986
update-client,update,0.854916999969646
update-client,update,2.7961669999854166
update-client,update,1.5125409999541262
update-client,update,1.1874169999828155
update-client,update,1.2674999999831016
update-client,update,1.1680000000069413
update-client,update,1.122834000000239
update-client,update,1.6597499999875254
update-client,update,1.7546660000107295
update-client,update,0.7620829999837042
update-client,update,1.0899999999764987
update-client,update,1.415750000035132
update-client,update,1.6993749999869578
update-client,update,1.3238750000255095
update-client,update,1.0431250000237924
update-client,update,1.1761659999933727
update-client,update,2.8609999999957836
update-client,update,0.6903340000121716
update-client,update,0.8012079999843991
update-client,update,1.0713749999808897
update-client,update,1.7894590000082644
update-client,update,1.1432499999841639
update-client,update,0.800916999992296
update-client,update,1.2230410000029224
update-client,update,1.3601250000192522
update-client,update,1.302916999975423
update-client,update,0.8676670000227205
update-client,update,0.7336670000199774
update-client,update,1.2074580000103197
update-client,update,1.2610829999744055
update-client,update,1.300583999977789
update-client,update,1.2809170000309678
update-client,update,1.0852910000380689
update-client,update,1.070957999957045
update-client,update,1.1409999999614229
update-client,update,1.187916999981553
update-client,update,0.9631249999983993
update-client,update,1.1000000000080945
update-client,update,1.2264999999729298
update-client,update,0.9639169999786645
update-client,update,1.0127499999725842
update-client,update,1.3084160000289558
update-client,update,0.7255839999515956
update-client,update,1.030458999991879
update-client,update,1.4558749999764586
update-client,update,3.1138329999862435
update-client,update,0.8726249999995161
update-client,update,0.8496670000113227
update-client,update,1.967459000013605
update-client,update,0.959707999982129
update-client,update,1.1162079999849084
update-client,update,1.0354579999898306
update-client,update,1.020417000006546
update-client,update,1.4670410000121592
update-client,update,1.3652079999815214
update-client,update,1.0847919999719124
update-client,update,1.2698749999913161
update-client,update,1.3538329999960297
update-client,update,1.5029580000032183
update-client,update,1.0332079999670896
update-client,update,1.4611660000127813
update-client,update,0.9310000000368746
update-client,update,1.3794160000202282
update-client,update,0.9275829999637608
update-client,update,3.23166699996591
update-client,update,1.1544579999736015
update-client,update,1.559708000002047
update-client,update,2.1037910000245574
update-client,update,1.5056249999929605
update-client,update,1.2730000000260588
update-client,update,1.2837919999810765
update-client,update,1.236167000001842
update-client,update,0.732040999992023
update-client,update,0.9224170000265985
update-client,update,1.5624170000023696
update-client,update,1.0368330000005699
update-client,update,0.9457499999712127
update-client,update,1.0023330000308306
update-client,update,1.211333000014747
update-client,update,1.2448329999870111
update-client,update,1.0312919999933001
update-client,update,0.9938339999848722
update-client,update,1.2987079999788875
update-client,update,0.5246250000254804
update-client,update,1.687666000009358
update-client,update,1.0229170000002341
update-client,update,0.9391670000127306
update-client,update,1.3544999999908214
update-client,update,1.9463749999886204
update-client,update,0.9435839999696327
update-client,update,1.121000000011918
update-client,update,2.118875000007847
update-client,update,6.4804579999986345
update-client,update,3.7308750000306645
update-client,update,4.9078330000043024
update-client,update,6.176291000031142
update-client,update,2.828292000003785
update-client,update,1.8743329999892921
update-client,update,2.659708999999566
update-client,update,2.572292000024845
update-client,update,6.165042000020549
update-client,update,6.633542000031412
update-client,update,2.022500000009586
update-client,update,4.121125000040138
update-client,update,2.0932079999624875
update-client,update,8.127041999955509
update-client,update,2.964625000004162
update-client,update,3.8303329999962443
update-client,update,6.203416999994715
update-client,update,2.5186659999576477
update-client,update,1.2356660000136799
update-client,update,3.6961249999762913
update-client,update,1.1236670000016602
update-client,update,1.871292000032554
update-client,update,1.3435839999829113
update-client,update,1.7327080000200112
update-client,update,4.330166999977791
update-client,update,2.2197920000053273
update-client,update,1.530166999998528
update-client,update,2.7435829999831185
update-client,update,1.3385839999955351
update-client,update,1.7663330000345923
update-client,update,2.867500000036216
update-client,update,2.521166999997604
update-client,update,2.5684999999953106
update-client,update,1.4312920000065787
update-client,update,3.781624999987798
update-client,update,4.522749999978259
update-client,update,2.891041999987465
update-client,update,1.6364169999860678
update-client,update,1.19854199999736
update-client,update,0.7009159999711301
update-client,update,2.3622080000222923
update-client,update,0.9867910000025404
update-client,update,0.6746249999878273
update-client,update,2.0521669999880032
update-client,update,1.4316670000198428
update-client,update,1.3657499999908396
update-client,update,0.892834000012499
update-client,update,1.5437079999855996
update-client,update,1.5565420000029917
update-client,update,1.3920829999847228
update-client,update,0.7796250000069449
update-client,update,1.4670840000121643
update-client,update,1.1689589999832606
update-client,update,1.8384999999625506
update-client,update,0.7832090000192693
update-client,update,1.7968749999681677
update-client,update,1.2371669999993173
update-client,update,0.6697919999965052
update-client,update,0.9514580000313799
update-client,update,0.6808750000004693
update-client,update,1.5755420000118647
update-client,update,0.8774579999908383
update-client,update,0.7945409999479125
update-client,update,1.5109169999618643
update-client,update,0.7984160000091833
update-client,update,1.442333999989387
update-client,update,1.1147920000098566
update-client,update,1.4400420000129088
update-client,update,0.6306660000063857
update-client,update,0.8628329999851303
update-client,update,0.912166000034631
update-client,update,2.1172089999481614
update-client,update,1.0024169999951482
update-client,update,1.0745830000473688
update-client,update,1.189707999969869
update-client,update,1.6147499999874526
update-client,update,1.382082999953127
update-client,update,1.0264170000482409
update-client,update,1.0988749999683023
update-client,update,1.1175419999744918
update-client,update,0.9420000000091022
update-client,update,2.004042000010031
update-client,update,0.6595410000045376
update-client,update,0.9525830000143287
update-client,update,1.1330410000027769
update-client,update,1.6427499999736028
update-client,update,1.0895830000094975
update-client,update,0.7143330000189962
update-client,update,1.007749999985208
update-client,update,2.4091669999961596
update-client,update,1.248875000044336
update-client,update,1.3480829999821253
update-client,update,0.8109579999882044
update-client,update,1.4400420000129088
update-client,update,1.1296669999865117
update-client,update,1.141708000034214
update-client,update,1.0029580000150418
update-client,update,1.1185420000288104
update-client,update,1.598042000011901
update-client,update,0.7225420000054328
update-client,update,0.9402499999850988
update-client,update,0.6940410000311203
update-client,update,1.907042000027559
update-client,update,1.655833999961942
update-client,update,0.7059580000259302
update-client,update,0.7711659999927178
update-client,update,1.160708000043087
update-client,update,1.3317080000092574
update-client,update,0.7296250000194959
update-client,update,0.6922080000322239
update-client,update,0.7278749999954925
update-client,update,1.511542000002919
update-client,update,2.5358330000244678
update-client,update,0.9542499999497522
update-client,update,1.924041999984638
update-client,update,1.3641250000091532
update-client,update,1.0372090000032586
update-client,update,1.0300419999680344
update-client,update,2.4715829999877315
update-client,update,1.2306250000051477
update-client,update,0.6882920000066406
update-client,update,3.2147499999837237
update-client,update,1.0673749999909887
update-client,update,1.2837500000273394
update-client,update,1.2492500000007567
update-client,update,1.398749999964366
update-client,update,0.8400419999929909
update-client,update,2.787124999997559
update-client,update,1.756082999975206
update-client,update,1.8829159999995682
update-client,update,1.2393750000114778
update-client,update,0.5877500000224245
update-client,update,1.723292000008314
update-client,update,1.3019579999991038
update-client,update,1.1473330000058013
update-client,update,0.9383340000113094
update-client,update,1.600125000038588
update-client,update,0.6578750000016953
update-client,update,1.281624999990072
update-client,update,1.024874999984604
update-client,update,1.1500840000167045
update-client,update,1.6610829999876842
update-client,update,0.9656670000026679
update-client,update,1.0110420000160047
update-client,update,1.0658329999841953
update-client,update,0.9932080000112364
update-client,update,1.2387500000272667
update-client,update,1.2019160000136253
update-client,update,0.9632080000301357
update-client,update,1.4162079999664456
update-client,update,1.2407080000116366
update-client,update,1.0280409999836593
update-client,update,0.7354169999871374
update-client,update,0.9906249999858119
update-client,update,0.6372080000005553
update-client,update,0.9518329999878006
update-client,update,1.2122079999699054
update-client,update,0.7863750000183245
update-client,update,1.1310840000078315
update-client,update,1.1075410000103147
update-client,update,0.9753749999958927
update-client,update,1.7486670000153026
update-client,update,1.0365420000084669
update-client,update,1.1222089999591844
update-client,update,2.5583750000350847
update-client,update,1.0134999999991123
update-client,update,1.0120000000028995
update-client,update,1.6718749999995453
update-client,update,2.9182079999827693
update-client,update,1.3416659999734293
update-client,update,1.4792499999884967
update-client,update,0.748790999978155
update-client,update,1.2774589999935415
update-client,update,1.3015000000109467
update-client,update,1.2535419999721853
update-client,update,0.8772080000198912
update-client,update,1.0701659999767799
update-client,update,0.619000000028791
update-client,update,0.8784579999883135
update-client,update,1.2700839999979507
update-client,update,1.3431669999590667
update-client,update,0.8145000000467917
update-client,update,1.2152919999834921
update-client,update,1.702416999989964
update-client,update,0.8854580000274836
update-client,update,0.9684999999990396
update-client,update,1.478209000026709
update-client,update,1.02470799998855
update-client,update,1.1497080000140159
update-client,update,1.4121659999659641
update-client,update,1.6110000000253422
update-client,update,1.6161660000193478
update-client,update,1.0192920000235972
update-client,update,1.287458999968294
update-client,update,0.859374999947704
update-client,update,1.197416999957568
update-client,update,0.8892920000107551
update-client,update,0.7785409999883086
update-client,update,1.1730840000154785
update-client,update,2.4395420000473678
update-client,update,1.58066599999529
update-client,update,1.1279999999942447
update-client,update,0.5639579999865418
update-client,update,0.7999580000159767
update-client,update,0.742667000054098
update-client,update,0.784375000023374
update-client,update,1.1984170000118866
update-client,update,1.4044579999676898
update-client,update,0.6870000000276377
update-client,update,0.8726670000100967
update-client,update,0.8212909999656404
update-client,update,1.0720829999968373
update-client,update,1.5987090000066928
update-client,update,0.9145830000534261
update-client,update,0.9526250000249092
update-client,update,1.8019579999872803
update-client,update,0.9813330000270071
update-client,update,1.0819999999966967
update-client,update,1.0772910000014235
update-client,update,0.7187919999864789
update-client,update,1.001625000014883
update-client,update,1.2744579999548478
update-client,update,0.9085419999905753
update-client,update,1.2119590000452263
update-client,update,1.420082999970873
update-client,update,1.5956250000499494
update-client,update,0.786209000011695
update-client,update,0.6333750000067084
update-client,update,1.5137500000150794
update-client,update,1.183374999982334
update-client,update,1.1452919999896949
update-client,update,0.8582920000321792
update-client,update,1.4910840000084136
update-client,update,0.7044160000191368
update-client,update,1.1954999999943539
update-client,update,1.8160839999836753
update-client,update,1.7982500000357504
update-client,update,0.6337919999737096
update-client,update,1.345083000046543
update-client,update,1.813249999997879
update-client,update,1.2681669999778933
update-client,update,0.8883329999775924
update-client,update,1.357417000008354
update-client,update,0.9822079999821653
update-client,update,1.0949580000101378
update-client,update,1.629250000007687
update-client,update,1.315540999996756
update-client,update,1.0540829999854395
update-client,update,0.8557919999816477
update-client,update,1.4467909999780204
update-client,update,1.4547499999935098
update-client,update,0.7894170000213308
update-client,update,0.9895829999777561
update-client,update,1.2147500000310174
update-client,update,1.9217920000187405
update-client,update,1.6733749999957581
update-client,update,1.1528329999919151
update-client,update,0.990999999999076
update-client,update,1.0149159999741642
update-client,update,1.6375000000152795
update-client,update,0.8451249999552601
update-client,update,0.6992920000357117
update-client,update,1.7479159999993499
update-client,update,0.9004169999684564
update-client,update,1.135458000021572
update-client,update,1.2037089999807904
update-client,update,1.7970419999642218
update-client,update,0.8810420000031627
update-client,update,1.3479590000429198
update-client,update,0.7827919999954247
update-client,update,1.164083999981358
update-client,update,1.9742079999787165
update-client,update,0.792459000024337
update-client,update,1.0454580000214264
update-client,update,0.7168749999664215
update-client,update,1.1100830000145834
update-client,update,1.6659170000252743
update-client,update,1.2131660000136435
update-client,update,1.3707090000139033
update-client,update,0.8683340000175122
update-client,update,1.603541999998015
update-client,update,0.8489999999596876
update-client,update,0.7442920000357844
update-client,update,0.7961670000327103
update-client,update,1.2149589999808086
update-client,update,1.4087920000065424
update-client,update,1.5127500000176042
update-client,update,0.9758750000514738
update-client,update,1.297208000039518
update-client,update,1.2723329999744237
update-client,update,1.8239999999991596
update-client,update,0.9770830000093156
update-client,update,1.380165999989913
update-client,update,1.2247500000057698
update-client,update,1.178917000004276
update-client,update,1.0220000000344953
update-client,update,0.7929579999768066
update-client,update,1.516583000011451
update-client,update,0.8353329999977177
update-client,update,1.0321670000053018
update-client,update,1.037750000023152
update-client,update,1.3397920000102204
update-client,update,2.191332999984752
update-client,update,1.0106670000027407
update-client,update,0.8787919999804217
update-client,update,0.7049170000072991
update-client,update,1.4315419999775258
update-client,update,0.7945000000404434
update-client,update,1.4231250000307227
update-client,update,0.7182909999983167
update-client,update,1.1585419999846636
update-client,update,1.8631660000210104
update-client,update,2.0974999999907595
update-client,update,1.0819170000218037
update-client,update,1.0102090000145836
update-client,update,0.6628339999679156
update-client,update,1.6987500000027467
update-client,update,1.03270900001462
update-client,update,1.2911669999766673
update-client,update,0.6986669999946571
update-client,update,1.025083000001814
update-client,update,0.8247920000030717
update-client,update,1.5715000000113832
update-client,update,1.3157500000033906
update-client,update,0.7768750000423097
update-client,update,1.1118749999923239
update-client,update,0.7958329999837588
update-client,update,1.3600839999980963
update-client,update,1.0064169999850492
update-client,update,1.1421659999655276
update-client,update,1.1418339999522686
update-client,update,1.0665419999895676
update-client,update,1.858707999986109
update-client,update,1.1405000000195287
update-client,update,1.156416000014815
update-client,update,2.29954200000293
update-client,update,1.32566700000325
update-client,update,0.9678330000042479
update-client,update,1.2913750000507207
update-client,update,1.8580830000018977
update-client,update,0.7901669999910155
update-client,update,0.9307090000447715
update-client,update,0.9617079999770795
update-client,update,0.9938750000060281
update-client,update,1.5527919999840378
update-client,update,0.9679170000254089
update-client,update,2.720540999973764
update-client,update,1.0873330000436
update-client,update,1.3644999999655738
update-client,update,0.6957919999877049
update-client,update,0.7127910000122029
update-client,update,2.6738330000171118
update-client,update,2.218540999990637
update-client,update,1.110750000009375
update-client,update,1.082999999994172
update-client,update,0.8145830000216847
update-client,update,1.8273750000048494
update-client,update,1.0340420000147788
update-client,update,1.0730419999731566
update-client,update,1.363749999995889
update-client,update,1.121000000011918
update-client,update,1.3517499999693428
update-client,update,1.0112090000120588
update-client,update,1.3618340000220996
update-client,update,0.9808330000282695
update-client,update,2.1593750000192813
update-client,update,0.8730839999770978
update-client,update,1.150499999994281
update-client,update,0.6368749999978718
update-client,update,2.4562919999766564
update-client,update,0.9453339999936361
update-client,update,0.9014590000333556
update-client,update,1.2049999999703687
update-client,update,1.4340829999923699
update-client,update,1.6312500000026375
update-client,update,0.9185839999759082
update-client,update,1.204332999975577
update-client,update,1.083084000015333
update-client,update,1.6030419999992773
update-client,update,1.088041000002704
update-client,update,0.6328749999511274
update-client,update,1.3072499999680076
update-client,update,1.1595419999821388
update-client,update,4.3621250000001055
update-client,update,1.0501670000166996
update-client,update,0.9897090000094977
update-client,update,1.053541999965546
update-client,update,1.501749999988533
update-client,update,1.053458999990653
update-client,update,1.4039579999689522
update-client,update,0.8941250000020773
update-client,update,1.1615839999876698
update-client,update,0.6832089999875279
update-client,update,1.913750000028358
update-client,update,1.5777090000028693
update-client,update,0.945000000001528
update-client,update,1.6361250000045402
update-client,update,1.0006250000174077
update-client,update,1.3541670000449813
update-client,update,0.9588340000163953
update-client,update,1.2609999999995125
update-client,update,0.9707500000217806
update-client,update,1.8452080000201931
update-client,update,1.5061250000485416
update-client,update,1.1321249999696192
update-client,update,1.0018329999752495
update-client,update,0.9124580000161586
update-client,update,1.047874999983378
update-client,update,1.3330830000199967
update-client,update,0.8114999999975225
update-client,update,1.4968749999866304
update-client,update,2.9107089999911295
update-client,update,0.8882089999815435
update-client,update,0.8411670000327831
update-client,update,1.2609999999995125
update-client,update,0.9961250000287691
update-client,update,0.9684999999990396
update-client,update,2.4703340000087337
update-client,update,1.0083750000262626
update-client,update,0.8855419999918013
update-client,update,0.9753339999747368
update-client,update,2.2280829999772322
update-client,update,1.0419170000091071
update-client,update,0.9198750000223299
update-client,update,0.9202499999787506
update-client,update,1.6444160000332886
update-client,update,0.8918749999793363
update-client,update,1.9842499999640495
update-client,update,1.5352500000176406
update-client,update,1.0955839999837735
update-client,update,1.6577499999925749
update-client,update,1.0510419999718579
update-client,update,1.455708000037248
update-client,update,0.6365420000520317
update-client,update,0.9842499999876964
update-client,update,0.9537079999972775
update-client,update,0.9689580000440401
update-client,update,0.7518749999917418
update-client,update,1.7724169999837613
update-client,update,1.1985840000079406
update-client,update,0.7181670000022677
update-client,update,1.0239580000188653
update-client,update,1.2542909999524454
update-client,update,2.57808400004933
update-client,update,1.1965420000024096
update-client,update,0.953750000007858
update-client,update,3.8839580000171736
update-client,update,1.938666999990346
update-client,update,1.2456250000241198
update-client,update,1.1851250000063374
update-client,update,0.7833749999690554
update-client,update,1.1733750000075815
update-client,update,1.385999999968135
update-client,update,0.7262500000138061
update-client,update,2.11554099996647
update-client,update,1.488249999965774
update-client,update,1.461249999977099
update-client,update,1.4550420000318809
update-client,update,1.4944590000141034
update-client,update,0.8609170000113409
update-client,update,1.0178329999916969
update-client,update,1.3303750000090986
update-client,update,1.4910840000084136
update-client,update,0.9278329999915513
update-client,update,1.178958999958013
update-client,update,1.0855000000447035
update-client,update,1.7697499999940192
update-client,update,0.9583330000282331
update-client,update,0.9015000000545115
update-client,update,0.9181249999983265
update-client,update,0.6592080000018541
update-client,update,1.608166999972127
update-client,update,0.9378750000337277
update-client,update,0.7477500000163673
update-client,update,0.8691670000189333
update-client,update,0.8366659999978765
update-client,update,0.9817089999728523
update-client,update,1.321875000030559
update-client,update,1.0884170000053928
update-client,update,0.9581250000110231
update-client,update,1.0127909999937401
update-client,update,0.803375000032247
update-client,update,0.817417000007481
update-client,update,3.0934999999772117
update-client,update,1.8294999999852735
update-client,update,1.3260840000270946
update-client,update,0.8004160000041338
update-client,update,0.8511670000075355
update-client,update,1.6202500000304099
update-client,update,1.144167000006746
update-client,update,0.8446670000239465
update-client,update,2.05720899998596
update-client,update,2.4654580000174064
update-client,update,1.6200830000343558
update-client,update,1.1063329999956295
update-client,update,1.1467079999647467
update-client,update,0.8286659999612311
update-client,update,0.9406660000195188
update-client,update,0.9082079999984671
update-client,update,0.8667500000001382
update-client,update,3.1666250000057516
update-client,update,1.195666999990408
update-client,update,1.1460419999593796
update-client,update,0.7782499999962056
update-client,update,0.7807920000004742
update-client,update,0.8582500000215987
update-client,update,0.8081249999918327
update-client,update,0.9877500000357031
update-client,update,0.7134580000069946
update-client,update,0.9375409999847761
update-client,update,0.9556659999816475
update-client,update,1.0919999999714491
update-client,update,0.9562500000015461
update-client,update,1.2827919999836013
update-client,update,1.039625000032629
update-client,update,0.8154170000125305
update-client,update,1.4667500000200562
update-client,update,1.4774160000001757
update-client,update,0.8804170000189515
update-client,update,1.3166670000259728
update-client,update,0.779958999999053
update-client,update,0.765666000006604
update-client,update,1.288083000019924
update-client,update,1.3124170000082813
update-client,update,1.177916000017376
update-client,update,1.7217500000015207
update-client,update,2.062999999964177
update-client,update,1.0402920000274207
update-client,update,1.0165830000232745
update-client,update,0.7580000000189102
update-client,update,1.030916999980036
update-client,update,0.6277080000245405
update-client,update,0.9748340000328426
update-client,update,1.0647089999906711
update-client,update,0.7924999999886495
update-client,update,0.6688750000307664
update-client,update,0.604750000036347
update-client,update,3.714291999983743
update-client,update,1.5295829999786292
update-client,update,1.3020829999845773
update-client,update,1.6375829999901725
update-client,update,1.2952499999983047
update-client,update,1.8534580000277856
update-client,update,4.72504200001822
update-client,update,0.8861670000328559
update-client,update,1.133207999998831
update-client,update,0.7260410000071715
update-client,update,1.12725000002456
update-client,update,0.7839169999783735
update-client,update,0.913792000005742
update-client,update,0.564582999970753
update-client,update,1.3387500000021646
update-client,update,1.965833000042494
update-client,update,1.655874999983098
update-client,update,1.3789160000214906
update-client,update,2.160458999981074
update-client,update,0.7921249999753854
update-client,update,1.0844579999798043
update-client,update,1.1885419999657643
update-client,update,0.8961249999970278
update-client,update,1.6276670000365812
update-client,update,0.7046250000257714
update-client,update,0.7936250000284417
update-client,update,0.911750000000211
update-client,update,0.9062500000140972
update-client,update,1.020458999960283
update-client,update,0.794417000008707
update-client,update,0.8607909999795993
update-client,update,1.2256669999715086
update-client,update,2.6530000000093423
update-client,update,1.6147910000086085
update-client,update,1.0339580000504611
update-client,update,0.8894169999962287
update-client,update,1.0401670000419472
update-client,update,1.4294169999971018
update-client,update,1.3964589999773125
update-client,update,0.7876660000079028
update-client,update,1.6700420000006488
update-client,update,1.0150830000270616
update-client,update,1.0977499999853535
update-client,update,0.8397089999903073
update-client,update,0.8440830000040478
update-client,update,1.178999999979169
update-client,update,0.49650000005385664
update-client,update,0.988957999993545
update-client,update,0.9152080000376372
update-client,update,1.2045419999822116
update-client,update,1.1026250000440996
update-client,update,0.9865419999641745
update-client,update,1.0702079999873604
update-client,update,1.3880000000199288
update-client,update,1.170999999999367
update-client,update,2.128166999966652
update-client,update,0.8062500000391992
update-client,update,0.9692499999687243
update-client,update,0.7780830000001515
update-client,update,0.9874169999761762
update-client,update,1.7977499999801694
update-client,update,0.6916250000017499
update-client,update,0.7791659999725198
update-client,update,1.258791999987352
update-client,update,1.5183749999891916
update-client,update,0.9235409999632793
update-client,update,0.9246669999924961
update-client,update,1.1096659999907388
update-client,update,0.7448750000094151
update-client,update,0.744499999996151
update-client,update,1.6550000000279397
update-client,update,1.143915999989531
update-client,update,1.0088340000038443
update-client,update,0.8750000000077307
update-client,update,1.1738329999957386
update-client,update,1.1405419999732658
update-client,update,0.9993329999815614
update-client,update,0.8055829999875641
update-client,update,0.8178749999956381
update-client,update,1.0172080000074857
update-client,update,0.7987500000012915
update-client,update,0.9409159999904659
update-client,update,0.7790829999976268
update-client,update,0.7711249999715619
update-client,update,1.2362090000124226
update-client,update,0.9532079999985399
update-client,update,1.1113340000292737
update-client,update,0.8627920000208178
update-client,update,1.1365830000045207
update-client,update,1.0864170000104423
update-client,update,1.0944169999902442
update-client,update,2.225541000029807
update-client,update,2.7807499999994434
update-client,update,1.0622080000075584
update-client,update,1.537124999970274
update-client,update,1.3395000000286927
update-client,update,0.9812080000415335
update-client,update,0.7769579999603593
update-client,update,1.3173750000419204
update-client,update,0.9846669999546975
update-client,update,0.9430000000065775
update-client,update,1.4664590000279532
update-client,update,1.1643750000303044
update-client,update,0.7244999999898027
update-client,update,1.9553330000121605
update-client,update,0.9527909999746953
update-client,update,1.4737920000129634
update-client,update,0.8427079999933085
update-client,update,1.1648749999721986
update-client,update,1.1595830000032947
update-client,update,1.4289580000195201
update-client,update,3.6803749999876345
update-client,update,0.6010839999817108
update-client,update,0.9233330000029127
update-client,update,1.1159999999676984
update-client,update,1.5264589999901546
update-client,update,1.288417000012032
update-client,update,0.6881250000105865
update-client,update,0.962042000026031
update-client,update,1.4042500000073233
update-client,update,2.085000000022319
update-client,update,1.1522919999720216
update-client,update,1.2375420000125814
update-client,update,1.2844169999652877
update-client,update,1.3505829999758134
update-client,update,1.7598750000047403
update-client,update,0.7372499999860338
update-client,update,1.8212500000345244
update-client,update,0.6159999999795218
update-client,update,1.079000000004271
update-client,update,1.1616670000194063
update-client,update,0.9591670000190788
update-client,update,0.6554589999723248
update-client,update,0.7135420000281556
update-client,update,1.1300419999997757
update-client,update,1.079041000025427
update-client,update,0.7713749999993524
update-client,update,1.0804579999899033
update-client,update,0.9707500000217806
update-client,update,1.4924170000085724
update-client,update,1.0532499999840184
update-client,update,1.0305000000130349
update-client,update,1.1446659999592157
update-client,update,1.0662079999974594
update-client,update,0.9630829999878188
update-client,update,0.970250000023043
update-client,update,0.5911250000281143
update-client,update,2.2442499999897336
update-client,update,1.0089170000355807
update-client,update,0.8325839999656637
update-client,update,0.976166999976158
update-client,update,3.6523329999909038
update-client,update,1.3441250000028049
update-client,update,0.8829170000126396
update-client,update,0.5826249999927313
update-client,update,0.901207999959297
update-client,update,1.2031249999608917
update-client,update,1.649333999978353
update-client,update,1.206582999998318
update-client,update,0.9907500000281289
update-client,update,1.00350000002436
update-client,update,1.0527499999852807
update-client,update,0.6408749999877728
update-client,update,0.81341700001758
update-client,update,0.9928750000085529
update-client,update,1.0189169999534897
update-client,update,0.8002079999869238
update-client,update,2.2704169999769874
update-client,update,0.9918330000004971
update-client,update,1.8034999999940737
update-client,update,0.9681249999857755
update-client,update,0.9817920000045888
update-client,update,1.026166999963607
update-client,update,1.0193749999984902
update-client,update,1.600290999988374
update-client,update,0.8531660000130614
update-client,update,0.7962089999864475
update-client,update,1.1695839999674718
update-client,update,1.6576250000071013
update-client,update,1.0298340000076678
update-client,update,0.8466250000083164
update-client,update,2.3046660000431984
update-client,update,0.7932500000151776
update-client,update,3.278165999972771
update-client,update,3.77058300000499
update-client,update,2.1537499999908505
update-client,update,1.7880419999869446
update-client,update,2.308583000001363
update-client,update,2.25441699996054
update-client,update,1.4809999999556567
update-client,update,2.620458999956554
update-client,update,1.3932499999782522
update-client,update,2.609958000050483
update-client,update,1.24225000001843
update-client,update,0.884374999998272
update-client,update,1.8743329999892921
update-client,update,0.9727909999810436
update-client,update,0.9253339999872878
update-client,update,1.2258749999887186
update-client,update,1.162792000002355
update-client,update,1.9354579999912858
update-client,update,0.8528339999998025
update-client,update,0.6349999999883948
update-client,update,1.20170899998584
update-client,update,0.909709000040948
update-client,update,0.7382079999729285
update-client,update,1.4123750000294422
update-client,update,0.9692499999687243
update-client,update,2.0245840000256976
update-client,update,0.8802090000017415
update-client,update,1.8682920000401282
update-client,update,2.5973339999723066
update-client,update,1.1072919999719488
update-client,update,0.9209589999841228
update-client,update,1.8070830000169735
update-client,update,1.126666999994086
update-client,update,1.5207079999868256
update-client,update,1.5861660000382471
update-client,update,1.1680000000069413
update-client,update,1.0739160000525771
update-client,update,0.8916250000083892
update-client,update,1.342291999947065
update-client,update,1.7717909999532822
update-client,update,1.0985000000118816
update-client,update,1.0126249999871106
update-client,update,0.7227500000226428
update-client,update,1.0418749999985266
update-client,update,1.3327089999961572
update-client,update,1.174791999972058
update-client,update,2.3953749999918728
update-client,update,2.7532920000226113
update-client,update,0.8812910000415286
update-client,update,0.7937080000033347
update-client,update,0.9649169999761398
update-client,update,1.524125000003096
update-client,update,1.3092079999523776
update-client,update,1.0659999999802494
update-client,update,0.7041249999701904
update-client,update,1.7132920000335616
update-client,update,1.115042000037647
update-client,update,3.113957999971717
update-client,update,1.8797079999899324
update-client,update,1.183958000012808
update-client,update,1.3513339999917662
update-client,update,0.6598340000323333
update-client,update,1.3634169999932055
update-client,update,1.2806660000137526
update-client,update,1.0716669999624173
update-client,update,1.1312499999576175
update-client,update,1.2473749999912798
update-client,update,1.2278329999730886
update-client,update,0.9167919999981677
update-client,update,0.6442499999934626
update-client,update,1.4330419999737387
update-client,update,1.1469159999819567
update-client,update,2.0154590000061035
update-client,update,2.413790999980847
update-client,update,0.9896249999883366
update-client,update,1.1532910000369156
update-client,update,1.607750000005126
update-client,update,2.1339590000479802
update-client,update,1.3440000000173313
update-client,update,1.3013330000148926
update-client,update,0.7194169999706901
update-client,update,1.1693750000176806
update-client,update,0.7801250000056825
update-client,update,0.6052090000139287
update-client,update,0.7217090000040116
update-client,update,1.261124999984986
update-client,update,1.1452919999896949
update-client,update,2.193667000028654
update-client,update,1.0069580000049427
update-client,update,0.8032079999793496
update-client,update,1.181375000044227
update-client,update,1.6646670000000086
update-client,update,1.6752919999589722
update-client,update,0.8290830000419191
update-client,update,0.7447919999776786
update-client,update,1.27558299999464
update-client,update,1.4514580000195565
update-client,update,1.2784589999910168
update-client,update,1.51575000001003
update-client,update,0.8672079999882953
update-client,update,1.1061249999784195
update-client,update,1.145875000020169
update-client,update,1.4590000000112013
update-client,update,1.2205410000092343
update-client,update,1.3227500000425607
update-client,update,1.4283339999678901
update-client,update,1.0757919999946353
update-client,update,1.3556249999737702
update-client,update,0.9339580000187198
update-client,update,3.116374999990512
update-client,update,1.2124579999976959
update-client,update,1.0247089999779746
update-client,update,1.022082999952545
update-client,update,0.8288750000247092
update-client,update,0.8698749999780375
update-client,update,1.5855409999971926
update-client,update,1.2083749999760585
update-client,update,6.688457999985076
update-client,update,0.7818330000191054
update-client,update,1.7383750000021791
update-client,update,0.6390409999994517
update-client,update,0.9516249999705906
update-client,update,2.215041999988898
update-client,update,1.1796669999739606
update-client,update,0.9239160000333868
update-client,update,0.7281669999770202
update-client,update,0.9112920000120539
update-client,update,1.3330410000094162
update-client,update,0.668958999995084
update-client,update,1.206749999994372
update-client,update,1.3934169999743062
update-client,update,1.030749999983982
update-client,update,0.7353329999659763
update-client,update,1.2341670000068916
update-client,update,1.255165999964447
update-client,update,1.9965829999932794
update-client,update,1.6524590000130956
update-client,update,3.408000000035827
update-client,update,1.3390830000048481
update-client,update,2.5695830000245223
update-client,update,0.9519590000195421
update-client,update,0.7360829999925045
update-client,update,1.9518330000209971
update-client,update,3.6396669999589903
update-client,update,1.183582999999544
update-client,update,1.990583000008428
update-client,update,1.2642080000091482
update-client,update,0.9755830000131027
update-client,update,1.0097080000264214
update-client,update,2.2385000000326727
update-client,update,0.9560830000054921
update-client,update,1.3807500000098116
update-client,update,0.8445409999922049
update-client,update,1.0686250000162545
update-client,update,1.997082999992017
update-client,update,1.7145840000125645
update-client,update,0.566333999984181
update-client,update,0.619167000024845
update-client,update,0.8713749999742504
update-client,update,1.564250000001266
update-client,update,0.9266669999874466
update-client,update,1.0280420000299273
update-client,update,1.3389589999519558
update-client,update,0.9423750000223663
update-client,update,0.8890830000041205
update-client,update,0.7807920000004742
update-client,update,0.6929170000375962
update-client,update,1.1080829999627895
update-client,update,0.6597089999900163
update-client,update,0.5824579999966772
update-client,update,1.0671670000306221
update-client,update,0.9081669999773112
update-client,update,0.8564999999975953
update-client,update,1.0152910000442716
update-client,update,0.8127079999553644
update-client,update,1.2029590000111057
update-client,update,1.0994160000450393
update-client,update,1.4145000000098662
update-client,update,1.0684169999990445
update-client,update,0.8942919999981314
update-client,update,0.7537500000012187
update-client,update,1.4571250000017244
update-client,update,2.0024170000283448
update-client,update,1.5378329999862217
update-client,update,1.0459999999739011
update-client,update,0.9707920000323611
update-client,update,1.302667000004476
update-client,update,0.9670830000345632
update-client,update,1.4993749999803185
update-client,update,0.9368750000362525
update-client,update,0.7232500000213804
update-client,update,0.7390420000206177
update-client,update,0.6045000000085565
update-client,update,1.8139169999926708
update-client,update,2.121875000000273
update-client,update,0.7534579999628477
update-client,update,0.9790830000042661
update-client,update,0.5415830000288224
update-client,update,1.3337500000147884
update-client,update,2.6958749999721476
update-client,update,1.0619170000154554
update-client,update,1.0411670000394224
update-client,update,0.6635000000301261
update-client,update,1.2908749999951397
update-client,update,1.2120840000306998
update-client,update,1.0274589999994532
update-client,update,0.8350829999699272
update-client,update,0.9983329999840862
update-client,update,1.114207999989958
update-client,update,1.5824580000298738
update-client,update,0.9939999999915017
update-client,update,1.379790999976649
update-client,update,0.6435409999880903
update-client,update,1.2345000000095752
update-client,update,1.0767919999921105
update-client,update,1.1758329999906891
update-client,update,1.5160000000378204
update-client,update,0.9719160000258853
update-client,update,1.6764169999987644
update-client,update,1.7537500000344153
update-client,update,1.2161660000060692
update-client,update,1.4546250000080363
update-client,update,1.3057080000180576
update-client,update,0.9477909999873191
update-client,update,1.0123750000161635
update-client,update,0.5891659999974763
update-client,update,0.9334169999988262
update-client,update,0.7196669999984806
update-client,update,0.6824160000178381
update-client,update,1.7451660000347147
update-client,update,0.7021669999858204
update-client,update,1.2137919999872793
update-client,update,1.2409999999931642
update-client,update,2.6177499999562315
update-client,update,1.3792920000241793
update-client,update,1.1259999999992942
update-client,update,19.272208000018054
update-client,update,2.913042000045607
update-client,update,1.8377090000285534
update-client,update,27.8794579999726
update-client,update,2.237874999991618
update-client,update,1.6296249999641077
update-client,update,0.9522500000116452
update-client,update,3.5734159999947224
update-client,update,1.426542000046993
update-client,update,2.662792000023728
update-client,update,1.3539580000383467
update-client,update,0.9629159999917647
update-client,update,1.043458000026476
update-client,update,0.9669589999816708
update-client,update,1.0377909999874646
update-client,update,1.9803750000164655
update-client,update,1.1629580000089845
update-client,update,2.3357079999755115
update-client,update,1.3449169999830701
update-client,update,1.1447919999909573
update-client,update,0.6547920000343765
update-client,update,1.6385829999876478
update-client,update,0.8945419999690785
update-client,update,1.7167089999929885
update-client,update,1.188333000015973
update-client,update,1.355208000006769
update-client,update,0.7717500000126165
update-client,update,0.8752500000355212
update-client,update,1.423541999997724
update-client,update,1.0008749999883548
update-client,update,0.8025409999845579
update-client,update,0.7311660000368647
update-client,update,0.7722089999901982
update-client,update,0.9624999999573447
update-client,update,2.2593749999941792
update-client,update,1.9726250000076107
update-client,update,1.2099170000396953
update-client,update,0.6846660000405791
update-client,update,1.1655420000238337
update-client,update,0.6536669999945843
update-client,update,1.3682909999488402
update-client,update,0.9062500000140972
update-client,update,1.0240830000043388
update-client,update,1.2886669999829792
update-client,update,1.0064159999956246
update-client,update,0.7574580000095921
update-client,update,0.9729580000339411
update-client,update,1.0620830000220849
update-client,update,0.7228749999512729
update-client,update,0.7352090000267708
update-client,update,1.4159589999849231
update-client,update,0.9315829999536618
update-client,update,0.9213750000185428
update-client,update,1.0256670000217127
update-client,update,0.7943749999981264
update-client,update,0.89725000003682
update-client,update,1.055709000013394
update-client,update,1.0305420000236154
update-client,update,1.0065000000167856
update-client,update,0.7539580000184287
update-client,update,0.9382079999795678
update-client,update,3.967124999974203
update-client,update,4.083207999997285
update-client,update,4.383874999973614
update-client,update,2.547417000016594
update-client,update,2.887708000002931
update-client,update,4.962458000022707
update-client,update,3.6565830000085953
update-client,update,2.9932090000102107
update-client,update,3.216124999994463
update-client,update,1.6656249999869033
update-client,update,4.469374999985121
update-client,update,1.4010830000188434
update-client,update,1.14987500001007
update-client,update,1.7805840000164608
update-client,update,1.1702920000402628
update-client,update,0.8726249999995161
update-client,update,0.7576250000056461
update-client,update,1.4780000000200744
update-client,update,1.0193749999984902
update-client,update,0.8799160000307893
update-client,update,1.5927499999861539
update-client,update,1.1739170000168997
update-client,update,1.1138340000229618
update-client,update,1.0143749999542706
update-client,update,0.9692920000361482
update-client,update,1.4459579999765992
update-client,update,0.8733330000154638
update-client,update,0.8297910000010233
update-client,update,0.5747920000089835
update-client,update,1.434499999959371
update-client,update,1.146417000029487
update-client,update,0.9000420000120357
update-client,update,1.4311250000105247
update-client,update,1.0593750000111868
update-client,update,1.3189580000130263
update-client,update,0.8900830000015958
update-client,update,0.9842919999982769
update-client,update,0.6678329999658672
update-client,update,0.6752909999931944
update-client,update,1.5672499999936917
update-client,update,1.1357500000030996
update-client,update,0.9158749999755855
update-client,update,0.8742499999812026
update-client,update,0.6425830000011956
update-client,update,1.833916999999019
update-client,update,0.698124999985339
update-client,update,0.9662080000225615
update-client,update,0.5757499999958782
update-client,update,0.8289159999890217
update-client,update,2.0422500000449872
update-client,update,0.9229580000464921
update-client,update,0.911750000000211
update-client,update,1.0519580000050155
update-client,update,1.637625000000753
update-client,update,1.9983329999604393
update-client,update,1.5702499999861175
update-client,update,1.2675840000042626
update-client,update,1.369334000003164
update-client,update,1.270708999982162
update-client,update,0.4910410000320553
update-client,update,0.9286669999823971
update-client,update,1.1968750000050932
update-client,update,1.5943750000246837
update-client,update,0.7657079999603411
update-client,update,1.4120419999699152
update-client,update,1.034584000024097
update-client,update,0.8354579999831913
update-client,update,0.6916250000017499
update-client,update,1.5751249999880201
update-client,update,1.4192919999800324
update-client,update,1.955000000009477
update-client,update,1.0858750000011241
update-client,update,1.0070829999904163
update-client,update,1.6765839999948184
update-client,update,1.1000829999829875
update-client,update,1.5196250000144573
update-client,update,1.0387080000100468
update-client,update,1.0359999999991487
update-client,update,0.7621249999942847
update-client,update,2.029666999987967
update-client,update,0.5272500000046421
update-client,update,0.7981670000276608
update-client,update,0.8241670000188606
update-client,update,1.131625000027725
update-client,update,1.610416999994868
update-client,update,1.094000000023243
update-client,update,0.8400000000392538
update-client,update,0.8256250000044929
update-client,update,1.5536669999960395
update-client,update,1.1825419999809128
update-client,update,1.3809170000058657
update-client,update,1.3243749999674037
update-client,update,1.2873750000039763
update-client,update,1.0290839999811396
update-client,update,1.0106670000027407
update-client,update,0.7422919999839905
update-client,update,0.8590830000230198
update-client,update,1.0591660000045522
update-client,update,1.0877920000211816
update-client,update,1.6822499999875618
update-client,update,1.0669999999777247
update-client,update,1.1114160000147422
update-client,update,1.2296250000076725
update-client,update,1.432417000046371
update-client,update,1.5597919999663645
update-client,update,0.7330419999789228
update-client,update,0.7079169999997248
update-client,update,0.7362499999885586
update-client,update,1.0365409999621988
update-client,update,0.8856249999666943
update-client,update,0.6640840000500248
update-client,update,0.8073330000115675
update-client,update,0.8919169999899168
update-client,update,1.0053750000338368
update-client,update,0.6612079999968046
update-client,update,0.6976249999866013
update-client,update,0.8875419999867518
update-client,update,0.7308750000447617
update-client,update,3.2653340000479147
update-client,update,1.2665840000067874
update-client,update,0.8586669999885999
update-client,update,0.6825419999927362
update-client,update,1.999625000053129
update-client,update,0.803000000018983
update-client,update,0.8872500000052241
update-client,update,0.9045420000006743
update-client,update,0.7290000000352848
update-client,update,0.9779170000001614
update-client,update,1.2203750000026048
update-client,update,1.0730839999837372
update-client,update,0.6715419999636651
update-client,update,0.8666670000252452
update-client,update,0.8514169999784826
update-client,update,0.9734169999546793
update-client,update,0.813291999975263
update-client,update,2.0365420000416634
update-client,update,1.783624999973199
update-client,update,1.5394159999573276
update-client,update,1.30674999996927
update-client,update,1.2546249999445536
update-client,update,1.7653339999696982
update-client,update,0.949665999996796
update-client,update,0.7631670000023405
update-client,update,1.8873330000133137
update-client,update,1.7433749999895554
update-client,update,1.2962920000063605
update-client,update,1.4536669999642982
update-client,update,1.0684999999739375
update-client,update,2.001249999977972
update-client,update,1.3195000000223445
update-client,update,2.1986250000054497
update-client,update,2.2625839999932396
update-client,update,1.5150419999940823
update-client,update,1.4772090000292337
update-client,update,2.727042000003621
update-client,update,0.8577909999871736
update-client,update,8.26858400000674
update-client,update,1.3306669999906262
update-client,update,2.1231669999792757
update-client,update,2.2281249999878128
update-client,update,2.5925420000021404
update-client,update,1.003958000012517
update-client,update,0.7472499999607862
update-client,update,1.424583000016355
update-client,update,1.8830830000524656
update-client,update,1.319249999994554
update-client,update,1.9182920000275772
update-client,update,0.6800419999990481
update-client,update,1.331791999973575
update-client,update,0.7980419999853439
update-client,update,1.495332999979837
update-client,update,0.6537909999906333
update-client,update,1.3281660000075135
update-client,update,1.4938749999942047
update-client,update,1.0396249999757856
update-client,update,2.13445800000045
update-client,update,1.8587910000178454
update-client,update,0.8685409999884541
update-client,update,1.277542000025278
update-client,update,1.641375000019707
update-client,update,0.7431660000065676
update-client,update,1.2632919999759906
update-client,update,0.7633750000195505
update-client,update,1.2320420000264676
update-client,update,1.4189579999879243
update-client,update,0.9719170000153099
update-client,update,1.2577079999687157
update-client,update,1.7184999999813044
update-client,update,0.643834000015886
update-client,update,0.9501249999743777
update-client,update,0.9269999999901302
update-client,update,0.9755419999919468
update-client,update,1.265541000009307
update-client,update,1.0954589999983
update-client,update,1.8525840000052085
update-client,update,1.0687919999554651
update-client,update,1.6891669999949954
update-client,update,2.0398749999799293
update-client,update,1.0751660000209995
update-client,update,1.0628750000023501
update-client,update,0.8289579999996022
update-client,update,1.3834160000101292
update-client,update,1.679332999970029
update-client,update,0.5567499999870051
update-client,update,0.5421249999812972
update-client,update,0.7476249999740503
update-client,update,1.2082080000368478
update-client,update,1.6647080000211645
update-client,update,1.5338749999500578
update-client,update,1.2472499999489628
update-client,update,0.882332999992741
update-client,update,1.2814589999834425
update-client,update,1.808625000023767
update-client,update,1.0377499999663087
update-client,update,0.930459000016981
update-client,update,1.4455830000201786
update-client,update,0.8123329999989437
update-client,update,1.396958000043469
update-client,update,1.1650829999894086
update-client,update,1.2450829999579582
update-client,update,1.2732079999864254
update-client,update,0.9723329999928865
update-client,update,0.9013750000121945
update-client,update,0.520750000021053
update-client,update,0.9484160000283737
update-client,update,1.1660839999763084
update-client,update,1.0582920000388185
update-client,update,1.3895829999910347
update-client,update,1.3568329999884554
update-client,update,1.037457999984781
update-client,update,0.9507080000048518
update-client,update,1.6142079999781345
update-client,update,0.7823749999715801
update-client,update,1.2410420000037448
update-client,update,0.5299160000049596
update-client,update,1.21262499999375
update-client,update,1.3144999999781248
update-client,update,1.4477080000006026
update-client,update,0.9988339999722484
update-client,update,0.9393749999730971
update-client,update,1.9137080000177775
update-client,update,0.9896660000094926
update-client,update,0.7100000000264117
update-client,update,7.4049579999950765
update-client,update,1.0815420000085396
update-client,update,1.3816659999861258
update-client,update,0.6441670000185695
update-client,update,1.3062499999705324
update-client,update,0.7869579999919551
update-client,update,0.9529579999707494
update-client,update,2.084082999999737
update-client,update,0.8724159999928816
update-client,update,1.0089169999787373
update-client,update,1.6970409999998992
update-client,update,1.4652090000026874
update-client,update,1.0133750000136388
update-client,update,1.4956249999613647
update-client,update,2.7544160000161355
update-client,update,0.7962089999864475
update-client,update,2.1274999999718602
update-client,update,0.8261250000032305
update-client,update,1.181332999976803
update-client,update,0.780000000020209
update-client,update,1.3452089999645978
update-client,update,1.6160000000127184
update-client,update,2.5704160000259435
update-client,update,1.1333340000305725
update-client,update,1.3278750000154105
update-client,update,1.440500000001066
update-client,update,1.767083000004277
update-client,update,1.9877909999763688
update-client,update,2.44416700002148
update-client,update,1.2867500000197651
update-client,update,1.3389169999982187
update-client,update,1.8376660000285483
update-client,update,0.9959159999652911
update-client,update,1.4003329999923153
update-client,update,1.1218330000133392
update-client,update,1.466375000006792
update-client,update,0.9197499999800129
update-client,update,1.1670419999632031
update-client,update,0.9484999999926913
update-client,update,1.1849580000102833
update-client,update,1.2457909999739059
update-client,update,0.785999999948217
update-client,update,0.9927919999768164
update-client,update,4.205249999984062
update-client,update,1.1910000000057153
update-client,update,1.1845420000327067
update-client,update,1.36095799996383
update-client,update,1.3622919999534133
update-client,update,3.8108339999780583
update-client,update,1.3132919999634396
update-client,update,1.2306250000051477
update-client,update,1.9353749999595493
update-client,update,0.8180830000128481
update-client,update,2.0203749999723186
update-client,update,0.5921670000361701
update-client,update,1.3231660000201373
update-client,update,1.2238329999831876
update-client,update,2.1222920000241174
update-client,update,0.6968329999494927
update-client,update,2.169834000028459
update-client,update,0.6680419999725018
update-client,update,1.4920840000058888
update-client,update,0.8649579999655543
update-client,update,1.059917000020505
update-client,update,1.1259999999992942
update-client,update,1.0656659999881413
update-client,update,1.1319999999841457
update-client,update,1.1564999999791326
update-client,update,1.0228749999896536
update-client,update,2.600790999963465
update-client,update,1.0208329999841226
update-client,update,0.825958999996601
update-client,update,0.8495829999901616
update-client,update,1.2418329999945854
update-client,update,0.8344169999645601
update-client,update,0.7309999999733918
update-client,update,1.2950830000022506
update-client,update,1.351375000012922
update-client,update,1.1786250000227483
update-client,update,0.9311250000223481
update-client,update,1.8374160000007578
update-client,update,2.576958000020113
update-client,update,2.15349999996306
update-client,update,0.9677909999936674
update-client,update,1.2638750000064647
update-client,update,1.8254999999953725
update-client,update,1.417708000019502
update-client,update,1.653624999960357
update-client,update,1.2938339999664095
update-client,update,1.8101659999842923
update-client,update,2.0158340000193675
update-client,update,2.473291999990579
update-client,update,2.7942919999759397
update-client,update,2.0591659999809053
update-client,update,1.379749999955493
update-client,update,1.2302499999918837
update-client,update,1.7453750000413493
update-client,update,1.313082999956805
update-client,update,1.739625000027445
update-client,update,1.0869579999734924
update-client,update,0.5082500000526124
update-client,update,0.7075420000433041
update-client,update,1.057875000014974
update-client,update,1.1838749999810716
update-client,update,1.2326250000000982
update-client,update,0.9021249999818792
update-client,update,1.1635839999826203
update-client,update,1.0486249999530628
update-client,update,1.2077499999918473
update-client,update,1.3969590000328935
update-client,update,1.6595000000165783
update-client,update,0.8759169999734695
update-client,update,0.8364579999806665
update-client,update,1.5932089999637356
update-client,update,1.3400830000023234
update-client,update,1.0274169999888727
update-client,update,1.2505000000260225
update-client,update,1.7266250000034233
update-client,update,1.162750000048618
update-client,update,0.8981670000025588
update-client,update,0.9499999999889042
update-client,update,0.5651250000369146
update-client,update,1.0717920000047343
update-client,update,1.0771670000053746
update-client,update,1.066334000029201
update-client,update,0.7804999999621032
update-client,update,0.8302919999891856
update-client,update,1.0465409999937947
update-client,update,1.8667500000333348
update-client,update,1.2424579999787966
update-client,update,1.292208999984723
update-client,update,1.2576249999938227
update-client,update,1.2048329999743146
update-client,update,2.4442079999857924
update-client,update,1.396750000026259
update-client,update,0.8187089999864838
update-client,update,0.8287499999823922
update-client,update,0.8782920000385275
update-client,update,0.794584000004761
update-client,update,0.5828330000099413
update-client,update,0.8137500000202635
update-client,update,1.1025000000017826
update-client,update,1.5260420000231534
update-client,update,0.8399579999718298
update-client,update,0.9146250000071632
update-client,update,1.2132500000348045
update-client,update,0.7771250000132568
update-client,update,1.0083750000262626
update-client,update,0.9488750000059554
update-client,update,1.093666000031135
update-client,update,1.193833000002087
update-client,update,0.640416000010191
update-client,update,1.2450840000042263
update-client,update,1.197917000013149
update-client,update,1.2472079999952257
update-client,update,1.0134580000453752
update-client,update,0.870125000005828
update-client,update,0.7718340000337776
update-client,update,0.9213750000185428
update-client,update,1.0637909999786643
update-client,update,1.185249999991811
update-client,update,0.7042080000019268
update-client,update,0.8800420000056874
update-client,update,1.1597499999993488
update-client,update,0.688000000025113
update-client,update,0.9866670000064914
update-client,update,0.7641669999998157
update-client,update,0.6556249999789543
update-client,update,0.903459000028306
update-client,update,1.0919160000071315
update-client,update,1.0878330000423375
update-client,update,0.7029170000123486
update-client,update,0.6319999999959691
update-client,update,1.3787919999685982
update-client,update,0.8601249999742322
update-client,update,0.8447089999776836
update-client,update,0.9020410000175616
update-client,update,0.899583000034454
update-client,update,1.2142499999754364
update-client,update,1.2241249999647152
update-client,update,1.2373750000165273
update-client,update,0.8056670000087252
update-client,update,0.7049590000178796
update-client,update,0.85745799998449
update-client,update,1.9897500000070067
update-client,update,0.8988330000079259
update-client,update,1.1401660000274205
update-client,update,1.2346660000162046
update-client,update,0.6412079999904563
update-client,update,3.586084000005485
update-client,update,1.6524589999562522
update-client,update,1.4243329999885646
update-client,update,0.9278750000021319
update-client,update,2.1087499999907777
update-client,update,1.9335410000280717
update-client,update,1.8169169999850965
update-client,update,1.978249999979198
update-client,update,1.1443340000028002
update-client,update,1.747874999978194
update-client,update,1.4936250000232576
update-client,update,1.2167499999691245
update-client,update,1.699916999996276
update-client,update,1.459959000044364
update-client,update,1.0745840000367934
update-client,update,0.873541999965255
update-client,update,0.8451250000121036
update-client,update,0.9202080000250135
update-client,update,1.9666249999659158
update-client,update,1.2173339999890231
update-client,update,1.083459000028597
update-client,update,0.8422079999945709
update-client,update,0.7857920000446939
update-client,update,1.6460420000043996
update-client,update,0.9021669999924598
update-client,update,1.6399169999772312
update-client,update,1.11904099998128
update-client,update,1.3692919999925834
update-client,update,1.154332999988128
update-client,update,1.0754580000025271
update-client,update,1.035042000012254
update-client,update,1.068374999988464
update-client,update,1.4972080000461574
update-client,update,1.2495410000497031
update-client,update,1.2787079999725393
update-client,update,1.4271250000206237
update-client,update,0.7991250000145556
update-client,update,0.7100419999801488
update-client,update,1.6774590000068201
update-client,update,1.543791000017336
update-client,update,1.2008749999949941
update-client,update,0.9703750000085165
update-client,update,1.1005829999817252
update-client,update,1.2326250000000982
update-client,update,0.8165420000523227
update-client,update,0.9594580000111819
update-client,update,1.0383339999862073
update-client,update,0.7545000000277469
update-client,update,0.8504580000021633
update-client,update,1.2035839999953168
update-client,update,1.7217500000015207
update-client,update,2.578666999966117
update-client,update,1.3333329999909438
update-client,update,0.9199589999866475
update-client,update,1.2158330000033857
update-client,update,0.759125000001859
update-client,update,0.802792000001773
update-client,update,0.6182500000022628
update-client,update,1.1181250000049658
update-client,update,1.1721249999823158
update-client,update,0.9171250000008513
update-client,update,1.215541000021858
update-client,update,1.0464580000189017
update-client,update,1.0032499999965694
update-client,update,1.2015419999897858
update-client,update,0.6658340000171847
update-client,update,0.9075829999574125
update-client,update,0.9943750000047658
update-client,update,1.1185409999825424
update-client,update,1.8706250000377622
update-client,update,0.8694169999898804
update-client,update,1.5682909999554795
update-client,update,1.0178750000022774
update-client,update,1.0005830000068272
update-client,update,0.9682079999606685
update-client,update,0.6658340000171847
update-client,update,0.6445419999749902
update-client,update,1.2520829999971284
update-client,update,0.8537499999761167
update-client,update,1.0012079999910384
update-client,update,1.576624999984233
update-client,update,1.1725420000061604
update-client,update,1.095500000019456
update-client,update,0.5747499999984029
update-client,update,1.4558749999764586
update-client,update,1.4234170000122504
update-client,update,0.9879579999960697
update-client,update,1.6054579999718044
update-client,update,1.1445000000094296
update-client,update,0.7042919999662445
update-client,update,0.7012920000306622
update-client,update,1.0777499999790052
update-client,update,2.0249169999715377
update-client,update,0.7665420000080303
update-client,update,0.6469580000043607
update-client,update,0.9172919999969054
update-client,update,0.7615420000206541
update-client,update,0.8139589999700547
update-client,update,2.110250000043834
update-client,update,1.2287499999956708
update-client,update,1.2594590000389871
update-client,update,0.8163749999994252
update-client,update,0.5446659999961412
update-client,update,1.118791000010333
update-client,update,0.9148749999781103
update-client,update,1.1539999999854444
update-client,update,1.2204579999774978
update-client,update,1.1895000000095024
update-client,update,0.6725000000074033
update-client,update,0.8939159999954427
update-client,update,0.8642910000276061
update-client,update,1.3962090000063654
update-client,update,0.9901670000544982
update-client,update,0.717500000007476
update-client,update,0.7358749999752945
update-client,update,1.2321250000013606
update-client,update,1.5118339999844466
update-client,update,1.754417000029207
update-client,update,1.039042000002155
update-client,update,2.618624999968233
update-client,update,0.9135420000347949
update-client,update,0.7662079999590787
update-client,update,1.2845840000181852
update-client,update,0.520624999978736
update-client,update,1.5999169999645346
update-client,update,1.1069579999798407
update-client,update,1.1054579999836278
update-client,update,0.7162919999927908
update-client,update,0.863792000018293
update-client,update,1.8458750000149848
update-client,update,1.3496660000100746
update-client,update,0.8904170000505474
update-client,update,1.0462079999911111
update-client,update,1.7599590000259013
update-client,update,1.1675419999619407
update-client,update,2.556541999979345
update-client,update,0.6958749999625979
update-client,update,1.0843750000049113
update-client,update,1.1210420000224985
update-client,update,1.2082920000011654
update-client,update,1.001792000010937
update-client,update,0.9366660000296179
update-client,update,0.8665000000291911
update-client,update,1.3089590000276985
update-client,update,0.6534170000236372
update-client,update,0.8509170000365884
update-client,update,0.4890000000159489
update-client,update,1.0680420000426238
update-client,update,0.6864169999971637
update-client,update,0.9666670000001432
update-client,update,0.8569579999857524
update-client,update,1.0793330000069545
update-client,update,1.6532500000039363
update-client,update,1.344290999952591
update-client,update,1.446834000034869
update-client,update,0.7843340000022181
update-client,update,0.9842910000088523
update-client,update,1.530166999998528
update-client,update,1.0482909999609547
update-client,update,0.6966249999891261
update-client,update,1.062208999996983
update-client,update,1.2146249999887004
update-client,update,0.9024999999951433
update-client,update,1.073333000022103
update-client,update,0.7726249999677748
update-client,update,0.7737089999864111
update-client,update,0.9444159999816293
update-client,update,0.940709000019524
update-client,update,0.7143339999515774
update-client,update,0.8546249999881184
update-client,update,0.7203749999575848
update-client,update,0.7658330000026581
update-client,update,0.8794579999857888
update-client,update,1.4563329999646157
update-client,update,0.9322079999947164
update-client,update,0.8949580000034985
update-client,update,0.9200410000289594
update-client,update,0.8577080000122805
update-client,update,1.955833000010898
update-client,update,1.9500410000432566
update-client,update,0.8678330000293499
update-client,update,1.1704160000363117
update-client,update,1.5436250000107066
update-client,update,0.9117920000107915
update-client,update,1.3669580000055248
update-client,update,1.8847919999984697
update-client,update,0.8489999999596876
update-client,update,0.9965830000169262
update-client,update,0.6505840000272656
update-client,update,1.4244580000308815
update-client,update,1.9199170000092636
update-client,update,1.5457920000017111
update-client,update,1.3842090000366625
update-client,update,0.9815000000230611
update-client,update,0.7705419999979313
update-client,update,1.3581669999780388
update-client,update,2.171583000006194
update-client,update,1.7452499999990323
update-client,update,0.7355000000188738
update-client,update,1.0124160000373195
update-client,update,1.1109169999485857
update-client,update,1.4294579999614143
update-client,update,0.8125829999698908
update-client,update,1.2520000000222353
update-client,update,0.853375000019696
update-client,update,1.4103749999776483
update-client,update,2.0583330000363276
update-client,update,1.1371250000138389
update-client,update,0.8204580000210626
update-client,update,1.0387500000206273
update-client,update,1.2411669999892183
update-client,update,1.0197910000329102
update-client,update,0.6455829999936213
update-client,update,0.8692920000044069
update-client,update,0.7425000000012005
update-client,update,0.9948329999929229
update-client,update,0.8477920000018457
update-client,update,1.11008299995774
update-client,update,1.039582999965205
update-client,update,1.1951250000379332
update-client,update,0.8024169999885089
update-client,update,0.8654580000211354
update-client,update,0.8746249999944666
update-client,update,0.7590000000163855
update-client,update,1.3894579999487178
update-client,update,1.0878749999960746
update-client,update,1.4921250000270447
update-client,update,1.3157500000033906
update-client,update,1.01574999996501
update-client,update,0.8604160000231786
update-client,update,0.6750420000116719
update-client,update,1.894834000040646
update-client,update,1.1096249999695829
update-client,update,0.742166999998517
update-client,update,1.0101249999934225
update-client,update,0.9413330000143105
update-client,update,0.6367080000018177
update-client,update,1.7894580000188398
update-client,update,0.9101670000291051
update-client,update,1.3102080000066962
update-client,update,1.0469159999502153
update-client,update,0.861374999999498
update-client,update,0.8285420000220256
update-client,update,2.1141670000019985
update-client,update,1.4408330000037495
update-client,update,0.7326250000119217
update-client,update,0.7036669999820333
update-client,update,2.62212500001624
update-client,update,1.0516659999666444
update-client,update,1.0087499999826832
update-client,update,0.8010829999989255
update-client,update,0.9542500000065957
update-client,update,0.5935829999543785
update-client,update,1.4264589999584132
update-client,update,1.2034999999741558
update-client,update,1.0088329999575762
update-client,update,1.0355409999647236
update-client,update,0.9839169999850128
update-client,update,1.0632500000156142
update-client,update,1.0237079999910748
update-client,update,0.8641250000209766
update-client,update,0.9731249999731517
update-client,update,0.8399999999824104
update-client,update,0.6048750000218206
update-client,update,2.649749999989126
update-client,update,1.0104170000317936
update-client,update,1.1970829999654597
update-client,update,0.6475000000136788
update-client,update,0.6715420000205086
update-client,update,1.057666999997764
update-client,update,1.206749999994372
update-client,update,1.1993749999987813
update-client,update,1.4254160000177762
update-client,update,0.9027499999660904
update-client,update,1.2036249999596293
update-client,update,0.8141669999872647
update-client,update,0.6174580000219976
update-client,update,0.6925409999780641
update-client,update,0.7704579999767702
update-client,update,1.1770829999591115
update-client,update,1.403625000023112
update-client,update,0.585249999971893
update-client,update,1.001917000053254
update-client,update,0.5182500000273649
update-client,update,1.094082999998136
update-client,update,1.3691659999608419
update-client,update,1.0026250000123582
update-client,update,1.4570409999805634
update-client,update,0.6120839999539385
update-client,update,1.0526249999998072
update-client,update,1.3059579999890047
update-client,update,0.7582920000004378
update-client,update,0.6308330000024398
update-client,update,0.9412919999931546
update-client,update,1.1813749999873835
update-client,update,1.0127920000400081
update-client,update,1.1510830000247552
update-client,update,0.7832910000047377
update-client,update,0.677540999959092
update-client,update,0.6421250000130385
update-client,update,1.0362499999700958
update-client,update,1.0838749999493302
update-client,update,1.8242079999595262
update-client,update,1.1472090000097523
update-client,update,1.2090419999708502
update-client,update,0.6685000000175023
update-client,update,0.848583999982111
update-client,update,1.489375000005566
update-client,update,1.470125000025746
update-client,update,1.0372919999781516
update-client,update,1.3901670000109334
update-client,update,1.5828329999862945
update-client,update,1.1134160000096927
update-client,update,0.8714169999848309
update-client,update,1.0734589999970012
update-client,update,0.9043750000046202
update-client,update,1.5633329999786838
update-client,update,0.8581250000361251
update-client,update,0.7774580000159403
update-client,update,1.3258749999636166
update-client,update,1.3604999999756728
update-client,update,1.4414579999879606
update-client,update,0.8025419999739825
update-client,update,0.8917920000044433
update-client,update,1.1742500000195832
update-client,update,0.9639579999998205
update-client,update,1.1808749999886459
update-client,update,0.9625000000141881
update-client,update,0.8103749999577303
update-client,update,2.2703329999558264
update-client,update,1.317875000040658
update-client,update,0.6362919999673977
update-client,update,0.8932079999794951
update-client,update,1.0337090000120952
update-client,update,1.7110420000108206
update-client,update,1.0264169999913975
update-client,update,1.4793340000096578
update-client,update,1.0884999999802858
update-client,update,1.5110829999684938
update-client,update,0.6869160000064767
update-client,update,1.7205419999868354
update-client,update,1.2303749999773572
update-client,update,0.8429169999999431
update-client,update,0.7928750000019136
update-client,update,1.3640000000236796
update-client,update,1.1957080000115639
update-client,update,1.1684160000413613
update-client,update,0.8226250000120672
update-client,update,1.0029169999938858
update-client,update,0.7798750000347354
update-client,update,0.786124999990534
update-client,update,1.3684580000017377
update-client,update,1.486875000011878
update-client,update,1.097542000024987
update-client,update,0.9865829999853304
update-client,update,0.7600000000138607
update-client,update,1.1751249999747415
update-client,update,0.949457999979586
update-client,update,1.1102500000106375
update-client,update,0.7763749999867287
update-client,update,1.543374999982916
update-client,update,0.9283750000008695
update-client,update,1.2607500000285654
update-client,update,1.0832079999545385
update-client,update,0.5749579999587695
update-client,update,1.1476250000441723
update-client,update,1.2442500000133805
update-client,update,1.1072919999719488
update-client,update,0.7276250000245454
update-client,update,0.6912910000096417
update-client,update,1.1862499999892862
update-client,update,0.7870829999774287
update-client,update,1.71120800001745
update-client,update,0.9282080000048154
update-client,update,0.894917000039186
update-client,update,1.9574169999714286
update-client,update,2.4901250000084474
update-client,update,1.5002499999923202
update-client,update,0.8247499999924912
update-client,update,0.7356250000043474
update-client,update,0.9542079999960151
update-client,update,1.4919170000098347
update-client,update,0.9070419999943624
update-client,update,0.6982909999919684
update-client,update,0.8348339999884047
update-client,update,1.0742079999772614
update-client,update,1.5498750000233485
update-client,update,0.8832500000153232
update-client,update,0.7331670000212398
update-client,update,0.6483340000045246
update-client,update,1.2618750000115142
update-client,update,0.6735829999797716
update-client,update,1.1073750000036853
update-client,update,0.7415830000354617
update-client,update,1.0189579999746456
update-client,update,0.8015840000439312
update-client,update,0.8793330000003152
update-client,update,1.1737500000208456
update-client,update,1.0984170000369886
update-client,update,1.1387910000166812
update-client,update,0.7265410000059092
update-client,update,1.2725409999916337
update-client,update,1.083375000007436
update-client,update,1.3716660000113734
update-client,update,1.2733749999824795
update-client,update,0.9889589999829695
update-client,update,0.8947079999757079
update-client,update,0.700249999965763
update-client,update,1.2928340000257776
update-client,update,0.9952089999956115
update-client,update,0.9095830000092064
update-client,update,0.8927910000124939
update-client,update,0.9286249999718166
update-client,update,1.1001670000041486
update-client,update,1.1236660000122356
update-client,update,1.4020840000057433
update-client,update,0.9617919999982405
update-client,update,0.9794579999606867
update-client,update,1.9775000000095133
update-client,update,1.1968750000050932
update-client,update,0.6864580000183196
update-client,update,0.6541249999827414
update-client,update,1.0173329999929592
update-client,update,1.1470420000136983
update-client,update,1.2836249999850224
update-client,update,0.6912090000241733
update-client,update,1.3541669999881378
update-client,update,1.534917000014957
update-client,update,1.1953750000088803
update-client,update,1.344415999994908
update-client,update,1.2917500000071414
update-client,update,1.3137079999978596
update-client,update,1.1199589999932869
update-client,update,1.3435000000185937
update-client,update,1.1195420000262857
update-client,update,0.9388330000206224
update-client,update,0.606708000020717
update-client,update,1.0141249999833235
update-client,update,0.9281659999942349
update-client,update,0.8340829999724519
update-client,update,0.7528330000354799
update-client,update,0.7847919999903752
update-client,update,1.0152909999874282
update-client,update,0.6342080000081296
update-client,update,0.8421250000196778
update-client,update,0.7832919999941623
update-client,update,0.8347920000346676
update-client,update,1.4387080000233254
update-client,update,1.206541999977162
update-client,update,1.0687920000123086
update-client,update,1.0442500000067412
update-client,update,0.9529579999707494
update-client,update,0.7231250000359069
update-client,update,1.110459000017272
update-client,update,1.048000000025695
update-client,update,0.8544159999814838
update-client,update,1.7696670000191261
update-client,update,0.9462090000056378
update-client,update,0.7116670000186787
update-client,update,1.254791999997451
update-client,update,1.0577919999832375
update-client,update,0.7442499999683605
update-client,update,0.8019580000109272
update-client,update,1.8318329999829075
update-client,update,0.9183340000049611
update-client,update,0.9239999999977044
update-client,update,0.6068750000167711
update-client,update,1.196165999999721
update-client,update,1.0278329999664493
update-client,update,1.0961670000142476
update-client,update,1.1942500000259315
update-client,update,1.1613749999810352
update-client,update,1.0837919999744372
update-client,update,0.6798329999924135
update-client,update,0.6739169999718797
update-client,update,1.3964999999984684
update-client,update,0.77383299998246
update-client,update,1.3964580000447313
update-client,update,2.7443330000096466
update-client,update,2.06987499996103
update-client,update,1.5942499999823667
update-client,update,1.7142080000098758
update-client,update,0.6300409999653311
update-client,update,1.2637499999641477
update-client,update,1.2467499999502252
update-client,update,1.1047499999676802
update-client,update,1.1868749999734973
update-client,update,1.0005409999962467
update-client,update,0.9337500000015098
update-client,update,0.905291999970359
update-client,update,1.0001659999829826
update-client,update,1.384083000004921
update-client,update,0.6934170000363338
update-client,update,0.9920840000177122
update-client,update,1.845916999968722
update-client,update,1.6181249999931424
update-client,update,1.1844160000009651
update-client,update,0.6866660000355296
update-client,update,0.7305419999852347
update-client,update,0.7285000000365471
update-client,update,0.7182919999877413
update-client,update,0.7545409999920594
update-client,update,0.9652079999682428
update-client,update,0.8884169999987535
update-client,update,0.6207500000527943
update-client,update,1.1224579999975504
update-client,update,1.6113330000280257
update-client,update,1.0707089999755226
update-client,update,0.853167000002486
update-client,update,0.8974579999971866
update-client,update,0.8832500000153232
update-client,update,0.733957999955237
update-client,update,1.095083999985036
update-client,update,1.2597920000416707
update-client,update,0.8519169999772203
update-client,update,0.8428749999893625
update-client,update,1.1074580000354217
update-client,update,0.6102909999867734
update-client,update,1.1884580000014466
update-client,update,1.031040999976085
update-client,update,1.380250000011074
update-client,update,1.5572909999832518
update-client,update,1.6031250000310138
update-client,update,0.9222500000305445
update-client,update,1.5166249999651882
update-client,update,1.2981659999695694
update-client,update,0.8915000000229156
update-client,update,0.9551659999829099
update-client,update,0.76333300000897
update-client,update,0.5920409999475851
update-client,update,1.5443340000160788
update-client,update,1.2285000000247237
update-client,update,0.7524160000116353
update-client,update,0.9331250000172986
update-client,update,1.3736669999957485
update-client,update,1.2451669999791193
update-client,update,1.958083000033639
update-client,update,0.8465829999977359
update-client,update,0.6784999999922547
update-client,update,1.2290829999983544
update-client,update,1.7243329999701018
update-client,update,1.540583999997125
update-client,update,1.0667910000279335
update-client,update,0.7467920000294725
update-client,update,1.1422079999761081
update-client,update,1.0088750000250002
update-client,update,0.9992079999960879
update-client,update,1.0695830000031492
update-client,update,1.2367080000217356
update-client,update,1.2427500000171676
update-client,update,2.0217500000399014
update-client,update,1.6734170000063386
update-client,update,1.0316249999959837
update-client,update,1.1887079999723937
update-client,update,1.1395829999969465
update-client,update,0.8156249999728971
update-client,update,1.1891249999962383
update-client,update,0.8721250000007785
update-client,update,1.0446669999737423
update-client,update,0.6291660000101729
update-client,update,0.872208000032515
update-client,update,1.3549579999789785
update-client,update,1.6495000000418258
update-client,update,1.3954169999692567
update-client,update,1.0447500000054788
update-client,update,0.5449169999565129
update-client,update,0.9818749999794818
update-client,update,1.6715000000431246
update-client,update,3.0975420000345366
update-client,update,1.1368339999648924
update-client,update,0.79429199996639
update-client,update,1.4447500000187574
update-client,update,1.1967499999627762
update-client,update,1.6561660000320444
update-client,update,3.768375000049673
update-client,update,0.8883749999881729
update-client,update,1.1848329999679663
update-client,update,1.5543330000014066
update-client,update,0.8752920000461017
update-client,update,1.430208999977367
update-client,update,0.7230420000041704
update-client,update,0.8897090000345997
update-client,update,0.9520840000050157
update-client,update,2.1035419999861915
update-client,update,0.8866660000421689
update-client,update,0.8452079999869966
update-client,update,0.8672079999882953
update-client,update,0.817291999965164
update-client,update,1.278000000013435
update-client,update,1.0530420000236518
update-client,update,0.9065419999956248
update-client,update,0.7394579999981943
update-client,update,1.6215410000199881
update-client,update,1.2352910000004158
update-client,update,1.130666999983987
update-client,update,1.785833000042203
update-client,update,2.220958000009432
update-client,update,1.8962080000051174
update-client,update,0.6532090000064272
update-client,update,1.252083999986553
update-client,update,2.0294999999919128
update-client,update,0.9024999999951433
update-client,update,2.0427910000080374
update-client,update,1.0663330000397764
update-client,update,0.8227920000081212
update-client,update,0.9361249999528809
update-client,update,1.7452089999778764
update-client,update,1.202541999987261
update-client,update,0.9653339999999844
update-client,update,0.7855000000063228
update-client,update,0.8684590000029857
update-client,update,1.8322079999961716
update-client,update,7.795583000017814
update-client,update,0.8352080000122442
update-client,update,1.306083999963903
update-client,update,1.345042000025387
update-client,update,1.7554170000266822
update-client,update,1.8827499999929387
update-client,update,1.7375000000470209
update-client,update,1.5044170000351187
update-client,update,0.878207999960523
update-client,update,0.76312499999176
update-client,update,0.591499999984535
update-client,update,1.4061250000168002
update-client,update,1.5070000000036998
update-client,update,1.5355409999529002
update-client,update,1.2183749999508109
update-client,update,2.052792000029058
update-client,update,1.3192079999839734
update-client,update,1.0961659999679796
update-client,update,0.9272089999967648
update-client,update,0.9200839999721211
update-client,update,1.4167919999863443
update-client,update,1.011667000000216
update-client,update,0.6534579999879497
update-client,update,0.9542919999603328
update-client,update,1.1863330000210226
update-client,update,0.7191660000103184
update-client,update,0.7771659999775693
update-client,update,0.857375000009597
update-client,update,0.5646660000024895
update-client,update,0.9154169999874284
update-client,update,1.102457999991202
update-client,update,2.154499999960535
update-client,update,1.779915999975401
update-client,update,8.61949999995204
update-client,update,2.6964580000026217
update-client,update,1.641167000002497
update-client,update,1.4514580000195565
update-client,update,1.0928750000402943
update-client,update,0.7517079999956877
update-client,update,1.0028749999833053
update-client,update,0.8967910000023949
update-client,update,1.335708999988583
update-client,update,2.164875000005395
update-client,update,0.9817910000151642
update-client,update,0.9337909999658223
update-client,update,1.1331670000345184
update-client,update,1.394875000016782
update-client,update,0.8147920000283193
update-client,update,2.015499999970416
update-client,update,1.57849999999371
update-client,update,0.8917499999938627
update-client,update,1.2022500000057335
update-client,update,0.9289579999745001
update-client,update,0.6812910000348893
update-client,update,1.457750000042779
update-client,update,0.7747500000050422
update-client,update,1.0097080000264214
update-client,update,1.0777499999790052
update-client,update,0.9965000000420332
update-client,update,1.0133330000030583
update-client,update,1.1172920000035447
update-client,update,1.0587919999807127
update-client,update,1.0085829999866291
update-client,update,0.9544169999458063
update-client,update,0.8243749999792271
update-client,update,0.9213329999511188
update-client,update,1.2371249999887368
update-client,update,1.1891670000068189
update-client,update,1.2725419999810583
update-client,update,3.0137090000152966
update-client,update,1.5318750000119508
update-client,update,1.0389999999915744
update-client,update,1.0235830000056012
update-client,update,4.195207999998729
update-client,update,1.0787500000333239
update-client,update,1.1812920000124905
update-client,update,0.9771670000304766
update-client,update,0.6232920000002196
update-client,update,0.8292079999705493
update-client,update,1.1598329999742418
update-client,update,0.763291999987814
update-client,update,0.7213330000013229
update-client,update,1.4500000000339242
update-client,update,1.0537919999933365
update-client,update,0.7211660000052689
update-client,update,0.874207999970622
update-client,update,1.2904999999818756
update-client,update,0.9292499999560278
update-client,update,1.4694999999846914
update-client,update,1.185041999974601
update-client,update,0.8770830000344176
update-client,update,1.095333999955983
update-client,update,0.8377500000165128
update-client,update,0.7102499999973588
update-client,update,0.8987080000224523
update-client,update,0.9243749999541251
update-client,update,0.7809169999859478
update-client,update,0.6649999999694955
update-client,update,1.1065410000128395
update-client,update,0.8425839999972595
update-client,update,0.9756670000342638
update-client,update,1.1364169999978913
update-client,update,1.0102090000145836
update-client,update,1.0938340000166136
update-client,update,0.9964170000102968
update-client,update,1.4666669999883197
update-client,update,1.1507499999652282
update-client,update,0.7884999999987485
update-client,update,0.9694999999965148
update-client,update,0.6173329999796806
update-client,update,0.5865840000183198
update-client,update,1.309084000013172
update-client,update,1.223707999997714
update-client,update,1.0174579999784328
update-client,update,0.7270409999478034
update-client,update,0.6793750000042564
update-client,update,1.2314170000422564
update-client,update,2.0109159999606163
update-client,update,1.0949580000101378
update-client,update,2.387999999996282
update-client,update,1.6106670000226586
update-client,update,1.780125000038879
update-client,update,0.7557910000173251
update-client,update,0.6546669999920596
update-client,update,1.1007499999777792
update-client,update,1.3840839999943455
update-client,update,0.8040000000164582
update-client,update,0.5300839999904383
update-client,update,0.8372500000177752
update-client,update,1.7662500000028558
update-client,update,1.3712079999663729
update-client,update,0.5246250000254804
update-client,update,0.9466250000400578
update-client,update,1.1180000000194923
update-client,update,1.1337079999975685
update-client,update,1.1719160000325246
update-client,update,1.510458000041126
update-client,update,1.1631250000050386
update-client,update,1.1422499999866886
update-client,update,1.5759579999894413
update-client,update,1.2354579999964699
update-client,update,0.9438330000079986
update-client,update,1.131499999985408
update-client,update,0.972459000024628
update-client,update,0.8796670000492668
update-client,update,0.9279170000127124
update-client,update,2.2348749999991924
update-client,update,1.0713329999703092
update-client,update,1.3370000000350046
update-client,update,0.7870420000131162
update-client,update,1.4714170000047488
update-client,update,1.3327499999604697
update-client,update,0.6030420000229242
update-client,update,1.1077919999706864
update-client,update,1.7759579999960806
update-client,update,1.3099999999894862
update-client,update,0.7552499999974316
update-client,update,1.0467920000110098
update-client,update,1.004166000029727
update-client,update,0.9523749999971187
update-client,update,0.9303340000315075
update-client,update,0.6745839999666714
update-client,update,0.7883330000026945
update-client,update,0.4870419999747355
update-client,update,0.5690840000056596
update-client,update,2.1781670000109443
update-client,update,1.1971670000434642
update-client,update,1.5289170000301056
update-client,update,1.5430419999802325
update-client,update,2.4574999999913416
update-client,update,2.089750000038748
update-client,update,0.9135420000347949
update-client,update,0.9914999999978136
update-client,update,0.9453339999936361
update-client,update,0.9266249999768661
update-client,update,1.5800829999648158
update-client,update,1.2642500000197288
update-client,update,2.1911250000243854
update-client,update,0.8944589999941854
update-client,update,0.7282919999624937
update-client,update,0.6394170000021404
update-client,update,1.7593750000060027
update-client,update,1.505875000020751
update-client,update,0.7291669999744954
update-client,update,0.6446250000067266
update-client,update,0.9905000000003383
update-client,update,1.457750000042779
update-client,update,0.9067089999916789
update-client,update,2.5776659999792173
update-client,update,0.7462919999738915
update-client,update,0.8694999999647735
update-client,update,0.8354589999726159
update-client,update,0.9480830000256901
update-client,update,0.961708999966504
update-client,update,1.8389169999863952
update-client,update,0.7587919999991755
update-client,update,0.715084000034949
update-client,update,0.6463749999738866
update-client,update,0.9672919999843543
update-client,update,0.7930419999979677
update-client,update,1.888500000006843
update-client,update,0.5163750000178879
update-client,update,0.853082999981325
update-client,update,1.0462920000122722
update-client,update,2.2622500000011314
update-client,update,1.0851250000314394
update-client,update,0.9226249999869651
update-client,update,1.279667000005702
update-client,update,1.2163750000127038
update-client,update,0.9148330000243732
update-client,update,1.0175840000101743
update-client,update,1.1974579999787238
update-client,update,1.7174999999838292
update-client,update,0.8256249999476495
update-client,update,0.9853749999706451
update-client,update,0.8555829999750131
update-client,update,1.6943749999995816
update-client,update,1.1570420000452941
update-client,update,0.7050840000033531
update-client,update,1.0345000000029358
update-client,update,1.012333000005583
update-client,update,0.6670839999856071
update-client,update,1.1563329999830785
update-client,update,0.6606250000231739
update-client,update,1.441250000027594
update-client,update,3.2248329999902126
update-client,update,1.752416999977413
update-client,update,0.8612919999677615
update-client,update,1.0486669999636433
update-client,update,0.8643749999919237
update-client,update,1.2770000000159598
update-client,update,1.065957999969669
update-client,update,0.763083999970604
update-client,update,1.1435419999656915
update-client,update,0.8936660000244956
update-client,update,1.7680839999911768
update-client,update,0.7473750000031032
update-client,update,0.736415999995188
update-client,update,1.7262499999901593
update-client,update,1.581208000004608
update-client,update,1.8078340000329263
update-client,update,0.5786670000134109
update-client,update,0.6643749999852844
update-client,update,1.2727090000339558
update-client,update,1.1756249999734791
update-client,update,1.0714169999914702
update-client,update,1.2344579999989946
update-client,update,1.3734579999891139
update-client,update,1.4049580000232709
update-client,update,0.6992920000357117
update-client,update,0.8865409999998519
update-client,update,1.3387910000233205
update-client,update,0.7580829999938032
update-client,update,1.5321669999934784
update-client,update,1.1137920000123813
update-client,update,0.8840419999955884
update-client,update,1.1235000000056061
update-client,update,1.3602500000047257
update-client,update,3.180624999970405
update-client,update,1.8574169999965306
update-client,update,3.1891659999701005
update-client,update,1.240375000008953
update-client,update,1.6774579999605521
update-client,update,1.1673330000121496
update-client,update,1.2611669999955666
update-client,update,1.6735830000129681
update-client,update,2.6397919999681108
update-client,update,0.7367919999978767
update-client,update,1.1269999999967695
update-client,update,0.6470420000255217
update-client,update,1.163082999994458
update-client,update,1.5110000000504442
update-client,update,2.509167000027901
update-client,update,0.7812499999886313
update-client,update,1.3821659999848634
update-client,update,1.0042499999940446
update-client,update,0.7272919999650185
update-client,update,0.8017499999937172
update-client,update,1.0951670000167724
update-client,update,1.2238339999726122
update-client,update,1.35745800002951
update-client,update,1.0546670000053382
update-client,update,0.7708750000006148
update-client,update,1.231791999998677
update-client,update,1.6571669999621008
update-client,update,1.2008749999949941
update-client,update,0.8809999999925822
update-client,update,4.1595000000143045
update-client,update,1.0320840000304088
update-client,update,1.4157080000245514
update-client,update,1.135625000017626
update-client,update,1.0245419999819205
update-client,update,0.7768329999748858
update-client,update,0.9841659999665353
update-client,update,1.2669160000200463
update-client,update,0.7027919999700316
update-client,update,0.9652909999999792
update-client,update,1.340207999987797
update-client,update,1.1654589999920972
update-client,update,0.9708750000072541
update-client,update,1.2727919999520054
update-client,update,1.0286670000141385
update-client,update,1.0678749999897263
update-client,update,4.628207999985534
update-client,update,1.1132079999924827
update-client,update,1.3733330000036403
update-client,update,0.933000000031825
update-client,update,1.3456659999633303
update-client,update,0.9345409999923504
update-client,update,2.0557920000214835
update-client,update,0.9357920000070408
update-client,update,0.756666999961908
update-client,update,0.8353750000082982
update-client,update,1.1722909999889453
update-client,update,1.0456250000174805
update-client,update,0.9863750000249638
update-client,update,0.861333999978342
update-client,update,1.1762080000039532
update-client,update,1.0511670000141748
update-client,update,1.248750000002019
update-client,update,2.2483340000007956
update-client,update,0.8121669999923142
update-client,update,0.6229169999869555
update-client,update,1.306875000011587
update-client,update,1.051542000027439
update-client,update,1.1615409999876647
update-client,update,0.8941660000232332
update-client,update,1.9597090000047501
update-client,update,1.057916999968711
update-client,update,0.6795420000003105
update-client,update,1.333666999983052
update-client,update,0.7896249999816973
update-client,update,1.037208000013834
update-client,update,1.1505420000048616
update-client,update,1.083084000015333
update-client,update,1.018624999971962
update-client,update,1.0926660000336597
update-client,update,0.6684169999857659
update-client,update,0.6175409999968906
update-client,update,1.0042499999940446
update-client,update,1.6527919999589358
update-client,update,0.6662920000053418
update-client,update,2.243665999969835
update-client,update,0.8834999999862703
update-client,update,0.9777079999935268
update-client,update,0.7553750000397486
update-client,update,1.5654590000053759
update-client,update,0.7558340000173303
update-client,update,1.1696660000097836
update-client,update,0.7765420000396261
update-client,update,2.1372080000219285
update-client,update,1.0426670000356353
update-client,update,1.7935419999730584
update-client,update,0.7606670000086524
update-client,update,1.9784170000320955
update-client,update,1.0532080000302813
update-client,update,1.204332999975577
update-client,update,1.2493749999862303
update-client,update,1.1517499999627034
update-client,update,1.013915999976689
update-client,update,0.7715419999954065
update-client,update,0.8183329999837952
update-client,update,1.191790999996556
update-client,update,0.9174169999823789
update-client,update,0.654375000010532
update-client,update,0.7917500000189648
update-client,update,0.6314589999760756
update-client,update,1.0167079999519046
update-client,update,1.5128329999924972
update-client,update,1.301082999987102
update-client,update,0.752709000039431
update-client,update,0.6333750000067084
update-client,update,1.0131250000426917
update-client,update,1.037457999984781
update-client,update,0.7174590000431635
update-client,update,1.0340420000147788
update-client,update,0.6913750000308028
update-client,update,1.20016700003589
update-client,update,0.8955409999771291
update-client,update,1.3498750000167092
update-client,update,2.2104590000253665
update-client,update,1.3349590000188982
update-client,update,1.1073339999825293
update-client,update,0.9953330000485039
update-client,update,1.1260829999741873
update-client,update,1.8053329999929701
update-client,update,1.045624999960637
update-client,update,0.8206250000171167
update-client,update,1.050333000023329
update-client,update,1.0577919999832375
update-client,update,0.8600839999530763
update-client,update,1.3921249999953034
update-client,update,1.0085000000117361
update-client,update,1.3207500000476102
update-client,update,0.7207079999602684
update-client,update,1.202207999995153
update-client,update,1.7758749999643442
update-client,update,0.7793329999685739
update-client,update,0.8409580000261485
update-client,update,1.0229170000002341
update-client,update,1.1976659999959338
update-client,update,0.6486249999966276
update-client,update,1.3787919999685982
update-client,update,1.3622920000102567
update-client,update,2.7738329999920097
update-client,update,1.0415829999601556
update-client,update,0.8234169999923324
update-client,update,1.0274580000100286
update-client,update,1.1915410000256088
update-client,update,0.8124590000306853
update-client,update,0.9462499999699503
update-client,update,1.355082999964452
update-client,update,1.156541999989713
update-client,update,0.7866669999998521
update-client,update,0.8598339999821292
update-client,update,0.7163330000139467
update-client,update,0.7645830000342357
update-client,update,0.7149580000032074
update-client,update,0.8732499999837273
update-client,update,3.4589169999890146
update-client,update,0.8971670000050835
update-client,update,0.8969159999878684
update-client,update,1.2615830000299866
update-client,update,0.9412919999931546
update-client,update,0.9883330000093338
update-client,update,1.2779579999460111
update-client,update,0.9468749999541615
update-client,update,0.6099579999840898
update-client,update,0.8194160000130069
update-client,update,2.6704170000471095
update-client,update,0.8130420000043159
update-client,update,1.1570830000096066
update-client,update,0.9400829999890448
update-client,update,0.8683750000386681
update-client,update,1.0003749999896172
update-client,update,0.8842500000127984
update-client,update,1.6810419999728765
update-client,update,1.2729160000048978
update-client,update,1.2632500000222535
update-client,update,0.8290000000101827
update-client,update,1.5583329999913076
update-client,update,1.6386669999519654
update-client,update,1.2442080000028
update-client,update,0.5616249999889078
update-client,update,0.9426670000038939
update-client,update,1.371667000000798
update-client,update,1.4425829999709094
update-client,update,0.8619999999837091
update-client,update,1.3682089999633718
update-client,update,1.1025840000229437
update-client,update,1.2537080000356582
update-client,update,1.0633329999905072
update-client,update,1.2173329999995985
update-client,update,1.2948339999638847
update-client,update,0.8736660000181473
update-client,update,0.6205000000250038
update-client,update,1.6011660000003758
update-client,update,0.8090830000355709
update-client,update,1.689499999997679
update-client,update,0.7061249999651409
update-client,update,2.3626660000104494
update-client,update,1.0128749999580577
update-client,update,0.9927499999662359
update-client,update,0.6364999999846077
update-client,update,0.8000839999908749
update-client,update,1.4853750000156651
update-client,update,0.8706250000045657
update-client,update,0.7565829999975904
update-client,update,1.0439579999683701
update-client,update,1.4230840000095668
update-client,update,0.9079579999706766
update-client,update,1.683208999963881
update-client,update,0.9497089999968011
update-client,update,0.5317500000501241
update-client,update,1.2739169999917976
update-client,update,1.6235829999686757
update-client,update,4.158042000028672
update-client,update,2.4551250000399705
update-client,update,1.1880419999670266
update-client,update,1.3894580000055612
update-client,update,1.4337499999896863
update-client,update,1.0119589999817435
update-client,update,1.1597499999993488
update-client,update,0.8815420000019003
update-client,update,1.0510419999718579
update-client,update,0.8133750000069995
update-client,update,0.7433330000026217
update-client,update,1.15645900001482
update-client,update,1.631207999992057
update-client,update,3.458249999994223
update-client,update,0.8503330000166898
update-client,update,0.516624999988835
update-client,update,1.0365829999727794
update-client,update,1.5140840000071876
update-client,update,1.4737920000129634
update-client,update,0.8205830000065362
update-client,update,1.4960409999957847
update-client,update,2.1221669999818005
update-client,update,1.021083000011913
update-client,update,0.8180840000022727
update-client,update,0.6406250000168257
update-client,update,1.1837079999850175
update-client,update,1.2773749999723805
update-client,update,1.188124999998763
update-client,update,1.2515409999878102
update-client,update,0.949583000021903
update-client,update,1.0925000000270302
update-client,update,1.1042499999689426
update-client,update,0.6148340000322605
update-client,update,2.0167910000168376
update-client,update,1.9316249999974389
update-client,update,2.5158749999718566
update-client,update,0.7105420000357299
update-client,update,2.8679170000032173
update-client,update,1.142125000001215
update-client,update,1.6760839999960808
update-client,update,0.9607499999901847
update-client,update,1.6412090000130775
update-client,update,1.085041999999703
update-client,update,1.1186250000037035
update-client,update,1.3718749999611646
update-client,update,0.8507499999836909
update-client,update,1.0405829999626803
update-client,update,1.1766249999709544
update-client,update,1.4270419999888873
update-client,update,1.2776670000107515
update-client,update,1.622542000006888
update-client,update,2.020084000037059
update-client,update,3.3377080000036585
update-client,update,3.9708329999825764
update-client,update,1.0520420000261765
update-client,update,0.7940000000417058
update-client,update,0.8208749999880638
update-client,update,1.2637909999853036
update-client,update,2.055292000022746
update-client,update,1.7325409999671137
update-client,update,0.9206249999920146
update-client,update,1.384916000006342
update-client,update,1.3986249999788924
update-client,update,0.8018330000254537
update-client,update,1.7707080000377573
update-client,update,0.922041999956491
update-client,update,1.7715839999823402
update-client,update,1.0765000000105829
update-client,update,1.1325410000040392
update-client,update,1.277791999996225
update-client,update,0.8246670000175982
update-client,update,1.4764590000027056
update-client,update,4.220124999960717
update-client,update,3.2442919999766673
update-client,update,1.811042000042562
update-client,update,1.643500000000131
update-client,update,1.6156249999994543
update-client,update,1.8225000000029468
update-client,update,1.2603750000153013
update-client,update,0.8677499999976135
update-client,update,1.007834000006369
update-client,update,1.4532079999867165
update-client,update,1.144082999985585
update-client,update,1.0136670000520098
update-client,update,1.768958000013754
update-client,update,2.2250000000099135
update-client,update,0.9050830000205679
update-client,update,2.273290999994515
update-client,update,0.9070830000155183
update-client,update,2.2293750000130785
update-client,update,1.133416000016041
update-client,update,2.140499999995882
update-client,update,1.6624579999984235
update-client,update,1.3013330000148926
update-client,update,0.9887919999869155
update-client,update,1.143540999976267
update-client,update,1.0909590000096614
update-client,update,9.951957999987826
update-client,update,83.52312499999925
update-client,update,1.8519999999853098
update-client,update,20.436833000019305
update-client,update,3.3757920000425656
update-client,update,2.017749999993157
update-client,update,1.2723329999744237
update-client,update,0.9227499999724387
update-client,update,3.923084000007293
update-client,update,2.9158329999745547
update-client,update,1.8456249999871943
update-client,update,2.1488330000352107
update-client,update,1.2307499999906213
update-client,update,1.3811250000230757
update-client,update,1.3726249999876927
update-client,update,1.4987920000066879
update-client,update,0.9674590000372518
update-client,update,2.552083000011862
update-client,update,2.241540999989411
update-client,update,0.9551670000291779
update-client,update,1.5440409999882831
update-client,update,1.3064170000234299
update-client,update,1.7661669999711194
update-client,update,0.8593750000045475
update-client,update,0.8641670000315571
update-client,update,1.0415840000064236
update-client,update,1.2101250000000618
update-client,update,0.9995000000344589
update-client,update,0.7911659999990661
update-client,update,1.043334000030427
update-client,update,1.5264170000364174
update-client,update,1.8834170000445738
update-client,update,1.4117909999527
update-client,update,1.0687909999660405
update-client,update,1.0349170000267804
update-client,update,0.7815000000164218
update-client,update,1.200625000024047
update-client,update,1.0037920000058875
update-client,update,0.9466249999832144
update-client,update,1.2839589999771306
update-client,update,0.9547079999947528
update-client,update,0.7985419999840815
update-client,update,0.8561669999949117
update-client,update,1.3305840000157332
update-client,update,1.6062090000446005
update-client,update,1.2366249999899992
update-client,update,0.7172920000471095
update-client,update,0.9524999999825923
update-client,update,0.7625420000181293
update-client,update,0.48845799994978734
update-client,update,1.290583000013612
update-client,update,1.2552919999961887
update-client,update,1.08691700000918
update-client,update,0.8700829999952475
update-client,update,0.5909159999646363
update-client,update,0.9727500000167311
update-client,update,0.7836660000180018
update-client,update,0.888958000018647
update-client,update,1.1852090000274984
update-client,update,1.35920799999667
update-client,update,0.7464170000162085
update-client,update,0.9613749999743959
update-client,update,0.8487910000098964
update-client,update,0.535249999984444
update-client,update,0.6612079999968046
update-client,update,0.7662919999802398
update-client,update,1.392624999994041
update-client,update,0.8472080000387905
update-client,update,1.452666999966823
update-client,update,0.924124999983178
update-client,update,0.6323749999523898
update-client,update,0.725499999987278
update-client,update,1.5197499999999309
update-client,update,1.6032500000164873
update-client,update,0.8207910000237462
update-client,update,0.9526659999892217
update-client,update,0.7347079999817652
update-client,update,0.7635419999587612
update-client,update,0.7413750000182517
update-client,update,1.3932500000350956
update-client,update,1.4257089999887285
update-client,update,1.0445000000345317
update-client,update,1.0820830000284332
update-client,update,0.7963749999930769
update-client,update,0.9719999999902029
update-client,update,1.3920000000098298
update-client,update,2.288334000013492
update-client,update,1.4232499999593529
update-client,update,0.813124999979209
update-client,update,1.2319589999947311
update-client,update,1.0634160000222437
update-client,update,1.6218749999552529
update-client,update,1.12899999999172
update-client,update,2.2550420000015947
update-client,update,0.8568330000002788
update-client,update,1.1219579999988127
update-client,update,1.028791999999612
update-client,update,0.8048330000178794
update-client,update,0.6396250000193504
update-client,update,0.614291999966099
update-client,update,1.545082999996339
update-client,update,0.901541000018824
update-client,update,0.5750000000261934
update-client,update,0.8292919999917103
update-client,update,1.0701250000124674
update-client,update,2.2542090000001735
update-client,update,1.1279999999942447
update-client,update,0.638083000012557
update-client,update,0.8271670000112863
update-client,update,1.0741670000129488
update-client,update,0.9237919999804944
update-client,update,1.5405419999865444
update-client,update,0.8498750000285327
update-client,update,0.8266250000019681
update-client,update,1.0802090000083808
update-client,update,1.0906250000175532
update-client,update,0.5950000000325417
update-client,update,1.4941249999651518
update-client,update,0.8527909999997974
update-client,update,0.9534159999589065
update-client,update,1.6053750000537548
update-client,update,1.5537499999709325
update-client,update,0.9524579999720117
update-client,update,0.637707999999293
update-client,update,0.8521660000155862
update-client,update,1.792582999996739
update-client,update,0.9877910000000156
update-client,update,1.279291999992438
update-client,update,0.7810409999819967
update-client,update,1.4662500000213186
update-client,update,1.5696670000124868
update-client,update,1.334083000017472
update-client,update,1.9682500000044456
update-client,update,1.1903749999646607
update-client,update,0.8374999999887223
update-client,update,1.629041999990477
update-client,update,0.8499169999822698
update-client,update,1.133207999998831
update-client,update,0.8286670000074992
update-client,update,1.135916000009729
update-client,update,1.4435410000146476
update-client,update,1.1009590000412572
update-client,update,1.2178750000089167
update-client,update,0.7822910000072625
update-client,update,0.8782080000173664
update-client,update,1.9066660000248703
update-client,update,0.7097499999986212
update-client,update,0.7871249999880092
update-client,update,0.6344999999896572
update-client,update,2.2010000000136642
update-client,update,0.9023749999528263
update-client,update,1.140208000038001
update-client,update,0.6748749999587744
update-client,update,1.3214169999855585
update-client,update,0.5984580000131245
update-client,update,0.9379159999980402
update-client,update,1.1974999999893043
update-client,update,0.7866249999892716
update-client,update,1.0613750000061373
update-client,update,0.8092080000210444
update-client,update,1.6387500000405453
update-client,update,1.3314170000171544
update-client,update,1.0630830000195601
update-client,update,1.3138329999833331
update-client,update,1.3503330000048663
update-client,update,0.7478750000018408
update-client,update,1.530457999990631
update-client,update,1.0975419999681435
update-client,update,1.4047920000166414
update-client,update,0.7764580000184651
update-client,update,0.5666669999868645
update-client,update,0.8481250000045293
update-client,update,0.525125000024218
update-client,update,1.283957999987706
update-client,update,1.0631669999838778
update-client,update,0.9676250000438813
update-client,update,0.9401249999996253
update-client,update,1.5369580000310634
update-client,update,1.2992079999776251
update-client,update,1.350999999999658
update-client,update,0.778125000010732
update-client,update,0.9184169999798542
update-client,update,1.2441670000384875
update-client,update,1.4189170000236118
update-client,update,1.5653340000199023
update-client,update,1.0343339999963064
update-client,update,1.0861659999932272
update-client,update,1.0176669999850674
update-client,update,0.9869159999880139
update-client,update,1.0601249999808715
update-client,update,0.8797909999884723
update-client,update,1.3084170000183803
update-client,update,1.0657079999987218
update-client,update,0.5933340000296994
update-client,update,0.9660829999802445
update-client,update,0.6618330000378592
update-client,update,0.9904579999897578
update-client,update,0.9441249999895263
update-client,update,1.3476249999939682
update-client,update,1.41320799997402
update-client,update,1.0347910000518823
update-client,update,1.5737090000129683
update-client,update,1.2092079999774796
update-client,update,1.1340829999539892
update-client,update,2.2293339999919226
update-client,update,1.300249999985681
update-client,update,0.8620000000405525
update-client,update,0.6052079999676607
update-client,update,1.4535829999999805
update-client,update,1.0843750000049113
update-client,update,1.0342500000319887
update-client,update,0.9562920000121267
update-client,update,1.3514579999878151
update-client,update,0.6557500000212713
update-client,update,0.8703749999767751
update-client,update,0.9859580000011192
update-client,update,0.8505000000127438
update-client,update,0.7153749999702086
update-client,update,1.5458329999660236
update-client,update,1.2827499999730207
update-client,update,1.0553749999644424
update-client,update,0.6362080000030801
update-client,update,0.5592919999912738
update-client,update,0.9689590000334647
update-client,update,2.430542000013247
update-client,update,2.0945410000194897
update-client,update,2.786667000009402
update-client,update,1.0316249999959837
update-client,update,2.5122499999952197
update-client,update,1.0317499999814572
update-client,update,0.8977079999681337
update-client,update,1.2790420000214908
update-client,update,1.0382499999650463
update-client,update,2.4583750000033433
update-client,update,0.8294170000340273
update-client,update,1.581416000021818
update-client,update,1.2830420000113918
update-client,update,1.9766249999975116
update-client,update,1.1992500000133077
update-client,update,0.9733750000009422
update-client,update,0.9442079999644193
update-client,update,3.19754100002001
update-client,update,1.0085840000328972
update-client,update,1.6385839999770724
update-client,update,1.2705409999966832
update-client,update,2.168250000011085
update-client,update,2.0816669999703663
update-client,update,1.256749999981821
update-client,update,2.5471250000350665
update-client,update,2.08704200002785
update-client,update,1.1317500000131986
update-client,update,1.628749999952106
update-client,update,1.3412089999746968
update-client,update,1.186041000039495
update-client,update,3.6517909999815856
update-client,update,1.5587920000257327
update-client,update,4.839750000030563
update-client,update,4.083041999990655
update-client,update,1.4811670000085542
update-client,update,5.179749999967953
update-client,update,1.5294169999719998
update-client,update,0.8846660000472184
update-client,update,1.323583999976563
update-client,update,1.440417000026173
update-client,update,1.369709000016428
update-client,update,0.7543749999854299
update-client,update,1.2056250000114233
update-client,update,0.8904160000042793
update-client,update,0.8376670000416198
update-client,update,1.4893329999949856
update-client,update,1.1451249999936408
update-client,update,1.2562079999725029
update-client,update,1.2695000000348955
update-client,update,1.0451250000187429
update-client,update,1.4002919999711594
update-client,update,1.0742499999878419
update-client,update,1.05216700001165
update-client,update,1.4190420000090853
update-client,update,0.779792000002999
update-client,update,0.9553330000358073
update-client,update,0.9243749999541251
update-client,update,1.3192080000408168
update-client,update,1.0189170000103331
update-client,update,0.8934589999967102
update-client,update,1.361790999965251
update-client,update,0.7058340000298813
update-client,update,1.0176669999850674
update-client,update,0.9498339999822747
update-client,update,0.8231659999751173
update-client,update,1.3738750000129585
update-client,update,1.2442500000133805
update-client,update,1.338041999986217
update-client,update,0.7367910000084521
update-client,update,0.8194999999773245
update-client,update,1.1755840000091666
update-client,update,1.2143750000177533
update-client,update,0.8195420000447484
update-client,update,1.1274579999849266
update-client,update,0.8354159999726107
update-client,update,1.133333000041148
update-client,update,1.89016699999911
update-client,update,0.8162500000139516
update-client,update,1.1057500000219989
update-client,update,0.6750000000010914
update-client,update,5.712875000028816
update-client,update,0.9720420000007834
update-client,update,1.0052910000126758
update-client,update,1.6488750000007713
update-client,update,0.9489169999596925
update-client,update,0.9882079999670168
update-client,update,1.294290999965142
update-client,update,0.9330830000067181
update-client,update,1.3645409999867297
update-client,update,1.0154999999940628
update-client,update,1.7350829999713824
update-client,update,1.4754590000052303
update-client,update,1.576375000013286
update-client,update,1.309208000009221
update-client,update,0.7394159999876138
update-client,update,1.2075000000209002
update-client,update,0.9305840000024546
update-client,update,0.8696670000176709
update-client,update,1.0566670000002887
update-client,update,2.18475000002627
update-client,update,1.127499999995507
update-client,update,1.446917000009762
update-client,update,1.1327500000106738
update-client,update,0.652417000026162
update-client,update,1.5843329999825073
update-client,update,0.6902089999698546
update-client,update,1.2244170000030863
update-client,update,1.808792000019821
update-client,update,1.6092920000119193
update-client,update,1.0781249999922693
update-client,update,1.0645829999589296
update-client,update,0.9935830000245005
update-client,update,1.0632499999587708
update-client,update,2.4924160000523443
update-client,update,0.9873330000118585
update-client,update,2.0587500000033288
update-client,update,2.8269999999679385
update-client,update,2.637624999977106
update-client,update,1.0461249999593747
update-client,update,0.9549589999551245
update-client,update,0.9397919999969417
update-client,update,1.5122499999620231
update-client,update,1.0405410000089432
update-client,update,1.4729580000221176
update-client,update,0.945166999997582
update-client,update,1.6608749999704742
update-client,update,1.3455410000347001
update-client,update,0.9970829999588204
update-client,update,1.0596250000389773
update-client,update,1.4085409999893272
update-client,update,1.298290999955043
update-client,update,1.0853339999812306
update-client,update,0.9845000000154869
update-client,update,0.9956249999731881
update-client,update,0.9430839999708951
update-client,update,1.3252079999688249
update-client,update,1.0385000000496802
update-client,update,0.700666000000183
update-client,update,0.7281659999875956
update-client,update,1.842374999966978
update-client,update,1.49970900002927
update-client,update,0.7420410000236188
update-client,update,0.966042000015932
update-client,update,0.6675840000411881
update-client,update,1.2530000000197106
update-client,update,1.3540840000132448
update-client,update,1.277542000025278
update-client,update,2.10804199997483
update-client,update,0.7320000000277105
update-client,update,0.7666249999829233
update-client,update,1.2476249999622269
update-client,update,0.8642089999852942
update-client,update,1.3003750000279979
update-client,update,1.1094579999735288
update-client,update,1.1227500000359214
update-client,update,1.0386659999994663
update-client,update,0.7391249999955107
update-client,update,2.785249999988082
update-client,update,0.7842919999916376
update-client,update,1.3310409999576223
update-client,update,0.9700829999701455
update-client,update,0.9729999999876782
update-client,update,1.878958999952829
update-client,update,0.8905830000003334
update-client,update,0.8344159999751355
update-client,update,1.159083000004557
update-client,update,1.485416000036821
update-client,update,1.640166000015597
update-client,update,2.296750000027714
update-client,update,1.6881669999975202
update-client,update,1.2159999999994398
update-client,update,1.6410409999707554
update-client,update,1.1408749999759493
update-client,update,1.2029160000111006
update-client,update,0.9459589999778473
update-client,update,1.3426659999709045
update-client,update,0.9607079999796042
update-client,update,0.822083000002749
update-client,update,0.7942909999769654
update-client,update,1.0155829999689558
update-client,update,1.3238340000043536
update-client,update,1.432500000021264
update-client,update,2.586874999963129
update-client,update,0.9077499999534666
update-client,update,0.5560420000279009
update-client,update,0.8057499999836182
update-client,update,1.0199170000078084
update-client,update,3.0253749999928914
update-client,update,1.6745000000355503
update-client,update,1.5168330000392416
update-client,update,2.318915999978799
update-client,update,1.2752500000487998
update-client,update,1.0517499999878055
update-client,update,0.8210000000303808
update-client,update,0.7801250000056825
update-client,update,1.3392090000365897
update-client,update,1.3403750000406944
update-client,update,1.1361669999701007
update-client,update,0.7587919999991755
update-client,update,1.0713750000377331
update-client,update,1.2861249999787105
update-client,update,0.895375000027343
update-client,update,2.403833000016675
update-client,update,1.6875839999670461
update-client,update,2.403082999990147
update-client,update,2.66379199996436
update-client,update,0.7562909999592193
update-client,update,1.6715000000431246
update-client,update,1.2596250000456166
update-client,update,1.156166999976449
update-client,update,0.6468750000294676
update-client,update,1.1585000000309265
update-client,update,1.2499589999492855
update-client,update,1.298333999955048
update-client,update,0.8016660000293996
update-client,update,0.7751249999614629
update-client,update,0.7538339999655363
update-client,update,1.3268750000179352
update-client,update,0.9723329999928865
update-client,update,1.0679580000214628
update-client,update,0.627167000004647
update-client,update,1.6115829999989728
update-client,update,0.9865420000210179
update-client,update,0.8198749999905885
update-client,update,0.6515420000141603
update-client,update,0.7051669999782462
update-client,update,0.6861669999693731
update-client,update,1.7544169999723636
update-client,update,1.0980410000343
update-client,update,1.2143750000177533
update-client,update,1.1569160000135525
update-client,update,2.1700419999888254
update-client,update,0.8061249999968823
update-client,update,1.0049999999637294
update-client,update,1.0599579999848174
update-client,update,0.734208000039871
update-client,update,1.5487079999729758
update-client,update,0.8068330000128299
update-client,update,1.3265840000258322
update-client,update,1.0744159999944713
update-client,update,1.7430419999868718
update-client,update,1.0324579999974048
update-client,update,0.9962910000353986
update-client,update,0.6639580000182832
update-client,update,0.9331249999604552
update-client,update,1.2853340000447133
update-client,update,0.6864580000183196
update-client,update,0.8186669999759033
update-client,update,0.8000419999802943
update-client,update,1.3044170000284794
update-client,update,1.9804579999913585
update-client,update,1.1642499999879874
update-client,update,0.8474579999528942
update-client,update,0.938541999971676
update-client,update,0.8268749999729152
update-client,update,1.4232089999950404
update-client,update,1.01399999999785
update-client,update,0.5358750000254986
update-client,update,1.1194580000051246
update-client,update,3.4983329999818125
update-client,update,1.2260839999953532
update-client,update,1.0447920000160593
update-client,update,1.6574169999898913
update-client,update,0.8424580000223614
update-client,update,0.8001250000120308
update-client,update,1.014500000053431
update-client,update,0.9216249999894899
update-client,update,1.2748750000355358
update-client,update,1.5248329999622001
update-client,update,1.3141250000217042
update-client,update,0.9499170000140111
update-client,update,1.1865000000170767
update-client,update,1.0647080000012465
update-client,update,0.9135829999991074
update-client,update,0.9217500000318068
update-client,update,0.9173330000180613
update-client,update,2.0599579999611706
update-client,update,1.1784999999804313
update-client,update,1.318959000002451
update-client,update,0.9066670000379418
update-client,update,1.5523749999601932
update-client,update,1.25079200000755
update-client,update,0.9960410000076081
update-client,update,1.5898749999792017
update-client,update,0.5525839999904747
update-client,update,1.2181660000010197
update-client,update,1.0547089999590753
update-client,update,1.3907500000414075
update-client,update,0.9806250000110595
update-client,update,0.7699170000137201
update-client,update,1.5210409999895091
update-client,update,0.9080839999455748
update-client,update,2.8347920000442173
update-client,update,2.387874999953965
update-client,update,1.2594170000284066
update-client,update,0.9571669999672849
update-client,update,0.8884169999987535
update-client,update,0.802958999997827
update-client,update,1.7259999999623687
update-client,update,0.9330839999961427
update-client,update,0.7941669999809164
update-client,update,0.7297919999587066
update-client,update,0.6295830000340175
update-client,update,0.9554160000107004
update-client,update,2.0552500000121654
update-client,update,1.1821659999782241
update-client,update,1.559874999998101
update-client,update,0.8983339999986129
update-client,update,1.3436660000252232
update-client,update,0.901417000022775
update-client,update,1.353332999997292
update-client,update,1.6322500000001128
update-client,update,0.7621670000048653
update-client,update,0.9627919999957157
update-client,update,0.826208000034967
update-client,update,0.8663329999762936
update-client,update,0.579708000032042
update-client,update,0.9509999999863794
update-client,update,0.7898749999526444
update-client,update,0.8995420000132981
update-client,update,0.7554160000040611
update-client,update,1.2885419999975056
update-client,update,1.0763750000251093
update-client,update,1.202333999970051
update-client,update,1.4227080000068781
update-client,update,1.2727910000194242
update-client,update,0.738082999987455
update-client,update,2.9442910000057054
update-client,update,1.679332999970029
update-client,update,0.899457999992137
update-client,update,3.0252499999505744
update-client,update,1.1049999999954707
update-client,update,1.3792080000030182
update-client,update,0.9817090000296957
update-client,update,2.588291999984449
update-client,update,2.7934999999956744
update-client,update,1.6999579999605885
update-client,update,2.242666000029203
update-client,update,1.9565830000374262
update-client,update,4.4039169999905425
update-client,update,1.2940839999942
update-client,update,0.802792000001773
update-client,update,2.3450840000123208
update-client,update,1.0371660000032534
update-client,update,1.8537500000093132
update-client,update,1.167082999984359
update-client,update,0.8264580000059141
update-client,update,1.2787500000399632
update-client,update,4.301999999995587
update-client,update,1.493292000020574
update-client,update,0.9995420000450395
update-client,update,2.967791000003217
update-client,update,2.0769170000107806
update-client,update,1.277874999971118
update-client,update,2.1777910000082557
update-client,update,0.9279999999876054
update-client,update,1.641624999990654
update-client,update,0.8881250000172258
update-client,update,1.2155830000324386
update-client,update,2.1903329999872767
update-client,update,1.28195899998218
update-client,update,3.156624999974156
update-client,update,1.6701659999966978
update-client,update,1.4852500000301916
update-client,update,1.5271249999955216
update-client,update,1.1180419999732294
update-client,update,2.5810000000205946
update-client,update,1.6337499999963256
update-client,update,1.2682079999990492
update-client,update,2.3382500000366235
update-client,update,1.1151250000125401
update-client,update,1.96558299995786
update-client,update,2.9174169999919286
update-client,update,2.2634590000052413
update-client,update,0.4475000000070395
update-client,update,1.728083000045899
update-client,update,1.9565000000056898
update-client,update,2.6841250000302352
update-client,update,2.8965419999735786
update-client,update,1.7273340000087956
update-client,update,0.9559589999525997
update-client,update,1.5837919999626138
update-client,update,1.5145840000059252
update-client,update,1.3731249999864303
update-client,update,1.0253330000296046
update-client,update,1.0080000000129985
update-client,update,1.3702500000363216
update-client,update,1.6067919999613878
update-client,update,1.3220839999803502
update-client,update,1.0502920000021732
update-client,update,0.8996249999881911
update-client,update,1.740041999994446
update-client,update,2.266999999960717
update-client,update,0.6927910000058546
update-client,update,0.8726249999995161
update-client,update,0.8731659999625663
update-client,update,0.7695000000467189
update-client,update,0.8065000000101463
update-client,update,0.7844999999520041
update-client,update,0.867583999990984
update-client,update,1.0970829999905618
update-client,update,1.250833000028706
update-client,update,1.0352920000400445
update-client,update,2.618540999947072
update-client,update,1.5802919999714504
update-client,update,0.5043749999913416
update-client,update,0.7395000000087748
update-client,update,1.4804589999926066
update-client,update,1.0402499999599968
update-client,update,1.2367500000323162
update-client,update,1.003791000016463
update-client,update,1.158792000012454
update-client,update,0.8710000000178297
update-client,update,1.0932920000072954
update-client,update,1.7507499999851461
update-client,update,0.9655839999709315
update-client,update,1.397125000039523
update-client,update,1.0049159999994117
update-client,update,1.182000000028438
update-client,update,1.1412090000249009
update-client,update,1.6304160000117918
update-client,update,1.3345419999950536
update-client,update,2.2281249999878128
update-client,update,1.583458000027349
update-client,update,1.3206250000052933
update-client,update,3.1441250000057153
update-client,update,1.7409170000064478
update-client,update,1.4148330000125497
update-client,update,1.7085420000171325
update-client,update,2.8262079999876732
update-client,update,0.9384169999862024
update-client,update,1.0566249999897082
update-client,update,0.715666000019155
update-client,update,1.4357499999846368
update-client,update,1.6938340000365315
update-client,update,1.0532910000051743
update-client,update,1.2775419999684345
update-client,update,0.8799999999951069
update-client,update,0.746166999988418
update-client,update,1.61687500002472
update-client,update,1.6622080000274764
update-client,update,0.6628749999890715
update-client,update,2.0198750000304244
update-client,update,1.0153750000085893
update-client,update,2.980540999999448
update-client,update,2.132333000020026
update-client,update,1.395333000004939
update-client,update,1.3168750000431828
update-client,update,3.103416999977071
update-client,update,1.0681659999818294
update-client,update,1.2668749999988904
update-client,update,1.290125000025455
update-client,update,1.0486670000204867
update-client,update,2.1191669999893747
update-client,update,0.9518749999983811
update-client,update,1.4660420000041086
update-client,update,0.7482090000507924
update-client,update,1.5439170000490776
update-client,update,0.9435000000053151
update-client,update,1.2266669999689839
update-client,update,1.7344159999765907
update-client,update,1.8304579999721682
update-client,update,1.5681660000268494
update-client,update,1.231625000002623
update-client,update,0.9270839999544478
update-client,update,0.8767499999748907
update-client,update,1.5980829999762136
update-client,update,1.6083330000356
update-client,update,1.0992499999815664
update-client,update,1.990166999974008
update-client,update,1.909082999986822
update-client,update,1.6256249999742067
update-client,update,1.0626249999745596
update-client,update,1.0905420000426602
update-client,update,0.9190420000209087
update-client,update,1.3210419999722944
update-client,update,1.0342089999539894
update-client,update,2.7478339999902346
update-client,update,0.9456249999857391
update-client,update,0.9360420000348313
update-client,update,1.3539589999709278
update-client,update,0.9143330000256356
update-client,update,3.0342079999741145
update-client,update,2.509874999987005
update-client,update,1.1302080000064052
update-client,update,1.3788329999897542
update-client,update,1.3328750000027867
update-client,update,3.554791999988538
update-client,update,1.541416999998546
update-client,update,1.1984999999867796
update-client,update,1.568707999979324
update-client,update,2.1754999999643587
update-client,update,1.7331660000081683
update-client,update,1.7083339999999225
update-client,update,1.8575830000031601
update-client,update,1.7182920000209378
update-client,update,1.4247080000018286
update-client,update,0.8290829999850757
update-client,update,1.9087920000515624
update-client,update,1.3730420000115373
update-client,update,1.0951250000061918
update-client,update,1.189334000002873
update-client,update,1.28216699999939
update-client,update,1.3898329999619818
update-client,update,1.495041999987734
update-client,update,1.047625000012431
update-client,update,1.2929999999755637
update-client,update,1.292499999976826
update-client,update,0.9012920000373015
update-client,update,0.9559589999525997
update-client,update,0.8965000000102918
update-client,update,1.7352499999674365
update-client,update,2.226583999970444
update-client,update,1.6340409999884287
update-client,update,0.9995829999525085
update-client,update,0.9636659999614494
update-client,update,0.8418339999707314
update-client,update,0.8624169999507103
update-client,update,1.574708000021019
update-client,update,2.0173750000367363
update-client,update,1.2823339999954442
update-client,update,0.5552080000370552
update-client,update,0.8583750000070722
update-client,update,1.024625000013657
update-client,update,2.784707999978764
update-client,update,1.2002080000002024
update-client,update,1.1785000000372747
update-client,update,1.1908339999990858
update-client,update,2.903416999970432
update-client,update,6.925332999969669
update-client,update,2.4684579999529888
update-client,update,1.6700830000218048
update-client,update,0.9833750000325381
update-client,update,2.7369170000497434
update-client,update,1.0789579999936905
update-client,update,1.2376250000443179
update-client,update,1.0630830000195601
update-client,update,1.2245000000348227
update-client,update,1.7109579999896596
update-client,update,0.9968329999878733
update-client,update,1.0644589999628806
update-client,update,1.3877499999921383
update-client,update,1.1581250000176624
update-client,update,0.9023329999990892
update-client,update,0.9081250000235741
update-client,update,0.9280419999981859
update-client,update,2.1112500000413092
update-client,update,1.6370410000376978
update-client,update,1.1970410000117226
update-client,update,0.8912499999951251
update-client,update,1.5574160000255688
update-client,update,1.413792000050762
update-client,update,1.6843749999679858
update-client,update,1.124707999963448
update-client,update,2.2440419999725236
update-client,update,1.305166999998164
update-client,update,1.056249999976444
update-client,update,0.8422500000051514
update-client,update,1.3225420000253507
update-client,update,0.8417919999601509
update-client,update,1.1187919999997575
update-client,update,2.2194999999669562
update-client,update,0.9752079999998386
update-client,update,0.9367499999939355
update-client,update,1.0966669999561418
update-client,update,0.890874999981861
update-client,update,1.6158330000166643
update-client,update,1.3225420000253507
update-client,update,1.6551249999565698
update-client,update,4.553584000007049
update-client,update,1.220832999990762
update-client,update,0.7776250000119944
update-client,update,1.4894999999910397
update-client,update,1.8642500000396467
update-client,update,0.9430000000065775
update-client,update,0.9211670000013328
update-client,update,1.358624999966196
update-client,update,2.491124999949079
update-client,update,1.5656669999657424
update-client,update,0.7202079999615307
update-client,update,1.8669170000293889
update-client,update,0.8687499999950887
update-client,update,1.4161249999915526
update-client,update,0.7957500000088658
update-client,update,0.9232499999711763
update-client,update,0.6911670000135928
update-client,update,0.7475830000203132
update-client,update,1.7477089999715645
update-client,update,1.3444580000054884
update-client,update,1.3090830000237474
update-client,update,0.5840829999783637
update-client,update,1.0548330000119677
update-client,update,1.897000000042226
update-client,update,0.9114999999724205
update-client,update,1.5668330000266906
update-client,update,1.0051250000060463
update-client,update,0.6405409999956646
update-client,update,2.2608329999798116
update-client,update,1.9962920000011763
update-client,update,1.1369579999609414
update-client,update,2.0302920000290214
update-client,update,1.1740840000129538
update-client,update,1.083208000011382
update-client,update,2.811917000030917
update-client,update,0.7241669999871192
update-client,update,1.0763330000145288
update-client,update,0.854999999944539
update-client,update,10.58354099995995
update-client,update,1.3804579999714406
update-client,update,0.9592499999939719
update-client,update,0.8548330000053284
update-client,update,1.0480420000362756
update-client,update,1.4313750000383152
update-client,update,0.8025000000202454
update-client,update,1.2767919999987498
update-client,update,0.8892090000358621
update-client,update,1.1697499999741012
update-client,update,0.7081250000169348
update-client,update,0.8507500000405344
update-client,update,1.1762920000251142
update-client,update,1.1629580000089845
update-client,update,1.5517090000116696
update-client,update,0.9043750000046202
update-client,update,1.807333000044764
update-client,update,2.253791999976329
update-client,update,2.6243749999821375
update-client,update,0.9102079999934176
update-client,update,1.1128750000466425
update-client,update,2.4504999999521715
update-client,update,1.1295840000116186
update-client,update,1.2225410000041848
update-client,update,2.014166000037676
update-client,update,1.9134580000468304
update-client,update,1.5243340000097305
update-client,update,1.141875000030268
update-client,update,0.7437920000370468
update-client,update,1.0517080000340684
update-client,update,0.9471660000031079
update-client,update,8.834957999965809
update-client,update,1.6057089999890195
update-client,update,1.3405839999904856
update-client,update,2.903209000010065
update-client,update,4.188709000004565
update-client,update,1.975916999981564
update-client,update,1.2141249999899628
update-client,update,3.712290999999368
update-client,update,1.4075830000024325
update-client,update,0.7012079999526577
update-client,update,3.1599170000049526
update-client,update,0.87812499998563
update-client,update,1.768832999971437
update-client,update,1.0507500000471737
update-client,update,1.9417920000250888
update-client,update,1.7118750000122418
update-client,update,2.699582999980521
update-client,update,1.821833000008155
update-client,update,1.4994590000014796
update-client,update,1.2802910000004886
update-client,update,1.5008749999765314
update-client,update,4.2763339999964955
update-client,update,1.0634160000222437
update-client,update,1.5220409999869844
update-client,update,2.5376250000022083
update-client,update,1.1472079999634843
update-client,update,0.9147080000388996
update-client,update,0.9552920000146514
update-client,update,1.0845410000115407
update-client,update,0.6960000000049149
update-client,update,0.9172079999757443
update-client,update,0.8364580000375099
update-client,update,0.6914580000056958
update-client,update,1.5963339999984782
update-client,update,2.158624999992753
update-client,update,1.1571249999633437
update-client,update,1.6489999999862448
update-client,update,3.4846249999986867
update-client,update,1.223250000009557
update-client,update,2.095666999991863
update-client,update,0.8184579999692687
update-client,update,1.065959000015937
update-client,update,2.1953749999852334
update-client,update,2.5489579999771195
update-client,update,2.7572079999913512
update-client,update,2.4239170000441845
update-client,update,0.8565420000081758
update-client,update,1.6297079999958441
update-client,update,4.913375000000997
update-client,update,2.437832999987677
update-client,update,0.8224169999948572
update-client,update,0.8367920000296181
update-client,update,1.3035420000164777
update-client,update,2.1203329999934795
update-client,update,1.5307080000184214
update-client,update,3.262582999980168
update-client,update,1.4289160000089396
update-client,update,1.533083000026636
update-client,update,0.9704999999939901
update-client,update,1.0720420000325248
update-client,update,1.7433329999789748
update-client,update,0.8853329999851667
update-client,update,1.0334999999486172
update-client,update,1.4439579999816488
update-client,update,0.8000830000014503
update-client,update,0.7834589999902164
update-client,update,1.028625000003558
update-client,update,0.7355829999937669
update-client,update,0.6582080000043788
update-client,update,3.2877080000162096
update-client,update,1.8032909999874391
update-client,update,1.187667000010606
update-client,update,1.7288750000261643
update-client,update,3.5904999999729625
update-client,update,2.0104999999830397
update-client,update,0.9352499999977226
update-client,update,1.1467080000215901
update-client,update,1.1150829999451162
update-client,update,2.1277499999996508
update-client,update,1.9225419999884252
update-client,update,0.9128329999725793
update-client,update,1.0111670000014783
update-client,update,1.172833999987688
update-client,update,0.7026659999951335
update-client,update,1.5607079999995221
update-client,update,1.0477499999979045
update-client,update,1.5775830000279711
update-client,update,2.1301250000078653
update-client,update,2.3767910000174197
update-client,update,1.7301249999945867
update-client,update,1.363791000017045
update-client,update,0.8866670000315935
update-client,update,1.4145409999741787
update-client,update,3.209707999985767
update-client,update,1.4232919999699334
update-client,update,0.9377910000125667
update-client,update,1.8885409999711555
update-client,update,1.672958000028757
update-client,update,1.102000000003045
update-client,update,1.1639169999853038
update-client,update,1.1788749999936954
update-client,update,1.0779579999962152
update-client,update,0.8035000000177206
update-client,update,1.3951250000445725
update-client,update,1.200124999968466
update-client,update,2.6748329999577436
update-client,update,1.030665999962821
update-client,update,1.248832999976912
update-client,update,1.0575410000228658
update-client,update,0.9212919999868063
update-client,update,0.7935419999967053
update-client,update,0.9739170000102604
update-client,update,1.2182080000116002
update-client,update,1.4177919999838196
update-client,update,1.1540840000066055
update-client,update,1.1552919999644473
update-client,update,1.59600000000637
update-client,update,0.6791669999870464
update-client,update,1.0471250000136934
update-client,update,1.210291999996116
update-client,update,0.8560410000200136
update-client,update,1.1998329999869384
update-client,update,1.3367079999966336
update-client,update,9.841000000051281
update-client,update,5.404666000003999
update-client,update,1.009666999948422
update-client,update,1.51575000001003
update-client,update,2.218249999998534
update-client,update,2.0187920000012127
update-client,update,2.8838749999522406
update-client,update,1.3862499999959255
update-client,update,0.7493340000337412
update-client,update,1.2115000000108012
update-client,update,1.1202919999959704
update-client,update,0.706458999957249
update-client,update,1.455292000002828
update-client,update,0.8542919999854348
update-client,update,0.892916999987392
update-client,update,0.8514579999996386
update-client,update,0.7318749999853935
update-client,update,0.6478749999700995
update-client,update,1.0351250000439904
update-client,update,1.6460830000255555
update-client,update,1.1049169999637343
update-client,update,2.703666999991583
update-client,update,1.405125000019325
update-client,update,3.7230829999543857
update-client,update,3.472166000051402
update-client,update,4.044416999988698
update-client,update,2.8550839999752498
update-client,update,0.7649170000263439
update-client,update,0.7267500000125438
update-client,update,0.7327909999617077
update-client,update,1.0699590000058379
update-client,update,2.5102089999791133
update-client,update,1.2420410000117954
update-client,update,1.8290840000076969
update-client,update,0.9866670000064914
update-client,update,1.206292000006215
update-client,update,0.7177500000352666
update-client,update,0.872167000011359
update-client,update,0.9478339999873242
update-client,update,0.7295000000340224
update-client,update,0.5825000000072578
update-client,update,1.3205410000409756
update-client,update,0.9245830000281785
update-client,update,2.9795830000125534
update-client,update,1.564666000035686
update-client,update,0.9612079999783418
update-client,update,1.0062499999889951
update-client,update,0.9119160000068405
update-client,update,0.8955000000128166
update-client,update,1.0924169999952937
update-client,update,0.9490839999557465
update-client,update,0.7538330000329552
update-client,update,1.5106250000371801
update-client,update,0.9789169999976366
update-client,update,1.1806250000176988
update-client,update,1.5775829999711277
update-client,update,0.7532920000130616
update-client,update,1.4480000000389737
update-client,update,1.6833330000167734
update-client,update,1.0157080000112728
update-client,update,0.7574169999884361
update-client,update,0.9113340000226344
update-client,update,0.7710000000429318
update-client,update,1.2815000000045984
update-client,update,1.4138339999476557
update-client,update,0.855209000008017
update-client,update,2.8467089999821837
update-client,update,0.8722079999756716
update-client,update,1.1183750000327564
update-client,update,0.826000000017757
update-client,update,1.0876669999788646
update-client,update,1.999166000018704
update-client,update,1.16912499998989
update-client,update,1.4342500000452674
update-client,update,4.221250000000509
update-client,update,1.225541999986035
update-client,update,0.8585410000137017
update-client,update,0.670708999962244
update-client,update,0.9631670000089798
update-client,update,0.7920420000004924
update-client,update,0.7827919999954247
update-client,update,1.8456249999871943
update-client,update,1.537542000050962
update-client,update,0.9275829999637608
update-client,update,1.9328340000015487
update-client,update,1.898750000009386
update-client,update,1.5417500000012296
update-client,update,1.208625000003849
update-client,update,0.6531669999958467
update-client,update,1.4304590000051576
update-client,update,1.8935420000047998
update-client,update,0.9297499999547654
update-client,update,0.8151670000415834
update-client,update,1.538832999983697
update-client,update,2.6396249999720567
update-client,update,1.0801249999872198
update-client,update,1.8399169999838705
update-client,update,1.180957999963539
update-client,update,1.0961670000142476
update-client,update,1.4643339999906857
update-client,update,2.7471249999848624
update-client,update,1.8494159999704607
update-client,update,1.0610420000034537
update-client,update,1.1718750000113687
update-client,update,0.8860829999548514
update-client,update,0.947042000007059
update-client,update,1.250208999977076
update-client,update,1.0675830000081987
update-client,update,1.6843340000036733
update-client,update,1.6197499999748288
update-client,update,1.2137499999766987
update-client,update,1.3270000000034088
update-client,update,1.7472089999728269
update-client,update,1.0876250000251275
update-client,update,6.171750000021348
update-client,update,1.030832999958875
update-client,update,1.346499999954176
update-client,update,1.0084580000011556
update-client,update,3.218666000009307
update-client,update,9.264458000018294
update-client,update,2.993290999995679
update-client,update,0.8203339999681702
update-client,update,1.6264999999862084
update-client,update,0.9927909999873918
update-client,update,6.339207999985774
update-client,update,2.355125000008229
update-client,update,4.262750000009419
update-client,update,1.9031249999557076
update-client,update,1.5964159999839467
update-client,update,3.0360410000298543
update-client,update,14.242249999995238
update-client,update,1.4004579999777889
update-client,update,1.3377500000046894
update-client,update,1.8647500000383843
update-client,update,1.0553749999644424
update-client,update,0.6739579999930356
update-client,update,1.3326250000318396
update-client,update,1.0863749999998618
update-client,update,1.083665999999539
update-client,update,0.9972909999760304
update-client,update,1.0307919999945625
update-client,update,1.7726670000115519
update-client,update,1.495417000000998
update-client,update,1.6306659999827389
update-client,update,0.8855840000023818
update-client,update,2.2382079999943016
update-client,update,1.286166999989291
update-client,update,3.5603329999958078
update-client,update,1.1399999999639476
update-client,update,1.0192500000130167
update-client,update,1.0197500000117543
update-client,update,0.7556250000106957
update-client,update,1.2679589999606833
update-client,update,1.271624999958476
update-client,update,1.1477080000190654
update-client,update,1.6632079999681082
update-client,update,2.571375000002263
update-client,update,1.9448749999924075
update-client,update,1.667250000025433
update-client,update,1.7247080000402093
update-client,update,1.735708000012437
update-client,update,3.0902080000032583
update-client,update,38.0276249999838
update-client,update,23.776957999984916
update-client,update,3.5783330000072056
update-client,update,13.565416000005825
update-client,update,5.089833999988969
update-client,update,2.883625000038137
update-client,update,3.376790999993773
update-client,update,1.986290999980156
update-client,update,4.306958000029226
update-client,update,2.0774589999632553
update-client,update,1.1621250000075634
update-client,update,1.3153339999689706
update-client,update,2.7132499999993342
update-client,update,1.6860000000065156
update-client,update,1.2759169999867481
update-client,update,1.9207920000212653
update-client,update,1.0538330000144924
update-client,update,1.478333000022758
update-client,update,1.0562079999658636
update-client,update,1.4832090000140852
update-client,update,1.5023750000295877
update-client,update,2.195792000009078
update-client,update,4.316334000009192
update-client,update,1.110333000042374
update-client,update,0.8629999999811844
update-client,update,5.845833000023504
update-client,update,1.873417000012978
update-client,update,4.023958999994193
update-client,update,1.5764999999987594
update-client,update,1.0760409999761578
update-client,update,1.285624999979973
update-client,update,1.5588339999794698
update-client,update,1.0442089999855853
update-client,update,1.2587909999979274
update-client,update,0.8444590000067365
update-client,update,1.126792000036403
update-client,update,0.8881250000172258
update-client,update,0.9487500000204818
update-client,update,1.1677910000003067
update-client,update,1.4743750000434375
update-client,update,0.5509590000087883
update-client,update,0.8912079999845446
update-client,update,0.8923750000349173
update-client,update,1.2244580000242422
update-client,update,1.852917000007892
update-client,update,0.7371250000005602
update-client,update,0.86587500004498
update-client,update,0.830375000020922
update-client,update,2.4709580000035203
update-client,update,2.2082919999775186
update-client,update,2.0269170000233316
update-client,update,1.852665999990677
update-client,update,1.3069159999758995
update-client,update,0.9705840000151511
update-client,update,0.8462079999844718
update-client,update,2.052208000009159
update-client,update,0.740415999985089
update-client,update,1.7135420000045087
update-client,update,3.8991249999753563
update-client,update,0.8644999999773972
update-client,update,1.023040999996283
update-client,update,1.5366659999926924
update-client,update,0.9074589999613636
update-client,update,1.5375840000046992
update-client,update,0.987082999984068
update-client,update,1.888042000018686
update-client,update,2.0117500000083055
update-client,update,1.5256670000098893
update-client,update,0.5852919999824735
update-client,update,1.1157920000073318
update-client,update,0.9392499999876236
update-client,update,0.6555829999683738
update-client,update,1.817124999945463
update-client,update,1.6607499999850006
update-client,update,1.2878340000384014
update-client,update,1.244125000027907
update-client,update,1.635166999960802
update-client,update,3.334584000015184
update-client,update,1.284209000004921
update-client,update,0.9817499999940082
update-client,update,3.5781249999899956
update-client,update,0.9335830000054557
update-client,update,0.9069999999837819
update-client,update,1.0085000000117361
update-client,update,1.9005409999977019
update-client,update,0.6835419999902115
update-client,update,0.9956250000300315
update-client,update,0.8773750000159453
update-client,update,0.7314169999972364
update-client,update,0.67775000002257
update-client,update,1.612333000025501
update-client,update,1.1068750000049477
update-client,update,1.209208000034323
update-client,update,1.0575410000228658
update-client,update,2.207791999978781
update-client,update,1.314874999991389
update-client,update,1.218666999989182
update-client,update,0.6455410000398842
update-client,update,0.9315419999893493
update-client,update,1.3463330000149654
update-client,update,4.706999999996242
update-client,update,1.4714160000153242
update-client,update,1.2222500000120817
update-client,update,1.093124999954398
update-client,update,0.880666000000474
update-client,update,1.403083000013794
update-client,update,2.409957999987
update-client,update,1.392624999994041
update-client,update,1.5386659999876429
update-client,update,1.3235829999871385
update-client,update,2.396374999989348
update-client,update,0.974499999983891
update-client,update,3.06804199999533
update-client,update,1.149833999988914
update-client,update,0.8920419999753904
update-client,update,0.6959169999731785
update-client,update,1.2569589999884556
update-client,update,1.8744170000104532
update-client,update,0.7704589999661948
update-client,update,0.6884160000026895
update-client,update,1.2810000000058608
update-client,update,1.5310420000105296
update-client,update,1.3882080000371388
update-client,update,1.4200420000065606
update-client,update,1.1815000000297005
update-client,update,0.8060000000114087
update-client,update,1.7323329999499038
update-client,update,1.9520410000382071
update-client,update,1.7532499999788342
update-client,update,1.2945409999929325
update-client,update,1.8079999999827123
update-client,update,0.9496249999756401
update-client,update,2.583249999986492
update-client,update,1.6690840000137541
update-client,update,1.19370799995977
update-client,update,3.2879579999871567
update-client,update,1.215333000004648
update-client,update,0.9474999999952161
update-client,update,1.545542000030764
update-client,update,1.1003750000213586
update-client,update,0.8067089999599375
update-client,update,1.2644999999906759
update-client,update,2.4866249999604406
update-client,update,1.6471659999979238
update-client,update,0.8489999999596876
update-client,update,0.7546669999669575
update-client,update,0.6921250000004875
update-client,update,1.518416999999772
update-client,update,0.9639169999786645
update-client,update,1.4211250000357722
update-client,update,3.7988340000083554
update-client,update,1.681875000031141
update-client,update,1.293999999973039
update-client,update,0.8947499999862885
update-client,update,1.5418749999867032
update-client,update,1.0395420000008926
update-client,update,0.9071250000260989
update-client,update,1.1389169999915794
update-client,update,0.95979200000329
update-client,update,0.7534580000196911
update-client,update,1.5541669999947771
update-client,update,1.1738749999494758
update-client,update,1.5856250000183536
update-client,update,1.370041000029687
update-client,update,0.8673340000200369
update-client,update,0.6334160000278644
update-client,update,3.1909580000046844
update-client,update,1.4126669999541264
update-client,update,0.7262080000032256
update-client,update,1.0037079999847265
update-client,update,1.1508750000075452
update-client,update,0.9793329999752132
update-client,update,0.9080840000024182
update-client,update,1.1585830000058195
update-client,update,3.0372079999665402
update-client,update,0.9812079999846901
update-client,update,1.035124999987147
update-client,update,0.9341670000253544
update-client,update,1.0512919999996484
update-client,update,0.7114169999908881
update-client,update,1.0967090000235657
update-client,update,1.8800419999820406
update-client,update,1.118584000039391
update-client,update,3.098499999964588
update-client,update,1.911291999988407
update-client,update,1.0636249999720349
update-client,update,1.4306670000223676
update-client,update,0.7085000000301989
update-client,update,0.8454580000147871
update-client,update,1.5811669999834521
update-client,update,1.0684169999990445
update-client,update,1.3339999999857355
update-client,update,0.8313749999615538
update-client,update,0.8033340000110911
update-client,update,0.9736250000287328
update-client,update,1.2239999999792417
update-client,update,0.9816670000191152
update-client,update,0.7477919999701044
update-client,update,0.6568749999473766
update-client,update,0.6541660000038974
update-client,update,0.8466670000188969
update-client,update,0.8651659999827643
update-client,update,0.7224170000199592
update-client,update,0.8419999999773609
update-client,update,0.9732080000048882
update-client,update,2.422332999969967
update-client,update,1.1787079999976413
update-client,update,0.8484170000429003
update-client,update,1.095916999986457
update-client,update,0.7580829999938032
update-client,update,1.8889159999844196
update-client,update,2.284167000027537
update-client,update,0.8592499999622305
update-client,update,1.376250000021173
update-client,update,1.973625000005086
update-client,update,1.6672080000148526
update-client,update,1.1691670000004706
update-client,update,0.9104160000106276
update-client,update,0.7040410000058728
update-client,update,1.1876250000000255
update-client,update,0.92862500002866
update-client,update,0.7957079999982852
update-client,update,4.83641699997861
update-client,update,1.8548329999816815
update-client,update,1.401249999958054
update-client,update,1.2574170000334561
update-client,update,0.932625000018561
update-client,update,1.4529580000157694
update-client,update,0.9374169999887272
update-client,update,0.7915839999554919
update-client,update,1.1396659999718395
update-client,update,1.11708299999691
update-client,update,2.7630419999695732
update-client,update,1.2291659999732474
update-client,update,1.5559999999936736
update-client,update,0.8813329999952657
update-client,update,1.3326249999749962
update-client,update,0.9626669999533988
update-client,update,1.2912499999515603
update-client,update,0.5516659999784679
update-client,update,1.7175830000155656
update-client,update,0.9029170000189879
update-client,update,2.3805000000152177
update-client,update,1.0756670000091617
update-client,update,1.1133330000347996
update-client,update,0.8787919999804217
update-client,update,0.6805419999977858
update-client,update,1.1796250000202235
update-client,update,0.7415839999680429
update-client,update,1.8435000000067703
update-client,update,3.1506249999893043
update-client,update,1.1702079999622583
update-client,update,1.0953330000234018
update-client,update,0.409416999957557
update-client,update,0.602125000000342
update-client,update,2.2020419999648766
update-client,update,1.183083999990231
update-client,update,0.7090840000500975
update-client,update,0.7563750000372238
update-client,update,1.056583000035971
update-client,update,1.6909999999938918
update-client,update,1.1864169999853402
update-client,update,0.8116249999829961
update-client,update,0.9150829999953203
update-client,update,0.7721659999901931
update-client,update,2.0515840000143726
update-client,update,0.8502919999955338
update-client,update,1.2120000000095388
update-client,update,1.1395000000220534
update-client,update,1.252500000020973
update-client,update,1.2564580000002934
update-client,update,0.9731669999837322
update-client,update,0.9150829999953203
update-client,update,1.4947500000062064
update-client,update,1.2537909999537078
update-client,update,0.8179170000062186
update-client,update,0.7013750000055552
update-client,update,1.237708999951792
update-client,update,1.3607919999572005
update-client,update,0.9968749999984539
update-client,update,1.0401250000313667
update-client,update,0.9728329999916241
update-client,update,1.7499589999943055
update-client,update,0.9421249999945758
update-client,update,1.871832999995604
update-client,update,1.0029999999687789
update-client,update,0.8549159999802214
update-client,update,1.094000000023243
update-client,update,1.1320830000158821
update-client,update,0.6424579999588786
update-client,update,1.4116659999672265
update-client,update,0.8839170000101149
update-client,update,0.7334160000027623
update-client,update,2.324874999999338
update-client,update,2.1918750000509135
update-client,update,1.2689170000044214
update-client,update,0.917666999953326
update-client,update,0.6523330000050009
update-client,update,1.104291999979523
update-client,update,2.7088329999855887
update-client,update,1.019041000006382
update-client,update,0.9330409999961375
update-client,update,1.2598339999954078
update-client,update,1.3667090000240023
update-client,update,2.0114590000162025
update-client,update,1.0229579999645466
update-client,update,0.7580420000294907
update-client,update,0.8648329999800808
update-client,update,1.4445830000227033
update-client,update,0.6992080000145506
update-client,update,0.9360409999885633
update-client,update,0.7439159999762524
update-client,update,3.193042000020796
update-client,update,0.6690420000268205
update-client,update,1.53325000002269
update-client,update,2.232499999990978
update-client,update,1.216750000025968
update-client,update,1.1762500000145337
update-client,update,0.8918749999793363
update-client,update,1.176874999998745
update-client,update,0.6091669999932492
update-client,update,0.8633750000512919
update-client,update,0.8705829999939851
update-client,update,0.8395840000048338
update-client,update,1.4962500000024193
update-client,update,1.3521660000037627
update-client,update,1.057584000022871
update-client,update,1.0280409999836593
update-client,update,0.8388329999888811
update-client,update,0.8107499999709944
update-client,update,1.2709590000099524
update-client,update,2.4941249999983484
update-client,update,1.6007919999765363
update-client,update,0.9897499999738102
update-client,update,0.6562500000200089
update-client,update,0.8245000000215441
update-client,update,1.534457999980532
update-client,update,1.378416000022753
update-client,update,1.1873330000184978
update-client,update,0.6801249999739412
update-client,update,1.1010830000373062
update-client,update,0.8495420000258491
update-client,update,1.8517909999786752
update-client,update,2.368750000016462
update-client,update,0.725291999970068
update-client,update,1.0381660000007287
update-client,update,0.681832999987364
update-client,update,0.7963329999824964
update-client,update,1.0684580000202004
update-client,update,1.112625000018852
update-client,update,1.051542000027439
update-client,update,0.7246249999752763
update-client,update,0.982583999984854
update-client,update,0.7740419999890946
update-client,update,0.620999999966898
update-client,update,0.6342919999724472
update-client,update,1.5325839999604796
update-client,update,0.9815409999873737
update-client,update,0.8228329999724338
update-client,update,0.8216670000251725
update-client,update,1.533332999997583
update-client,update,2.410166999993635
update-client,update,1.0516670000129125
update-client,update,1.0352499999726206
update-client,update,1.3198749999787651
update-client,update,1.994749999994383
update-client,update,2.605249999987791
update-client,update,1.1514159999705953
update-client,update,1.5039589999901182
update-client,update,1.2825000000020736
update-client,update,1.4647500000251057
update-client,update,1.1370419999821024
update-client,update,0.7446249999816246
update-client,update,0.9192919999918558
update-client,update,1.1262090000059288
update-client,update,1.664915999981531
update-client,update,1.0137910000480588
update-client,update,1.1583749999886095
update-client,update,1.0763330000145288
update-client,update,1.4097079999828566
update-client,update,0.8167500000126893
update-client,update,1.0065840000379467
update-client,update,1.6828330000180358
update-client,update,2.2876670000187005
update-client,update,0.8896249999565953
update-client,update,1.3406250000116415
update-client,update,1.2035420000415797
update-client,update,1.3952499999732026
update-client,update,0.9272920000285012
update-client,update,0.8672920000094564
update-client,update,1.0868329999880189
update-client,update,0.913792000005742
update-client,update,0.9245420000070226
update-client,update,0.8924159999992298
update-client,update,0.8095419999563092
update-client,update,1.178999999979169
update-client,update,1.1033330000032038
update-client,update,0.8299579999970774
update-client,update,0.8622500000114997
update-client,update,1.216791999979705
update-client,update,0.6614170000034392
update-client,update,1.4316250000092623
update-client,update,0.6324169999629703
update-client,update,1.1387089999743694
update-client,update,0.9061250000286236
update-client,update,1.465542000005371
update-client,update,1.5838329999837697
update-client,update,1.4142090000177632
update-client,update,0.891084000045339
update-client,update,1.3875829999960843
update-client,update,0.7151660000204174
update-client,update,1.4224170000147751
update-client,update,0.7063749999929314
update-client,update,1.3186670000209233
update-client,update,1.5002920000029007
update-client,update,0.9624580000036076
update-client,update,0.8415419999892038
update-client,update,1.0091659999602598
update-client,update,0.8466659999726289
update-client,update,0.6561669999882724
update-client,update,1.4547499999935098
update-client,update,0.5882920000317426
update-client,update,0.8854580000274836
update-client,update,0.9341250000147738
update-client,update,1.275667000015801
update-client,update,1.1884169999802907
update-client,update,1.168749999976626
update-client,update,1.9460830000070928
update-client,update,0.9591250000084983
update-client,update,1.217375000010179
update-client,update,1.0984580000013011
update-client,update,1.1159999999676984
update-client,update,2.078290999975252
update-client,update,1.0279589999981908
update-client,update,0.9436249999907886
update-client,update,1.1297079999508242
update-client,update,2.232291999973768
update-client,update,2.0291669999892292
update-client,update,6.935750000025109
update-client,update,1.4707500000099571
update-client,update,1.0843750000049113
update-client,update,1.9688749999886568
update-client,update,1.4697920000230624
update-client,update,1.558082999963517
update-client,update,2.6571250000415603
update-client,update,1.277709000021332
update-client,update,1.0320000000092477
update-client,update,0.9481250000362706
update-client,update,1.0695419999819933
update-client,update,1.4517079999905036
update-client,update,1.313207999999122
update-client,update,20.613083000000643
update-client,update,47.45962499998768
update-client,update,8.582457999978033
update-client,update,6.979542000010497
update-client,update,2.5135000000204855
update-client,update,1.2540420000277663
update-client,update,1.6485419999980877
update-client,update,1.344500000016069
update-client,update,1.3722499999744286
update-client,update,1.06604199999083
update-client,update,1.7925419999755832
update-client,update,2.74620799996228
update-client,update,2.3746250000158398
update-client,update,1.461375000019416
update-client,update,1.3377920000152699
update-client,update,2.8940830000010465
update-client,update,1.098375000026408
update-client,update,0.7071249999626161
update-client,update,1.0424580000290007
update-client,update,0.7855409999706353
update-client,update,2.1424999999908323
update-client,update,1.3897499999870888
update-client,update,1.7931250000060572
update-client,update,1.5880419999803053
update-client,update,1.058291999981975
update-client,update,1.3745419999509068
update-client,update,0.9307079999985035
update-client,update,1.0745829999905254
update-client,update,1.3332089999948948
update-client,update,1.110125000025164
update-client,update,1.399625000033211
update-client,update,2.1773749999738357
update-client,update,0.7924170000137565
update-client,update,1.206333999959952
update-client,update,0.8771250000449982
update-client,update,1.8652499999802785
update-client,update,0.7310000000302352
update-client,update,1.488791999975092
update-client,update,1.0228749999896536
update-client,update,2.1342910000043958
update-client,update,1.2494579999611233
update-client,update,1.0147909999886906
update-client,update,1.1614999999665088
update-client,update,1.2800000000083855
update-client,update,0.7647909999946023
update-client,update,0.9419579999985217
update-client,update,1.7122909999898184
update-client,update,1.2143330000071728
update-client,update,1.234124999996311
update-client,update,1.2796249999951215
update-client,update,1.2098750000291147
update-client,update,1.7518750000249383
update-client,update,0.9936249999782376
update-client,update,0.8841659999916374
update-client,update,1.3251670000045124
update-client,update,1.4558330000227215
update-client,update,1.6418339999972886
update-client,update,1.1108340000305361
update-client,update,1.164582999990671
update-client,update,1.5206250000119326
update-client,update,0.9195829999839589
update-client,update,0.8624580000287096
update-client,update,1.051833000019542
update-client,update,0.7531669999707447
update-client,update,1.269499999978052
update-client,update,1.1094579999735288
update-client,update,0.7884999999987485
update-client,update,0.9544580000238057
update-client,update,0.9311669999760852
update-client,update,0.5784589999962009
update-client,update,1.060166999991452
update-client,update,1.0044590000006792
update-client,update,1.1199170000395497
update-client,update,0.7236669999883816
update-client,update,0.8724169999823062
update-client,update,1.225583000007191
update-client,update,0.7522499999481624
update-client,update,0.9860829999865928
update-client,update,1.2622919999785154
update-client,update,1.0451250000187429
update-client,update,1.0874580000290734
update-client,update,0.9510410000075353
update-client,update,1.1996670000371523
update-client,update,0.5980840000461285
update-client,update,1.7061669999520745
update-client,update,0.819249999949534
update-client,update,0.8829579999769521
update-client,update,0.6352080000056048
update-client,update,0.7698750000031396
update-client,update,1.0989169999788828
update-client,update,0.7592919999979131
update-client,update,0.6093340000461467
update-client,update,0.888750000001437
update-client,update,0.89900000000398
update-client,update,0.6302080000182286
update-client,update,1.2691250000216314
update-client,update,1.3696670000058475
update-client,update,0.7341660000292904
update-client,update,0.828124999998181
update-client,update,0.9534170000051745
update-client,update,1.2392499999691609
update-client,update,1.4966669999694204
update-client,update,0.9835420000285922
update-client,update,0.665083000001232
update-client,update,1.0881250000238651
update-client,update,0.9162090000245371
update-client,update,1.340791000018271
update-client,update,0.8403340000313619
update-client,update,1.594166000018049
update-client,update,0.6595840000045428
update-client,update,0.9192499999812753
update-client,update,1.8439579999949274
update-client,update,1.0331249999921965
update-client,update,0.625417000037487
update-client,update,0.7732500000088294
update-client,update,0.6599170000072263
update-client,update,1.084875000003649
update-client,update,1.1641670000130944
update-client,update,0.6279159999849071
update-client,update,1.6044999999849097
update-client,update,0.9771249999630527
update-client,update,4.0422499999976935
update-client,update,1.0225409999975454
update-client,update,0.9736659999930453
update-client,update,1.607750000005126
update-client,update,0.8444160000067313
update-client,update,0.6260420000216982
update-client,update,0.9920840000177122
update-client,update,0.9681249999857755
update-client,update,1.085541000009016
update-client,update,1.3819590000139215
update-client,update,0.6607500000086475
update-client,update,0.9201250000501204
update-client,update,1.4927080000006754
update-client,update,0.7286669999757578
update-client,update,1.3094580000370115
update-client,update,0.7172080000259484
update-client,update,1.0325420000185659
update-client,update,1.2227500000108193
update-client,update,1.2891249999711363
update-client,update,0.7348340000135067
update-client,update,0.96174999998766
update-client,update,1.2432500000159052
update-client,update,1.0987499999828287
update-client,update,0.8814999999913198
update-client,update,1.0785829999804264
update-client,update,1.2217079999459202
update-client,update,1.133416000016041
update-client,update,0.9123329999738417
update-client,update,0.7597919999966507
update-client,update,1.4626249999878382
update-client,update,0.6467500000439941
update-client,update,1.7192500000078326
update-client,update,1.9118330000083006
update-client,update,1.1552499999538668
update-client,update,1.0089589999893178
update-client,update,1.1869999999589709
update-client,update,1.0840410000128031
update-client,update,0.610875000006672
update-client,update,0.8644170000025042
update-client,update,0.7539580000184287
update-client,update,1.0337090000120952
update-client,update,2.2624999999720785
update-client,update,0.7734999999797765
update-client,update,1.0852909999812255
update-client,update,0.7710419999966689
update-client,update,0.7850829999824782
update-client,update,1.8586659999755284
update-client,update,0.7101250000118853
update-client,update,0.8880830000066453
update-client,update,1.0726250000061555
update-client,update,0.8631659999878138
update-client,update,1.2382080000179485
update-client,update,1.4256250000244108
update-client,update,1.1621670000181439
update-client,update,1.0904999999752363
update-client,update,1.5635830000064743
update-client,update,1.915042000007361
update-client,update,1.1752089999959026
update-client,update,1.0636659999931908
update-client,update,0.6971669999984442
update-client,update,0.974625000026208
update-client,update,0.7216660000040065
update-client,update,0.9709999999927277
update-client,update,0.8649160000118172
update-client,update,1.0173330000498026
update-client,update,0.967791999983092
update-client,update,1.112625000018852
update-client,update,0.9120000000280015
update-client,update,0.9624589999930322
update-client,update,1.058124999985921
update-client,update,1.6481669999848236
update-client,update,1.7786669999964033
update-client,update,0.7709160000217707
update-client,update,0.8437500000013642
update-client,update,1.7371249999769134
update-client,update,1.275209000027644
update-client,update,0.7424159999800395
update-client,update,0.8121249999817337
update-client,update,0.8111250000411019
update-client,update,0.8159590000218486
update-client,update,1.4498749999916072
update-client,update,1.4195410000183983
update-client,update,1.0849170000142294
update-client,update,0.9538340000290191
update-client,update,4.218832999981714
update-client,update,1.0902919999580263
update-client,update,1.472707999994327
update-client,update,1.8781250000188265
update-client,update,2.1716670000273552
update-client,update,1.0114159999830008
update-client,update,6.450667000024168
update-client,update,3.9740830000027927
update-client,update,2.9437500000426553
update-client,update,1.4225829999645612
update-client,update,5.581916000039655
update-client,update,1.668540999958168
update-client,update,1.063000000044667
update-client,update,2.725375000011354
update-client,update,0.9132089999752679
update-client,update,1.3255410000283518
update-client,update,5.2302080000004025
update-client,update,2.505417000008947
update-client,update,2.2149170000034246
update-client,update,5.67429200003744
update-client,update,1.580624999974134
update-client,update,1.3964170000235754
update-client,update,3.7032079999903544
update-client,update,1.79637499996943
update-client,update,0.7837500000391628
update-client,update,2.163708000011866
update-client,update,0.9274170000139748
update-client,update,1.2137499999766987
update-client,update,2.1805419999623155
update-client,update,2.009208000004037
update-client,update,1.0639590000209864
update-client,update,1.1739580000380556
update-client,update,0.6178749999889988
update-client,update,0.8949580000034985
update-client,update,1.6147909999517651
update-client,update,0.897333000011713
update-client,update,0.6733330000088245
update-client,update,0.834667000049194
update-client,update,1.2155000000007021
update-client,update,0.9379580000086207
update-client,update,1.0005830000068272
update-client,update,1.2218329999882371
update-client,update,0.6872080000448477
update-client,update,1.2137920000441227
update-client,update,0.9246669999924961
update-client,update,0.9331250000172986
update-client,update,0.9260420000032354
update-client,update,1.2864999999919746
update-client,update,1.0193749999984902
update-client,update,1.2324159999934636
update-client,update,1.7240829999991547
update-client,update,1.2812919999873884
update-client,update,0.752583999997114
update-client,update,0.5733329999770831
update-client,update,1.4002089999962664
update-client,update,0.7160839999755808
update-client,update,0.6906250000042746
update-client,update,0.8614589999638156
update-client,update,1.064208000002509
update-client,update,1.5396249999639622
update-client,update,0.9340830000041933
update-client,update,1.1772080000014284
update-client,update,0.8395840000048338
update-client,update,1.0882079999987582
update-client,update,0.5979160000038064
update-client,update,1.6711250000298605
update-client,update,0.8463340000162134
update-client,update,0.9207499999774882
update-client,update,1.4809169999807636
update-client,update,1.038875000006101
update-client,update,1.307332999999744
update-client,update,0.8387499999571446
update-client,update,0.7734160000154588
update-client,update,1.2259999999741922
update-client,update,1.1442090000173266
update-client,update,2.4636670000290906
update-client,update,2.5869579999948655
update-client,update,1.4901249999752508
update-client,update,1.043458999959057
update-client,update,1.179207999996379
update-client,update,1.4059580000207461
update-client,update,0.6933750000257533
update-client,update,0.9369999999648826
update-client,update,1.0324590000436729
update-client,update,0.7484590000217395
update-client,update,1.1828330000298592
update-client,update,1.5231250000056207
update-client,update,2.4661669999659352
update-client,update,0.8010419999777696
update-client,update,1.2704170000006343
update-client,update,1.2462079999977504
update-client,update,0.7575000000201726
update-client,update,0.6752500000288819
update-client,update,0.7446249999816246
update-client,update,0.7918330000507012
update-client,update,1.9086249999986649
update-client,update,2.283291000026111
update-client,update,1.001458000018829
update-client,update,1.1211249999973916
update-client,update,0.9887919999869155
update-client,update,0.8844580000300084
update-client,update,1.1106250000239015
update-client,update,1.1402499999917382
update-client,update,0.9862499999826468
update-client,update,1.1065840000128446
update-client,update,0.9378750000337277
update-client,update,1.00154200003999
update-client,update,1.2698339999701602
update-client,update,2.0028330000059213
update-client,update,3.2624579999946945
update-client,update,2.1827920000419
update-client,update,0.6925000000137516
update-client,update,0.9394580000048336
update-client,update,0.8576669999911246
update-client,update,1.2000410000041484
update-client,update,1.5506670000036138
update-client,update,0.840916000015568
update-client,update,0.798792000011872
update-client,update,0.8814170000164268
update-client,update,1.382209000041712
update-client,update,0.8959589999903983
update-client,update,0.9433750000198415
update-client,update,1.0272499999928186
update-client,update,0.9507080000048518
update-client,update,0.819750000005115
update-client,update,1.6337920000069062
update-client,update,1.3469169999780206
update-client,update,0.984875000028751
update-client,update,1.12725000002456
update-client,update,0.6896250000067994
update-client,update,1.3037080000231072
update-client,update,1.6241669999885744
update-client,update,1.7917920000058984
update-client,update,1.2184590000288154
update-client,update,2.548333999982333
update-client,update,6.247125000015785
update-client,update,2.5264580000339265
update-client,update,1.6370410000376978
update-client,update,0.8917920000044433
update-client,update,1.0815420000085396
update-client,update,1.5432499999974425
update-client,update,0.919541999962803
update-client,update,1.0864170000104423
update-client,update,1.551957999993192
update-client,update,0.7592919999979131
update-client,update,0.8885830000053829
update-client,update,1.4257500000098844
update-client,update,1.4727500000049076
update-client,update,0.9488329999953748
update-client,update,2.454959000033341
update-client,update,0.8433330000343631
update-client,update,0.7409589999838317
update-client,update,0.7334580000133428
update-client,update,1.5387079999982234
update-client,update,1.2600000000020373
update-client,update,0.7822909999504191
update-client,update,1.0985829999867747
update-client,update,1.3136250000229666
update-client,update,1.022374999990916
update-client,update,0.8692919999475635
update-client,update,0.8833750000007967
update-client,update,0.9464589999765849
update-client,update,0.8092499999747815
update-client,update,1.4222089999975651
update-client,update,1.3013340000043172
update-client,update,0.7252080000057504
update-client,update,1.1409580000076858
update-client,update,1.4981659999762087
update-client,update,1.752292000048783
update-client,update,1.1639999999601969
update-client,update,0.6854999999745814
update-client,update,1.055833000009443
update-client,update,0.8664169999974547
update-client,update,2.5107920000095874
update-client,update,1.8217919999869991
update-client,update,1.296334000016941
update-client,update,1.3494589999822892
update-client,update,1.6145419999702426
update-client,update,1.5514580000512979
update-client,update,1.942666999980247
update-client,update,1.0408750000010514
update-client,update,1.7991670000014892
update-client,update,1.3202910000131851
update-client,update,1.1914579999938724
update-client,update,0.5600419999609585
update-client,update,0.8769589999815253
update-client,update,1.8290410000076918
update-client,update,1.5860419999853548
update-client,update,1.6239580000387832
update-client,update,0.8064160000458287
update-client,update,1.2010840000016287
update-client,update,1.4459999999871798
update-client,update,1.3289579999877787
update-client,update,1.8846250000024156
update-client,update,1.0354579999898306
update-client,update,0.9681249999857755
update-client,update,0.6711670000072445
update-client,update,1.0572080000201822
update-client,update,1.265417000013258
update-client,update,1.14824999997154
update-client,update,0.7540409999933217
update-client,update,0.648207999972783
update-client,update,0.9497500000179571
update-client,update,0.855541000021276
update-client,update,0.9995409999987714
update-client,update,1.001332999976512
update-client,update,1.1141250000150649
update-client,update,1.2477500000045438
update-client,update,1.2779169999816986
update-client,update,1.294166999969093
update-client,update,0.9599579999530761
update-client,update,1.135165999983201
update-client,update,0.8412500000076761
update-client,update,2.0968750000065484
update-client,update,1.6350829999964844
update-client,update,0.9584999999674437
update-client,update,0.6018749999725514
update-client,update,1.7843329999891466
update-client,update,0.8215419999828555
update-client,update,1.446999999984655
update-client,update,1.2324580000040442
update-client,update,1.1454169999751684
update-client,update,1.2008749999949941
update-client,update,0.8595420000006015
update-client,update,0.8033749999754036
update-client,update,1.445541000009598
update-client,update,1.4317080000409987
update-client,update,1.2702500000045802
update-client,update,0.7775409999908334
update-client,update,0.7474999999885767
update-client,update,0.7184169999732148
update-client,update,1.0675830000081987
update-client,update,0.905332999991515
update-client,update,1.1537910000356533
update-client,update,2.0053329999996095
update-client,update,1.7646250000211694
update-client,update,1.2910000000374566
update-client,update,0.7488340000350036
update-client,update,1.6242500000203108
update-client,update,1.06679099997109
update-client,update,0.9646250000514556
update-client,update,1.2870410000118682
update-client,update,2.24575000004279
update-client,update,0.8940410000377597
update-client,update,1.4060830000062197
update-client,update,1.3372499999491083
update-client,update,2.676667000002908
update-client,update,1.363500000024942
update-client,update,1.557999999988624
update-client,update,0.9685410000201955
update-client,update,0.8769589999815253
update-client,update,1.1118329999817433
update-client,update,0.6708749999688735
update-client,update,1.9139579999887246
update-client,update,1.6389159999903313
update-client,update,0.9652079999682428
update-client,update,0.7376670000098784
update-client,update,0.828333000015391
update-client,update,0.9584580000137066
update-client,update,1.235917000030895
update-client,update,1.489290999984405
update-client,update,1.8547910000279444
update-client,update,1.4699590000191165
update-client,update,1.550000000008822
update-client,update,1.1677080000254136
update-client,update,2.1490839999955824
update-client,update,3.699208999989878
update-client,update,2.7673330000084206
update-client,update,0.8258750000322834
update-client,update,1.3214169999855585
update-client,update,1.1492079999584348
update-client,update,1.6527500000051987
update-client,update,1.8253749999530555
update-client,update,0.993916000027184
update-client,update,0.8319590000382959
update-client,update,1.4896249999765132
update-client,update,1.5442920000054983
update-client,update,1.0927499999979773
update-client,update,0.9581249999541797
update-client,update,1.248125000017808
update-client,update,2.0086659999947187
update-client,update,0.8178340000313256
update-client,update,1.286208000010447
update-client,update,1.0312499999827196
update-client,update,1.3264160000403535
update-client,update,1.1115000000359032
update-client,update,0.7590829999912785
update-client,update,1.3194590000011885
update-client,update,1.4083330000289607
update-client,update,0.8731249999982538
update-client,update,0.9874170000330196
update-client,update,0.7131249999474676
update-client,update,1.2659999999868887
update-client,update,1.1998329999869384
update-client,update,1.3685419999660553
update-client,update,1.285583999958817
update-client,update,0.8149170000137929
update-client,update,1.2594579999927191
update-client,update,1.527208000027258
update-client,update,1.103957999987415
update-client,update,0.9854160000486445
update-client,update,0.9980420000488266
update-client,update,1.6616670000075828
update-client,update,1.2079999999627944
update-client,update,1.6682080000123278
update-client,update,1.6585830000508395
update-client,update,1.5489170000364538
update-client,update,0.8608329999901798
update-client,update,1.1549159999617586
update-client,update,1.1562919999619226
update-client,update,2.2228750000294895
update-client,update,22.18212500002892
update-client,update,1.3753329999985908
update-client,update,1.3210419999722944
update-client,update,2.2403329999747257
update-client,update,0.7907499999646461
update-client,update,0.8543749999603278
update-client,update,2.994582999974682
update-client,update,1.850124999975833
update-client,update,2.0362500000032924
update-client,update,2.455625000038708
update-client,update,2.0414999999616157
update-client,update,0.987292000047546
update-client,update,0.8723749999717256
update-client,update,0.9535410000012234
update-client,update,0.8417500000064138
update-client,update,1.4897500000188302
update-client,update,0.8874999999761712
update-client,update,0.8707499999900392
update-client,update,1.2342079999712041
update-client,update,0.7162500000390537
update-client,update,3.5165829999641574
update-client,update,4.948124999998527
update-client,update,5.705792000014753
update-client,update,2.7611670000169397
update-client,update,2.471000000014101
update-client,update,1.1401670000168451
update-client,update,2.3097499999948923
update-client,update,7.192125000017313
update-client,update,1.7741669999509213
update-client,update,1.0972910000077718
update-client,update,10.685042000034173
update-client,update,1.6970000000355867
update-client,update,1.3060420000101658
update-client,update,1.6549160000067786
update-client,update,1.0600830000271344
update-client,update,0.6801249999739412
update-client,update,1.2384169999677397
update-client,update,1.5273330000127316
update-client,update,1.1157080000430142
update-client,update,0.8701669999595651
update-client,update,1.3037500000336877
update-client,update,1.0799579999911657
update-client,update,0.6856669999706355
update-client,update,1.1861250000038126
update-client,update,1.8279999999890606
update-client,update,1.6263750000007349
update-client,update,1.0454170000002705
update-client,update,0.6524589999798991
update-client,update,1.2434580000331152
update-client,update,0.6817090000481585
update-client,update,0.9509170000114864
update-client,update,0.9155420000297454
update-client,update,0.9349579999593516
update-client,update,0.7357080000360838
update-client,update,0.9357079999858797
update-client,update,0.9310000000368746
update-client,update,1.0534169999800724
update-client,update,1.831334000030438
update-client,update,1.1319170000092527
update-client,update,1.5009159999976873
update-client,update,3.9762909999581098
update-client,update,1.3214580000067144
update-client,update,1.227499999970405
update-client,update,1.0418749999985266
update-client,update,0.9680830000320384
update-client,update,0.608333999991828
update-client,update,1.6737089999878663
update-client,update,1.0202909999748044
update-client,update,1.0252920000084487
update-client,update,0.9759999999801039
update-client,update,1.2515829999983907
update-client,update,2.0002080000267597
update-client,update,0.7687089999990349
update-client,update,1.0989159999894582
update-client,update,1.2244580000242422
update-client,update,2.7007499999740503
update-client,update,0.9895000000028631
update-client,update,0.7460000000492073
update-client,update,0.7287500000074942
update-client,update,1.2350840000294738
update-client,update,1.3593329999821435
update-client,update,1.014542000007168
update-client,update,1.0545829999841771
update-client,update,0.802874999976666
update-client,update,0.8656669999709266
update-client,update,0.9379580000086207
update-client,update,1.050042000031226
update-client,update,0.8625420000498707
update-client,update,0.8794580000426322
update-client,update,0.7917499999621214
update-client,update,0.9530419999919104
update-client,update,0.746667000043999
update-client,update,1.0691670000255726
update-client,update,1.0740840000380558
update-client,update,1.7219579999618873
update-client,update,1.0966250000024047
update-client,update,1.2009999999804677
update-client,update,1.0513330000208043
update-client,update,0.821874999985539
update-client,update,1.8169169999850965
update-client,update,0.9027080000123533
update-client,update,1.0072919999970509
update-client,update,0.944791999984318
update-client,update,0.7139169999845763
update-client,update,0.574916999994457
update-client,update,2.3494170000049053
update-client,update,1.3761669999894366
update-client,update,0.8971250000513464
update-client,update,0.8675000000266664
update-client,update,1.2653750000026776
update-client,update,1.8106669999724545
update-client,update,1.2434579999762718
update-client,update,0.8986249999907159
update-client,update,1.1792919999606966
update-client,update,1.3007089999632626
update-client,update,1.208416999986639
update-client,update,0.978792000012163
update-client,update,0.8219590000067001
update-client,update,0.9198330000117494
update-client,update,0.7986659999801304
update-client,update,0.7605409999769108
update-client,update,0.7596669999543337
update-client,update,0.7774169999947844
update-client,update,1.1139590000084354
update-client,update,1.0961670000142476
update-client,update,1.3878750000344553
update-client,update,0.7059999999796673
update-client,update,0.9297089999904529
update-client,update,1.2079580000090573
update-client,update,0.9732500000154687
update-client,update,1.528500000006261
update-client,update,0.9445410000239463
update-client,update,0.6450829999948837
update-client,update,0.8000419999802943
update-client,update,0.7084169999984624
update-client,update,1.1935409999637159
update-client,update,0.6855830000063179
update-client,update,1.5621249999639986
update-client,update,1.7885830000068381
update-client,update,1.0062919999995756
update-client,update,1.0848340000393364
update-client,update,0.861541999995552
update-client,update,0.9052500000166219
update-client,update,1.1234169999738697
update-client,update,0.7624579999969683
update-client,update,0.8692499999938263
update-client,update,0.6223330000239002
update-client,update,0.8392920000233062
update-client,update,1.6251669999860496
update-client,update,0.7541250000144828
update-client,update,0.846834000014951
update-client,update,1.5730409999719086
update-client,update,0.9373329999675661
update-client,update,0.8175830000141104
update-client,update,0.9196249999945394
update-client,update,1.2664170000107333
update-client,update,1.6256659999953627
update-client,update,1.0984580000013011
update-client,update,0.8687910000162447
update-client,update,1.3459999999554384
update-client,update,0.7038749999992433
update-client,update,1.0279580000087662
update-client,update,1.4900410000109332
update-client,update,0.7509170000048471
update-client,update,0.893125000004602
update-client,update,1.2162909999915428
update-client,update,0.9467500000255313
update-client,update,1.3506669999969745
update-client,update,1.2265420000403537
update-client,update,1.137207999988732
update-client,update,1.0778340000001663
update-client,update,1.89212499998348
update-client,update,0.8552089999511736
update-client,update,1.2957910000181982
update-client,update,1.3957919999825208
update-client,update,1.5609999999810498
update-client,update,1.4111250000041764
update-client,update,4.269500000020798
update-client,update,1.6240420000031008
update-client,update,1.1554160000173397
update-client,update,1.2720829999466332
update-client,update,1.1769160000199008
update-client,update,3.1806669999809856
update-client,update,1.5634999999747379
update-client,update,7.683291000034842
update-client,update,4.108625000014854
update-client,update,1.3559999999870342
update-client,update,1.3521249999826068
update-client,update,2.2123329999885755
update-client,update,1.0940409999875556
update-client,update,0.8234999999672254
update-client,update,1.9608329999982743
update-client,update,1.296499999966727
update-client,update,1.1894170000346094
update-client,update,0.8023330000241913
update-client,update,1.093707999984872
update-client,update,1.0105000000066866
update-client,update,0.7473750000031032
update-client,update,0.7813330000203678
update-client,update,0.7771669999669939
update-client,update,1.4329999999631582
update-client,update,1.369041999964793
update-client,update,1.5448750000359723
update-client,update,1.725000000021737
update-client,update,1.1466660000110096
update-client,update,1.0380830000258356
update-client,update,0.7542920000105369
update-client,update,0.9293749999983447
update-client,update,0.7329169999934493
update-client,update,1.3505830000326569
update-client,update,0.646249999988413
update-client,update,0.794584000004761
update-client,update,1.09762499999988
update-client,update,1.0594170000217673
update-client,update,1.0009169999989354
update-client,update,0.8286669999506557
update-client,update,0.6739589999824602
update-client,update,1.1533750000012333
update-client,update,0.9694579999859343
update-client,update,0.7486249999715255
update-client,update,1.4792499999884967
update-client,update,0.7744170000023587
update-client,update,0.8890419999829646
update-client,update,1.2347089999593663
update-client,update,2.751457999977447
update-client,update,2.8402089999985947
update-client,update,1.486499999998614
update-client,update,2.7219589999845084
update-client,update,1.1576250000189248
update-client,update,1.0303340000064054
update-client,update,0.9163749999743231
update-client,update,1.6549579999605157
update-client,update,2.0520420000025297
update-client,update,3.2328750000374384
update-client,update,1.0817919999794867
update-client,update,0.7874170000263803
update-client,update,0.7669160000318698
update-client,update,1.1212499999828651
update-client,update,1.0107079999670532
update-client,update,0.679792000028101
update-client,update,0.7968749999918145
update-client,update,0.8112919999803125
update-client,update,0.8401669999784644
update-client,update,1.6721249999704924
update-client,update,0.9737499999573629
update-client,update,1.05433300001323
update-client,update,0.8705830000508286
update-client,update,1.0970829999905618
update-client,update,1.1077909999812618
update-client,update,1.9127499999740394
update-client,update,0.6594579999728012
update-client,update,1.2052079999875787
update-client,update,1.3342909999778385
update-client,update,0.6137500000136242
update-client,update,2.4450839999872187
update-client,update,1.1464999999475367
update-client,update,0.7767920000105732
update-client,update,0.6844170000022132
update-client,update,1.0151250000376422
update-client,update,0.9529160000170123
update-client,update,0.9184580000010101
update-client,update,0.6223340000133248
update-client,update,0.920040999972116
update-client,update,1.6381669999532278
update-client,update,1.3160000000311811
update-client,update,0.792665999995279
update-client,update,1.0728749999771026
update-client,update,0.5903339999804302
update-client,update,2.2048339999969357
update-client,update,1.528458999985105
update-client,update,1.1577909999687108
update-client,update,0.7282089999876007
update-client,update,0.9153340000125354
update-client,update,0.878250000027947
update-client,update,1.4263749999940956
update-client,update,0.8527079999680609
update-client,update,1.3140420000468112
update-client,update,1.1307919999694604
update-client,update,1.0943340000153512
update-client,update,1.300540999977784
update-client,update,1.9425000000410364
update-client,update,1.3824159999558105
update-client,update,1.3442089999671225
update-client,update,1.7101249999882384
update-client,update,0.8667079999895577
update-client,update,0.7113749999803076
update-client,update,0.6888750000371147
update-client,update,1.30325000003495
update-client,update,0.9577919999514961
update-client,update,1.3962920000381018
update-client,update,1.1757909999801086
update-client,update,1.211042000022644
update-client,update,1.2815829999794914
update-client,update,0.9893750000173895
update-client,update,0.7660409999630247
update-client,update,1.2939160000087213
update-client,update,0.9916250000401305
update-client,update,1.3845419999825026
update-client,update,1.865417000033176
update-client,update,1.4369159999887415
update-client,update,1.0960829999930866
update-client,update,0.8763330000078895
update-client,update,0.7227090000014869
update-client,update,1.3236670000082995
update-client,update,1.073125000004893
update-client,update,1.2655419999987316
update-client,update,0.937000000021726
update-client,update,0.6132499999580432
update-client,update,1.419958000042243
update-client,update,0.7715839999491436
update-client,update,1.0947920000035083
update-client,update,0.871958999994149
update-client,update,0.9087079999972048
update-client,update,0.9082089999878917
update-client,update,1.3563330000465612
update-client,update,0.7085000000301989
update-client,update,0.9693330000004607
update-client,update,0.625209000020277
update-client,update,0.7670840000173484
update-client,update,1.2211249999722895
update-client,update,1.8651670000053855
update-client,update,0.9773340000265307
update-client,update,1.0178750000022774
update-client,update,0.8559580000451206
update-client,update,1.6645410000251104
update-client,update,1.4901249999752508
update-client,update,1.251291000016863
update-client,update,1.2055419999796868
update-client,update,1.0235419999844453
update-client,update,0.9266249999768661
update-client,update,1.1266249999835054
update-client,update,1.7292919999931655
update-client,update,1.0074580000036804
update-client,update,0.6334579999816015
update-client,update,1.164832999961618
update-client,update,1.0399580000353126
update-client,update,0.6061249999902429
update-client,update,1.4526250000130858
update-client,update,1.1414159999958429
update-client,update,0.8485829999926864
update-client,update,0.8424170000012055
update-client,update,1.028625000003558
update-client,update,1.6132079999806592
update-client,update,0.9982089999880372
update-client,update,1.3322910000397314
update-client,update,0.9528749999958563
update-client,update,0.8294160000446027
update-client,update,1.33462500002679
update-client,update,0.6741669999996702
update-client,update,1.038749999963784
update-client,update,0.6355830000188689
update-client,update,0.5230839999512682
update-client,update,1.2041250000152104
update-client,update,1.0450409999975818
update-client,update,1.4591249999966749
update-client,update,1.0488339999596974
update-client,update,1.392375000023094
update-client,update,1.1720839999611599
update-client,update,0.9948750000035034
update-client,update,0.9737089999930504
update-client,update,1.0925419999807673
update-client,update,0.6899589999989075
update-client,update,1.4128329999607558
update-client,update,0.6441659999723015
update-client,update,0.8171249999691099
update-client,update,0.9259169999609185
update-client,update,0.8288340000035532
update-client,update,1.844167000001562
update-client,update,1.5132080000057613
update-client,update,1.3544160000265038
update-client,update,1.3786669999831247
update-client,update,2.1365420000165614
update-client,update,0.9507499999585889
update-client,update,1.4361249999979009
update-client,update,3.4307500000068103
update-client,update,2.149334000023373
update-client,update,0.7040419999952974
update-client,update,1.3833749999889733
update-client,update,1.0826249999809079
update-client,update,1.4079999999694337
update-client,update,1.0722079999823109
update-client,update,1.1044169999649966
update-client,update,1.0758750000263717
update-client,update,1.0049580000099922
update-client,update,3.203249999955915
update-client,update,0.9150829999953203
update-client,update,1.6692089999992277
update-client,update,0.9895840000240241
update-client,update,0.6460420000280465
update-client,update,0.5469579999726193
update-client,update,0.5941659999848525
update-client,update,0.8852909999745862
update-client,update,0.6197499999984757
update-client,update,0.5772920000026716
update-client,update,0.8480829999939488
update-client,update,1.0552919999895494
update-client,update,0.7679999999936626
update-client,update,1.1503750000088075
update-client,update,1.4039999999795327
update-client,update,1.0962499999891406
update-client,update,0.8460000000241052
update-client,update,0.9676670000544618
update-client,update,0.8601669999848127
update-client,update,2.378583999984585
update-client,update,0.9249579999845992
update-client,update,0.9179580000022725
update-client,update,0.5672919999710757
update-client,update,0.9072089999904165
update-client,update,0.8495829999901616
update-client,update,1.3122919999659644
update-client,update,0.6541250000395848
update-client,update,0.7601670000099148
update-client,update,1.3008329999593116
update-client,update,1.0312499999827196
update-client,update,0.9530830000130663
update-client,update,1.090083000008235
update-client,update,2.0767500000147265
update-client,update,1.5423329999748603
update-client,update,0.7900000000518048
update-client,update,1.4482909999742333
update-client,update,0.7552080000436945
update-client,update,1.3307909999866752
update-client,update,1.04145900002095
update-client,update,1.6780830000016067
update-client,update,1.232084000037048
update-client,update,1.2569159999884505
update-client,update,1.1279159999730837
update-client,update,1.4349580000043716
update-client,update,1.3329580000345231
update-client,update,1.1826249999558058
update-client,update,1.1021249999885185
update-client,update,1.463666999995894
update-client,update,1.9964579999509624
update-client,update,1.0268330000258175
update-client,update,0.924333000000388
update-client,update,0.7501249999677384
update-client,update,1.2495419999822843
update-client,update,1.6933329999915259
update-client,update,1.235624999992524
update-client,update,0.6232500000464825
update-client,update,0.9361250000097243
update-client,update,1.1017909999964104
update-client,update,1.0470830000031128
update-client,update,0.9965000000420332
update-client,update,0.9844580000049064
update-client,update,1.2250830000084534
update-client,update,0.7507499999519496
update-client,update,1.1503750000088075
update-client,update,2.042791999997462
update-client,update,1.070458000015151
update-client,update,0.9519159999626936
update-client,update,0.692084000036175
update-client,update,1.1687500000334694
update-client,update,1.2928329999795096
update-client,update,1.856541999984529
update-client,update,1.2847500000248147
update-client,update,1.5008749999765314
update-client,update,0.8448330000305759
update-client,update,0.9487909999847943
update-client,update,0.874250000038046
update-client,update,0.9398750000286782
update-client,update,1.0900839999976597
update-client,update,1.467458999968585
update-client,update,1.3179579999587077
update-client,update,1.269625000020369
update-client,update,0.978707999991002
update-client,update,0.5930840000019089
update-client,update,1.062124999975822
update-client,update,0.8389999999849351
update-client,update,1.0150829999702182
update-client,update,1.9649999999842294
update-client,update,1.4725419999876976
update-client,update,1.0106249999921602
update-client,update,1.1038330000019414
update-client,update,1.1431249999986903
update-client,update,1.1011670000016238
update-client,update,0.8600419999993392
update-client,update,0.9867499999813845
update-client,update,1.5945410000313132
update-client,update,2.1387909999930343
update-client,update,1.4273749999915708
update-client,update,1.6387919999942824
update-client,update,1.399415999969733
update-client,update,1.4040830000112692
update-client,update,2.075792000027832
update-client,update,0.8590830000230198
update-client,update,0.8978330000104506
update-client,update,0.6354160000228148
update-client,update,1.183708000041861
update-client,update,1.8463750000137225
update-client,update,1.1832910000180163
update-client,update,0.9323750000476139
update-client,update,1.528374999963944
update-client,update,0.8407919999626756
update-client,update,1.4862080000170863
update-client,update,1.7240419999779988
update-client,update,0.8664169999974547
update-client,update,0.7819589999940035
update-client,update,0.8867500000064865
update-client,update,1.9598339999902237
update-client,update,0.9458750000135296
update-client,update,1.028625000003558
update-client,update,0.9563329999764392
update-client,update,1.256541999964611
update-client,update,0.886916000013116
update-client,update,0.7660829999736052
update-client,update,1.1819580000178576
update-client,update,1.2566249999963475
update-client,update,1.7248330000256828
update-client,update,1.0002920000147242
update-client,update,0.7157910000046286
update-client,update,0.7879590000356984
update-client,update,1.4548749999789834
update-client,update,1.3332080000054702
update-client,update,0.8638329999826055
update-client,update,2.1570829999859598
update-client,update,1.4873339999894597
update-client,update,0.7591249999450156
update-client,update,0.8141669999872647
update-client,update,0.8165410000060547
update-client,update,0.966250000033142
update-client,update,0.7097920000092017
update-client,update,1.8006660000082775
update-client,update,0.7334999999670799
update-client,update,0.6198749999839492
update-client,update,0.8967500000380824
update-client,update,0.6411669999693004
update-client,update,1.2702500000045802
update-client,update,1.3104169999564874
update-client,update,0.7831249999981083
update-client,update,0.9263339999847631
update-client,update,0.7437919999802034
update-client,update,0.913707999984581
update-client,update,0.9947080000074493
update-client,update,0.8476250000057917
update-client,update,0.8624590000181342
update-client,update,0.6838330000391579
update-client,update,0.7455420000042068
update-client,update,0.8340420000081394
update-client,update,1.2450000000399086
update-client,update,0.9474999999952161
update-client,update,1.0500419999743826
update-client,update,0.9552079999934904
update-client,update,0.8234169999923324
update-client,update,1.194084000019302
update-client,update,0.6300839999653363
update-client,update,1.8559579999646303
update-client,update,1.0596249999821339
update-client,update,0.9207919999880687
update-client,update,0.7721250000258806
update-client,update,1.3830830000074457
update-client,update,0.7550000000264845
update-client,update,0.9774579999657362
update-client,update,1.1954999999943539
update-client,update,1.984625000034157
update-client,update,1.0926250000125037
update-client,update,0.9963339999785603
update-client,update,1.9534580000026835
update-client,update,1.3996669999869482
update-client,update,0.8635410000010779
update-client,update,0.7972079999944981
update-client,update,1.2979589999986274
update-client,update,1.1363749999873107
update-client,update,2.0548339999777454
update-client,update,0.8804169999621081
update-client,update,0.9456250000425825
update-client,update,1.9861659999946824
update-client,update,0.5786660000239863
update-client,update,0.5216659999973672
update-client,update,1.0554589999856034
update-client,update,1.967583000009654
update-client,update,0.5259999999793763
update-client,update,1.2705839999966884
update-client,update,1.4664170000173726
update-client,update,0.9663749999617721
update-client,update,0.9859169999799633
update-client,update,0.7386249999967731
update-client,update,0.8007079999856614
update-client,update,0.8235000000240689
update-client,update,0.9614170000418198
update-client,update,1.1647079999761445
update-client,update,1.2096670000119047
update-client,update,1.0524580000037531
update-client,update,0.5537920000051599
update-client,update,1.2388330000021597
update-client,update,1.2220410000054471
update-client,update,1.1921250000455075
update-client,update,1.1659160000476732
update-client,update,0.7836670000074264
update-client,update,1.5044999999531683
update-client,update,0.7713329999887719
update-client,update,0.9327910000251904
update-client,update,0.8510829999863745
update-client,update,1.2637500000209911
update-client,update,1.3037499999768443
update-client,update,0.9872079999695416
update-client,update,0.8296249999943939
update-client,update,0.6657499999960237
update-client,update,1.3680829999884736
update-client,update,1.1189999999601241
update-client,update,1.2531669999589212
update-client,update,1.3709589999848504
update-client,update,0.67754200000536
update-client,update,0.631666000003861
update-client,update,0.7782079999856251
update-client,update,1.3970839999615237
update-client,update,1.0964589999957752
update-client,update,0.8537499999761167
update-client,update,0.9882090000132848
update-client,update,0.9821250000072723
update-client,update,2.613624999980857
update-client,update,1.480833000016446
update-client,update,0.8106249999855208
update-client,update,0.8645000000342407
update-client,update,0.8226250000120672
update-client,update,2.1817909999981566
update-client,update,0.6457090000253629
update-client,update,0.9699170000203594
update-client,update,1.4127919999964433
update-client,update,0.94304099997089
update-client,update,1.1796250000202235
update-client,update,0.9889589999829695
update-client,update,1.4740830000050664
update-client,update,1.3240420000215636
update-client,update,2.256792000025598
update-client,update,3.1898330000217356
update-client,update,2.7046249999784777
update-client,update,1.0238749999871288
update-client,update,0.7177079999678426
update-client,update,1.1610829999995076
update-client,update,1.0656669999775659
update-client,update,0.9779170000001614
update-client,update,0.7355410000400298
update-client,update,1.2919999999780885
update-client,update,1.0607499999650827
update-client,update,1.6054580000286478
update-client,update,1.1150000000270666
update-client,update,0.9383750000324653
update-client,update,0.7308330000341812
update-client,update,0.7142090000229473
update-client,update,1.1992909999776202
update-client,update,1.409333000026436
update-client,update,0.8388329999888811
update-client,update,0.9419159999879412
update-client,update,1.0130419999541118
update-client,update,1.8702919999782353
update-client,update,1.2962920000063605
update-client,update,1.130666999983987
update-client,update,0.7372499999860338
update-client,update,1.4587910000045667
update-client,update,1.2670419999949445
update-client,update,0.767124999981661
update-client,update,0.7205839999642194
update-client,update,0.9462499999699503
update-client,update,1.147833000004539
update-client,update,1.2789159999897493
update-client,update,0.7576670000162267
update-client,update,0.6607500000086475
update-client,update,4.006249999974898
update-client,update,0.8107499999709944
update-client,update,0.9665840000252501
update-client,update,1.3621659999785152
update-client,update,1.5147080000019741
update-client,update,1.4699590000191165
update-client,update,0.6269169999768565
update-client,update,0.9175409999784279
update-client,update,1.1788749999936954
update-client,update,1.8136250000111431
update-client,update,1.2509999999679167
update-client,update,0.8134169999607366
update-client,update,1.0155410000152187
update-client,update,0.7544160000065858
update-client,update,2.2155830000087917
update-client,update,1.0309589999906166
update-client,update,0.6464589999950476
update-client,update,0.9748749999971551
update-client,update,1.0488339999596974
update-client,update,1.260833999992883
update-client,update,1.4733749999891188
update-client,update,0.5997079999815469
update-client,update,0.7982920000131344
update-client,update,0.5590420000203267
update-client,update,1.3909589999911987
update-client,update,1.2324170000397316
update-client,update,0.706916000012825
update-client,update,1.4517500000010841
update-client,update,0.9671660000094562
update-client,update,1.7218329999764137
update-client,update,1.0829579999835914
update-client,update,0.8176249999678475
update-client,update,1.0863340000355493
update-client,update,1.0949580000101378
update-client,update,1.0033330000283058
update-client,update,0.7928750000019136
update-client,update,0.7188749999613719
update-client,update,1.1641250000025138
update-client,update,1.2447080000015376
update-client,update,1.0906249999607098
update-client,update,1.0062500000458385
update-client,update,1.003665999974146
update-client,update,0.9810419999780606
update-client,update,0.9341669999685109
update-client,update,0.9760419999906844
update-client,update,1.2079589999984819
update-client,update,0.7133329999646776
update-client,update,0.8882500000026994
update-client,update,0.6057499999769789
update-client,update,1.1567920000175036
update-client,update,2.7322500000082073
update-client,update,1.2394579999863709
update-client,update,1.0247089999779746
update-client,update,1.5174160000128722
update-client,update,1.0815840000191201
update-client,update,0.7972920000156591
update-client,update,0.9298340000327698
update-client,update,0.9965830000169262
update-client,update,0.7752920000143604
update-client,update,0.7498339999756354
update-client,update,0.8240829999976995
update-client,update,0.945166999997582
update-client,update,2.113417000032314
update-client,update,1.2017079999964153
update-client,update,0.8824580000350579
update-client,update,1.3660829999935231
update-client,update,1.0320409999735602
update-client,update,0.7709580000323513
update-client,update,0.6382079999980306
update-client,update,0.9885839999697055
update-client,update,0.9118330000319474
update-client,update,0.8548330000053284
update-client,update,1.145166999947378
update-client,update,1.1256669999966107
update-client,update,1.9230409999977383
update-client,update,2.6814579999836496
update-client,update,1.3894159999949807
update-client,update,1.839791999998397
update-client,update,1.2434159999656913
update-client,update,0.938667000013993
update-client,update,1.2691669999753685
update-client,update,1.1859169999866026
update-client,update,1.0703330000296774
update-client,update,1.0868749999985994
update-client,update,1.177041999994799
update-client,update,0.8658339999669806
update-client,update,1.1487089999491218
update-client,update,0.6091670000500926
update-client,update,1.0280409999836593
update-client,update,1.047249999999167
update-client,update,1.146415999983219
update-client,update,1.1681659999567273
update-client,update,1.6180420000182494
update-client,update,0.7126250000055734
update-client,update,2.417792000017016
update-client,update,0.7504170000061094
update-client,update,1.0041670000191516
update-client,update,1.4395420000141712
update-client,update,1.0311250000540895
update-client,update,0.8087909999971998
update-client,update,1.102000000003045
update-client,update,1.1049159999743097
update-client,update,1.3102500000172768
update-client,update,0.9489169999596925
update-client,update,0.9194579999984853
update-client,update,0.8330420000106642
update-client,update,1.0262079999847629
update-client,update,1.2185829999680209
update-client,update,1.3507499999718675
update-client,update,1.6731249999679676
update-client,update,0.8956670000088707
update-client,update,0.8096660000092015
update-client,update,1.1614580000127717
update-client,update,2.495249999981297
update-client,update,0.6744160000380361
update-client,update,0.8560420000094382
update-client,update,1.0717079999835732
update-client,update,0.9029999999938809
update-client,update,1.45104200004198
update-client,update,1.2452909999751682
update-client,update,0.6858750000446889
update-client,update,1.66212499999574
update-client,update,2.403000000015254
update-client,update,0.8366659999978765
update-client,update,0.8163339999782693
update-client,update,0.7816660000230513
update-client,update,0.7132080000360475
update-client,update,0.9619999999586071
update-client,update,0.8197910000262709
update-client,update,1.14166599996679
update-client,update,0.7351250000056098
update-client,update,0.719375000016953
update-client,update,2.321749999964595
update-client,update,1.015666999990117
update-client,update,1.8632079999747475
update-client,update,1.518625000016982
update-client,update,1.0297500000433502
update-client,update,1.1021249999885185
update-client,update,0.6665419999762889
update-client,update,0.9294580000300812
update-client,update,0.8402500000102009
update-client,update,0.7047089999900891
update-client,update,0.970209000001887
update-client,update,0.944958999980372
update-client,update,1.108499999986634
update-client,update,1.1282910000431912
update-client,update,0.545957999975144
update-client,update,0.8062499999823558
update-client,update,0.7588330000203314
update-client,update,1.3941660000114098
update-client,update,1.3796669999806
update-client,update,1.4642080000157875
update-client,update,0.9259999999926549
update-client,update,0.6865409999932126
update-client,update,1.0887500000080763
update-client,update,1.9245830000045316
update-client,update,0.7822499999861066
update-client,update,0.6706670000085069
update-client,update,0.5801659999633557
update-client,update,1.5967909999972107
update-client,update,0.9284590000220305
update-client,update,0.5901250000306391
update-client,update,0.7190000000036889
update-client,update,0.9962500000142427
update-client,update,1.1696669999992082
update-client,update,0.6389160000139782
update-client,update,1.4865420000091945
update-client,update,1.1459170000307495
update-client,update,1.0129589999792188
update-client,update,0.8836669999823243
update-client,update,1.200415999960569
update-client,update,1.2943329999757225
update-client,update,1.1137079999912203
update-client,update,0.9655829999815069
update-client,update,1.6029170000138038
update-client,update,1.7396659999917574
update-client,update,1.4482079999993402
update-client,update,1.0202079999999114
update-client,update,1.2385420000100567
update-client,update,1.1300830000209316
update-client,update,1.047666999966168
update-client,update,0.7512920000181111
update-client,update,1.0427920000211088
update-client,update,1.108708000003844
update-client,update,0.9000420000120357
update-client,update,1.0488340000165408
update-client,update,0.7832910000047377
update-client,update,1.1194580000051246
update-client,update,1.090999999973974
update-client,update,0.9417499999813117
update-client,update,1.5236250000043583
update-client,update,0.8917920000044433
update-client,update,3.6531250000280124
update-client,update,0.9259579999820744
update-client,update,1.0807080000176938
update-client,update,0.8306670000024496
update-client,update,1.2454170000069098
update-client,update,0.746750000018892
update-client,update,0.9549590000119679
update-client,update,1.0708329999715716
update-client,update,1.0418749999985266
update-client,update,1.672541999994337
update-client,update,0.9522500000116452
update-client,update,0.8688329999699818
update-client,update,1.1632090000261996
update-client,update,1.5710840000338067
update-client,update,0.822083000002749
update-client,update,0.9142090000295866
update-client,update,1.166542000021309
update-client,update,1.0602090000020326
update-client,update,1.4692910000349002
update-client,update,1.0526249999998072
update-client,update,1.8334170000002814
update-client,update,2.894209000032788
update-client,update,1.4187500000275577
update-client,update,1.1379169999941041
update-client,update,0.8439580000185742
update-client,update,0.830249999978605
update-client,update,1.4124999999580723
update-client,update,1.2014160000148877
update-client,update,1.7080409999721269
update-client,update,1.852459000019735
update-client,update,1.1590420000402446
update-client,update,0.7359580000070309
update-client,update,1.3436660000252232
update-client,update,1.8251249999821084
update-client,update,1.6212499999710417
update-client,update,0.7327089999762393
update-client,update,1.1971670000434642
update-client,update,1.1141250000150649
update-client,update,0.8697500000494074
update-client,update,1.059709000003295
update-client,update,0.7884589999775926
update-client,update,0.9714579999808848
update-client,update,1.159999999970296
update-client,update,1.33658300001116
update-client,update,1.070124999955624
update-client,update,0.9358340000176213
update-client,update,1.1864579999496527
update-client,update,0.8895830000028582
update-client,update,1.679249999995136
update-client,update,1.3686670000083723
update-client,update,1.2716669999690566
update-client,update,0.8679580000148235
update-client,update,0.8973340000011376
update-client,update,2.792499999998199
update-client,update,0.7226250000371692
update-client,update,0.7940840000060234
update-client,update,0.8015419999765072
update-client,update,0.7327920000079757
update-client,update,0.6513749999612628
update-client,update,1.6337910000174816
update-client,update,1.2944169999968835
update-client,update,1.1558749999949214
update-client,update,0.7188750000182154
update-client,update,1.3120419999950172
update-client,update,1.0130000000003747
update-client,update,0.5016250000267064
update-client,update,1.2645410000118318
update-client,update,0.7510830000114765
update-client,update,0.5894580000358474
update-client,update,0.8722089999650962
update-client,update,1.5867089999801465
update-client,update,2.244667000013578
update-client,update,0.823333999960596
update-client,update,0.7746669999733058
update-client,update,1.0669579999671441
update-client,update,1.0895000000346045
update-client,update,1.018084000008912
update-client,update,1.4942919999612059
update-client,update,0.8453749999830507
update-client,update,1.1801670000295417
update-client,update,0.9617079999770795
update-client,update,0.8120830000279966
update-client,update,1.4165419999585538
update-client,update,1.4995839999869531
update-client,update,0.5977079999865964
update-client,update,1.059915999974237
update-client,update,0.8217089999789096
update-client,update,0.965749999977561
update-client,update,1.0248329999740236
update-client,update,1.2641249999774118
update-client,update,1.020250000010492
update-client,update,1.1640829999919333
update-client,update,0.7347080000386086
update-client,update,0.7904579999831185
update-client,update,1.2684170000056838
update-client,update,0.8576249999805441
update-client,update,1.7070000000103391
update-client,update,0.7949999999823376
update-client,update,1.076832999956423
update-client,update,1.4474590000190801
update-client,update,1.0868329999880189
update-client,update,0.8437500000013642
update-client,update,1.4432919999762817
update-client,update,1.2027919999582082
update-client,update,0.8874999999761712
update-client,update,1.2268749999861939
update-client,update,1.2217080000027636
update-client,update,0.6977499999720749
update-client,update,0.8872500000052241
update-client,update,0.864000000035503
update-client,update,0.9103330000357346
update-client,update,0.9500000000457476
update-client,update,1.886084000034316
update-client,update,0.8733750000260443
update-client,update,1.5344999999911124
update-client,update,1.3744999999971697
update-client,update,1.4702089999900636
update-client,update,1.091292000012345
update-client,update,1.1344590000135213
update-client,update,0.7327080000436581
update-client,update,1.0384169999611004
update-client,update,1.095292000002246
update-client,update,2.265416999989611
update-client,update,0.861540999949284
update-client,update,0.888958000018647
update-client,update,0.8733750000260443
update-client,update,1.1844170000472332
update-client,update,1.7029999999635947
update-client,update,1.008333000015682
update-client,update,0.8486250000032669
update-client,update,0.9834159999968506
update-client,update,1.014583000028324
update-client,update,1.2757079999801135
update-client,update,0.9066659999916737
update-client,update,1.2269999999716674
update-client,update,1.3287499999705688
update-client,update,1.1743329999944763
update-client,update,0.9552079999934904
update-client,update,1.8435840000279313
update-client,update,0.7806670000150007
update-client,update,0.847125000007054
update-client,update,0.8375830000204587
update-client,update,0.6520000000023174
update-client,update,1.1016660000109368
update-client,update,0.9975830000144015
update-client,update,0.9357079999858797
update-client,update,1.5967500000328982
update-client,update,0.9263339999847631
update-client,update,1.0779170000319027
update-client,update,1.1957909999864569
update-client,update,0.7766249999576758
update-client,update,0.9801250000123218
update-client,update,1.0493329999690104
update-client,update,0.9170000000153777
update-client,update,0.6657910000171796
update-client,update,1.6094169999973928
update-client,update,1.76325000001043
update-client,update,0.8949169999823425
update-client,update,1.229416000001038
update-client,update,0.9885840000265489
update-client,update,0.8860420000473823
update-client,update,0.7376249999992979
update-client,update,1.0842500000194377
update-client,update,1.1645409999800904
update-client,update,0.719750000030217
update-client,update,1.9977080000330716
update-client,update,2.3639170000251397
update-client,update,1.1314590000210956
update-client,update,0.8578749999514912
update-client,update,2.2902910000084375
update-client,update,0.8653749999893989
update-client,update,0.7096670000237282
update-client,update,0.8125420000055783
update-client,update,0.7642909999958647
update-client,update,1.550208000026032
update-client,update,1.0043750000363616
update-client,update,1.0305839999773525
update-client,update,0.8521250000512737
update-client,update,1.5205419999801961
update-client,update,0.8120420000068407
update-client,update,0.7299580000221795
update-client,update,0.7983329999774469
update-client,update,2.6675839999938944
update-client,update,1.1066669999877377
update-client,update,0.9856249999984357
update-client,update,0.7650409999655494
update-client,update,1.5173329999811358
update-client,update,1.2404169999626902
update-client,update,1.8788749999885113
update-client,update,0.9517500000129075
update-client,update,0.7047919999649821
update-client,update,1.2718749999862666
update-client,update,1.1340830000108326
update-client,update,0.8170829999585294
update-client,update,1.0904170000003433
update-client,update,0.8479589999978998
update-client,update,1.3723750000167456
update-client,update,0.9467079999581074
update-client,update,1.0570420000135528
update-client,update,0.9004159999790318
update-client,update,0.6249579999462185
update-client,update,1.1869580000052338
update-client,update,2.286125000011907
update-client,update,1.8878750000226319
update-client,update,1.7403749999971296
update-client,update,2.43716699998231
update-client,update,0.9387919999994665
update-client,update,0.8214160000079573
update-client,update,0.8086660000117263
update-client,update,0.9541669999748592
update-client,update,0.8547919999841724
update-client,update,1.0927920000085578
update-client,update,0.7873330000052192
update-client,update,1.0587079999595517
update-client,update,1.168875000018943
update-client,update,1.1189159999958065
update-client,update,1.3837909999665499
update-client,update,1.3870829999973466
update-client,update,0.7625829999824418
update-client,update,0.9495420000007471
update-client,update,2.5396670000077393
update-client,update,1.0956250000049295
update-client,update,0.8849579999719026
update-client,update,0.7965830000102869
update-client,update,0.8846660000472184
update-client,update,0.970209000001887
update-client,update,1.2023329999806265
update-client,update,0.9674580000478272
update-client,update,0.9718329999941488
update-client,update,1.1804999999753818
update-client,update,1.5425830000026508
update-client,update,1.7494169999849873
update-client,update,1.5195830000038768
update-client,update,1.3077919999773258
update-client,update,0.7268749999980173
update-client,update,2.357249999988653
update-client,update,1.272959000004903
update-client,update,0.8756249999919419
update-client,update,1.26466699998673
update-client,update,0.826000000017757
update-client,update,1.1097500000118998
update-client,update,1.017999999987751
update-client,update,1.1197090000223398
update-client,update,0.9314999999787688
update-client,update,1.971958000012819
update-client,update,1.6523749999919346
update-client,update,0.955625000017335
update-client,update,0.9456249999857391
update-client,update,0.7140420000268932
update-client,update,0.9059170000114136
update-client,update,1.3944579999929374
update-client,update,0.7735840000009375
update-client,update,1.1171250000074906
update-client,update,0.743916999965677
update-client,update,0.7870840000236967
update-client,update,1.0074159999930998
update-client,update,0.6158749999940483
update-client,update,0.8312080000223432
update-client,update,0.8464169999911064
update-client,update,0.8884169999987535
update-client,update,0.7317920000105005
update-client,update,0.7581670000149643
update-client,update,1.2420840000118005
update-client,update,0.7713749999993524
update-client,update,0.9385420000285194
update-client,update,0.6962500000327054
update-client,update,0.6529170000248996
update-client,update,1.191875000017717
update-client,update,1.4118750000307045
update-client,update,0.9970419999945079
update-client,update,0.7445000000529944
update-client,update,0.9606660000258671
update-client,update,1.4029999999820575
update-client,update,1.911209000013514
update-client,update,0.9603340000126082
update-client,update,1.5209999999683532
update-client,update,0.7829170000377417
update-client,update,0.6048750000218206
update-client,update,1.1182089999692835
update-client,update,1.2340000000108375
update-client,update,0.7137919999991027
update-client,update,0.7987500000012915
update-client,update,0.8752080000249407
update-client,update,1.7611249999731626
update-client,update,1.3611250000167274
update-client,update,0.963583999975981
update-client,update,0.683916000014051
update-client,update,0.9255000000507607
update-client,update,0.9647920000475096
update-client,update,1.877707999994982
update-client,update,1.2252500000045075
update-client,update,1.4558749999764586
update-client,update,0.7858750000195869
update-client,update,1.2477910000256998
update-client,update,1.2732079999864254
update-client,update,0.6293330000062269
update-client,update,1.0294999999587162
update-client,update,0.7843330000127935
update-client,update,1.0325419999617225
update-client,update,0.8092910000527809
update-client,update,1.1139169999978549
update-client,update,0.6922090000216485
update-client,update,0.6570840000108547
update-client,update,1.0070420000261038
update-client,update,1.2533749999761312
update-client,update,1.2226249999685024
update-client,update,1.5132920000269223
update-client,update,0.8541249999893807
update-client,update,1.0155420000046433
update-client,update,2.2754999999961
update-client,update,1.5238330000215683
update-client,update,4.687499999988631
update-client,update,1.8100000000345062
update-client,update,2.47587499995916
update-client,update,0.918084000034014
update-client,update,0.7834580000007918
update-client,update,0.6982920000382364
update-client,update,0.9307920000196646
update-client,update,2.2973330000013448
update-client,update,0.9865410000315933
update-client,update,0.9369590000005701
update-client,update,0.7411249999904612
update-client,update,1.861582999993061
update-client,update,0.7057079999981397
update-client,update,1.0112920000437953
update-client,update,1.1301669999852493
update-client,update,2.232959000025403
update-client,update,0.8884580000199094
update-client,update,1.4866670000515114
update-client,update,1.7320000000040636
update-client,update,1.8367080000416536
update-client,update,1.2810839999701784
update-client,update,1.1097500000118998
update-client,update,0.8957919999943442
update-client,update,1.4140410000322845
update-client,update,2.1863329999973757
update-client,update,1.2006659999883595
update-client,update,1.1438750000252185
update-client,update,0.8662079999908201
update-client,update,0.9610829999928683
update-client,update,0.7220409999604271
update-client,update,1.0325830000397218
update-client,update,1.373999999998432
update-client,update,1.4982499999973697
update-client,update,0.9888750000186519
update-client,update,0.7964999999785505
update-client,update,1.0395420000008926
update-client,update,1.0105420000172671
update-client,update,0.6401669999718251
update-client,update,1.348957999994127
update-client,update,1.0784159999843723
update-client,update,1.1319170000092527
update-client,update,1.191458999983297
update-client,update,1.36816600002021
update-client,update,0.7516660000419506
update-client,update,1.6722089999916534
update-client,update,1.0160830000245369
update-client,update,1.0720000000219443
update-client,update,0.888750000001437
update-client,update,0.9780839999962154
update-client,update,0.9001249999869287
update-client,update,2.06833300001108
update-client,update,1.3190409999879193
update-client,update,0.9781250000173713
update-client,update,1.5578330000494134
update-client,update,0.9087089999866294
update-client,update,0.9385000000179389
update-client,update,1.505665999957273
update-client,update,3.539000000046144
update-client,update,1.0514170000419654
update-client,update,0.9855829999878551
update-client,update,1.2454169999500664
update-client,update,1.1930829999755588
update-client,update,1.7255000000204745
update-client,update,0.9139580000123715
update-client,update,0.7952500000101281
update-client,update,1.325374999964879
update-client,update,0.8653749999893989
update-client,update,0.8687920000056693
update-client,update,1.1865419999708138
update-client,update,0.8746249999944666
update-client,update,1.0420000000408436
update-client,update,0.6164999999782594
update-client,update,1.1381250000113141
update-client,update,1.3549590000252465
update-client,update,0.8889169999974911
update-client,update,0.9049999999888314
update-client,update,0.9442079999644193
update-client,update,1.5794170000162921
update-client,update,0.7084580000196183
update-client,update,1.4817079999716043
update-client,update,0.8628749999957108
update-client,update,0.7548330000304304
update-client,update,0.8619999999837091
update-client,update,1.3322500000185755
update-client,update,0.9525829999574853
update-client,update,0.8694160000004558
update-client,update,0.7534999999734282
update-client,update,1.4617089999546806
update-client,update,1.1137080000480637
update-client,update,1.6605000000140535
update-client,update,0.8335829999737143
update-client,update,0.8716670000126214
update-client,update,0.9315409999999247
update-client,update,0.9287500000141335
update-client,update,1.8876660000159973
update-client,update,1.2092499999880602
update-client,update,1.0280000000193468
update-client,update,0.8517499999811662
update-client,update,1.1276249999809806
update-client,update,0.7393330000127207
update-client,update,1.1577910000255542
update-client,update,0.6637910000222291
update-client,update,0.8228749999830143
update-client,update,1.464042000009158
update-client,update,1.0680409999963558
update-client,update,1.08570800000507
update-client,update,1.1722500000246328
update-client,update,0.7765420000396261
update-client,update,0.9756249999668398
update-client,update,0.6266660000164848
update-client,update,1.461917000028734
update-client,update,1.079000000004271
update-client,update,0.7434170000237827
update-client,update,0.9684590000347271
update-client,update,0.8563750000121217
update-client,update,1.3558750000015607
update-client,update,1.5739579999944908
update-client,update,1.23229100000799
update-client,update,1.5219169999909354
update-client,update,0.8649999999761349
update-client,update,0.987082999984068
update-client,update,1.0356670000533086
update-client,update,1.389000000017404
update-client,update,0.9463330000016867
update-client,update,0.8965000000102918
update-client,update,0.8687910000162447
update-client,update,1.6875840000238895
update-client,update,1.1702919999834194
update-client,update,1.3021249999951579
update-client,update,0.844707999988259
update-client,update,0.7889579999869056
update-client,update,1.5725419999625956
update-client,update,1.7305420000184313
update-client,update,0.8149169999569494
update-client,update,1.1175419999744918
update-client,update,0.9699999999952524
update-client,update,0.817707999999584
update-client,update,0.8541249999893807
update-client,update,0.9538749999933316
update-client,update,0.9323749999907704
update-client,update,0.9873340000012831
update-client,update,1.5063330000089081
update-client,update,0.8819999999900574
update-client,update,1.1895829999843954
update-client,update,1.8157499999915672
update-client,update,2.062249999994492
update-client,update,1.5403329999799098
update-client,update,1.0458749999884276
update-client,update,1.1569590000135577
update-client,update,0.9855829999878551
update-client,update,2.209125000035783
update-client,update,0.8640830000103961
update-client,update,0.8872910000263801
update-client,update,0.8589999999912834
update-client,update,0.9069590000194694
update-client,update,0.7841249999955835
update-client,update,2.4059159999865187
update-client,update,1.7429590000119788
update-client,update,0.7857499999772699
update-client,update,1.1643330000197238
update-client,update,1.1278749999519277
update-client,update,0.9819999999649554
update-client,update,1.3803339999753916
update-client,update,0.8272919999967598
update-client,update,1.1178330000234382
update-client,update,0.9104999999749452
update-client,update,0.9774579999657362
update-client,update,1.7000410000491684
update-client,update,1.0340829999790913
update-client,update,0.989250000031916
update-client,update,0.8400000000392538
update-client,update,1.0144999999965876
update-client,update,0.8537499999761167
update-client,update,0.7109169999921505
update-client,update,1.3414580000130627
update-client,update,1.0827080000126443
update-client,update,0.7199589999800082
update-client,update,1.1938339999915115
update-client,update,0.9543330000383321
update-client,update,2.6516670000091835
update-client,update,1.62954099999979
update-client,update,0.6774159999736185
update-client,update,1.4936249999664142
update-client,update,0.985124999999698
update-client,update,1.6049580000299102
update-client,update,1.0484999999675892
update-client,update,0.8978330000104506
update-client,update,1.4719170000034865
update-client,update,2.321000000051754
update-client,update,1.7130420000057711
update-client,update,1.3643750000369437
update-client,update,1.304709000010007
update-client,update,1.6912080000111018
update-client,update,0.9563750000438631
update-client,update,1.1894589999883465
update-client,update,0.7448329999988346
update-client,update,0.5342499999869688
update-client,update,0.8402090000458884
update-client,update,0.7933340000363387
update-client,update,0.8965409999746043
update-client,update,1.468250000016269
update-client,update,1.2806659999569092
update-client,update,0.7333339999604505
update-client,update,1.2257909999675576
update-client,update,1.4195840000184035
update-client,update,0.9591249999516549
update-client,update,1.5830420000497725
update-client,update,0.9713329999954112
update-client,update,1.0098340000013195
update-client,update,1.6090409999947042
update-client,update,1.4180000000010295
update-client,update,1.7792090000057215
update-client,update,1.182000000028438
update-client,update,0.788958000043749
update-client,update,1.0163339999849086
update-client,update,1.2208339999801865
update-client,update,0.9481669999900078
update-client,update,0.7616249999955471
update-client,update,0.73154199998271
update-client,update,0.714874999971471
update-client,update,0.9259580000389178
update-client,update,1.3469579999991765
update-client,update,0.7945410000047559
update-client,update,1.2848749999534448
update-client,update,1.108499999986634
update-client,update,1.1205000000131804
update-client,update,0.6154999999807842
update-client,update,0.8547500000304353
update-client,update,0.8513329999573216
update-client,update,0.775707999991937
update-client,update,0.9457499999712127
update-client,update,1.706458000001021
update-client,update,0.9720830000219394
update-client,update,1.6797499999938736
update-client,update,2.226249999978336
update-client,update,0.8756670000025224
update-client,update,0.7848329999546877
update-client,update,1.044791999959216
update-client,update,0.8565410000187512
update-client,update,1.205083000002105
update-client,update,0.6822920000217891
update-client,update,1.041750000013053
update-client,update,1.4413750000130676
update-client,update,1.551584000026196
update-client,update,1.2681250000241562
update-client,update,1.0711250000099426
update-client,update,1.9451669999739352
update-client,update,1.3054169999691112
update-client,update,2.691416000004665
update-client,update,1.3351250000255277
update-client,update,0.8863330000394853
update-client,update,1.4656660000014199
update-client,update,1.101624999989781
update-client,update,0.6130419999976766
update-client,update,0.9129580000148962
update-client,update,1.0819159999755357
update-client,update,0.7185829999798443
update-client,update,1.0932079999861344
update-client,update,95.31279200001563
update-client,update,3.888457999948969
update-client,update,1.4964169999984733
update-client,update,1.0932910000178708
update-client,update,5.10495800000399
update-client,update,3.173708000019815
update-client,update,2.058000000033644
update-client,update,1.9115420000161976
update-client,update,1.8707919999769729
update-client,update,1.6125409999858675
update-client,update,1.271374999987529
update-client,update,1.1517080000089663
update-client,update,1.3862499999959255
update-client,update,1.4186249999852407
update-client,update,0.8600419999993392
update-client,update,0.9386250000034124
update-client,update,2.5330409999924086
update-client,update,2.001416000041445
update-client,update,1.2119169999778023
update-client,update,1.028332999965187
update-client,update,0.7384159999901385
update-client,update,1.0041670000191516
update-client,update,1.3562090000505123
update-client,update,1.430416999994577
update-client,update,0.8402090000458884
update-client,update,0.9203750000210675
update-client,update,1.9200839999484742
update-client,update,1.9256669999663245
update-client,update,1.3169580000180758
update-client,update,0.9146660000283191
update-client,update,0.8299579999970774
update-client,update,0.9239999999977044
update-client,update,1.038749999963784
update-client,update,0.8149580000349488
update-client,update,1.6690420000031736
update-client,update,1.096333000020877
update-client,update,1.0106670000027407
update-client,update,0.8317079999642374
update-client,update,1.2829170000259182
update-client,update,1.043041999992056
update-client,update,0.7188749999613719
update-client,update,1.1159999999676984
update-client,update,1.0541250000528635
update-client,update,1.1559580000266578
update-client,update,1.049999999963802
update-client,update,1.2414590000275894
update-client,update,0.8592080000084934
update-client,update,1.4063339999665914
update-client,update,1.0152919999768528
update-client,update,0.7521670000301128
update-client,update,1.4227079999500347
update-client,update,0.7112089999736781
update-client,update,0.7916669999872283
update-client,update,0.828333000015391
update-client,update,0.8587919999740734
update-client,update,1.9540000000120017
update-client,update,1.396791999979996
update-client,update,2.16708400000698
update-client,update,0.89704200001961
update-client,update,1.3830000000325526
update-client,update,1.2711249999597385
update-client,update,0.9872499999801221
update-client,update,0.8412500000076761
update-client,update,0.6305419999534934
update-client,update,1.3663750000318942
update-client,update,1.0184999999864885
update-client,update,0.9941669999875558
update-client,update,0.7312079999906018
update-client,update,0.5972499999984393
update-client,update,1.1923750000164546
update-client,update,1.528749999977208
update-client,update,1.6941249999717911
update-client,update,1.1806669999714359
update-client,update,0.941375000024891
update-client,update,1.1485410000204865
update-client,update,1.160459000004721
update-client,update,0.9900000000016007
update-client,update,0.6803329999911512
update-client,update,0.8080829999812522
update-client,update,0.7918750000044383
update-client,update,1.5042090000179087
update-client,update,1.0566670000002887
update-client,update,1.2451249999685388
update-client,update,0.7009999999922911
update-client,update,1.9500829999969937
update-client,update,1.4312499999959982
update-client,update,0.7349589999989803
update-client,update,0.8642500000064501
update-client,update,1.1612090000312492
update-client,update,1.6672080000148526
update-client,update,1.1107920000199556
update-client,update,1.0931670000218219
update-client,update,0.8595420000006015
update-client,update,0.7244169999580663
update-client,update,0.9228339999935997
update-client,update,1.2467919999608057
update-client,update,1.5124170000149206
update-client,update,1.125166999997873
update-client,update,0.7542920000105369
update-client,update,1.4952920000155245
update-client,update,0.8859590000156459
update-client,update,0.691874999972697
update-client,update,0.8225830000014867
update-client,update,0.7688750000056643
update-client,update,1.6239999999925203
update-client,update,1.045834000024115
update-client,update,1.051791999998386
update-client,update,1.2527920000025006
update-client,update,1.1485419999530677
update-client,update,0.7575420000307531
update-client,update,0.6864590000077442
update-client,update,0.64595899999631
update-client,update,0.6694169999832411
update-client,update,1.1427090000211138
update-client,update,2.537958000004892
update-client,update,0.8332909999921867
update-client,update,0.913499999967371
update-client,update,0.9237079999593334
update-client,update,2.107375000036882
update-client,update,0.880457999983264
update-client,update,0.8620829999586022
update-client,update,0.8857500000090113
update-client,update,0.6380419999914011
